date,district,state,commodity,modal_price,arrivals_qtl,rainfall_mm,t_max,t_min,rh_pct,soil_moisture_z,ndvi,is_closed_day,modal_price_winsorized_robust,arrivals_clean_robust,rainfall_mm_robust,ndvi_clean_robust,soil_moisture_z_robust
2024-01-01,Karnal,Haryana,Wheat,2623.87,1346.0,0.0,18.82,9.06,36.9,-0.592,0.2531955321736268,False,0.00016570356332677591,-0.056495575221238895,0.0,-0.14788112420768357,-0.16741348078939838
2024-01-02,Karnal,Haryana,Wheat,2318.81,953.9,0.0,21.35,6.72,33.1,-0.478,0.2617484731576596,False,-0.14222733595347226,-0.15743845534995973,0.0,-0.12390275340719752,-0.08046524930879967
2024-01-03,Karnal,Haryana,Wheat,2073.22,887.0,0.0,20.3,7.18,26.1,-0.548,0.27038445268527883,False,-0.25686152783353094,-0.1746613032984714,0.0,-0.09969158210071417,-0.133854514253027
2024-01-04,Karnal,Haryana,Wheat,2146.26,893.3,0.0,19.65,7.62,39.6,-0.443,0.27910279230810947,False,-0.22276860314229951,-0.17303942075623488,0.0,-0.07524951233417727,-0.053770616836686054
2024-01-05,Karnal,Haryana,Wheat,2384.21,2313.2,38.51,17.6,8.14,43.4,0.318,0.28790281357777614,False,-0.11170053865327338,0.1925020112630732,38.51,-0.05057844615353145,0.5266469634855563
2024-01-06,Karnal,Haryana,Wheat,2553.59,1813.5,0.0,17.55,6.28,38.7,0.216,0.2967838380459039,False,-0.03263893426936385,0.06385840707964606,0.0,-0.025680285604720132,0.44885117742396796
2024-01-07,Karnal,Haryana,Wheat,2553.59,0.0,19.04,17.06,7.93,34.4,0.536,0.30574518726411753,True,-0.03263893426936385,-0.4030120675784392,19.04,-0.0005569327336876601,0.6929163885975784
2024-01-08,Karnal,Haryana,Wheat,2375.77,563.7,0.0,20.65,6.4,29.5,0.311,0.31478618278404175,False,-0.11564008252504218,-0.2578921962992759,0.0,0.024789710413621616,0.5213080369911335
2024-01-09,Karnal,Haryana,Wheat,2140.36,1485.8,0.0,19.42,7.68,39.3,0.142,0.3239061461573015,False,-0.22552254968773033,-0.02050522928399031,0.0,0.050357741791263975,0.3924110973400705
2024-01-10,Karnal,Haryana,Wheat,2404.92,1460.6,0.0,19.86,7.86,36.7,0.02,0.3331043989355215,False,-0.1020337195082104,-0.02699275945293642,0.0,0.07614525935329491,0.29936123558013156
2024-01-11,Karnal,Haryana,Wheat,2201.87,778.9,0.0,16.74,7.52,32.8,-0.138,0.3423802626703268,False,-0.19681149002511225,-0.2024907481898632,0.0,0.10215036105377087,0.17885403756316137
2024-01-12,Karnal,Haryana,Wheat,2427.29,1337.1,0.0,20.98,8.06,36.8,-0.241,0.35173305891334206,False,-0.09159206116561949,-0.05878680611423972,0.0,0.1283711448467475,0.10029554771665554
2024-01-13,Karnal,Haryana,Wheat,2181.82,1769.6,0.0,20.33,6.47,30.2,-0.46,0.3611621092161922,False,-0.20617024057356756,0.052556717618664546,0.0,0.15480570868628074,-0.06673658118028412
2024-01-14,Karnal,Haryana,Wheat,2181.82,0.0,0.0,17.52,7.3,35.6,-0.465,0.37066673513050197,True,-0.20617024057356756,-0.4030120675784392,0.0,0.18145215052642644,-0.07055010010487178
2024-01-15,Karnal,Haryana,Wheat,2614.2,971.9,0.0,17.36,8.23,35.6,-0.438,0.3802462582078963,False,-0.004347968147574218,-0.15280450522928396,0.0,0.20830856832124067,-0.04995709791209839
2024-01-16,Karnal,Haryana,Wheat,2310.71,1244.0,0.0,17.35,5.88,33.1,-0.462,0.3899,False,-0.14600817782092804,-0.08275462590506834,0.0,0.2353730600247793,-0.06826198875011918
2024-01-17,Karnal,Haryana,Wheat,2362.43,1606.4,0.0,17.89,7.67,30.8,-0.372,0.39962728205843795,False,-0.12186680234132134,0.01054223652453748,0.0,0.2626437235910983,0.00038135189245876665
2024-01-18,Karnal,Haryana,Wheat,2548.48,1277.0,0.0,18.87,7.1,35.4,-0.389,0.40942742593483483,False,-0.03502413204006752,-0.0742590506838294,0.0,0.2901186569742532,-0.0125846124511393
2024-01-19,Karnal,Haryana,Wheat,2734.91,1951.6,0.0,18.45,5.83,34.7,-0.377,0.4192997531808157,False,0.051995911089535926,0.09941110217216415,0.0,0.3177959581283006,-0.0034321670321288997
2024-01-20,Karnal,Haryana,Wheat,2492.84,1454.9,0.0,17.81,6.82,32.7,-0.36,0.4292435853480052,False,-0.0609952482752825,-0.028460176991150374,0.0,0.3456737250072959,0.009533797311469167
2024-01-21,Karnal,Haryana,Wheat,2492.84,0.0,0.0,19.26,8.59,29.8,-0.588,0.4392582439880283,True,-0.0609952482752825,-0.4030120675784392,0.0,0.37375005556529517,-0.16436266564972826
2024-01-22,Karnal,Haryana,Wheat,2442.09,1716.1,0.0,17.13,5.72,35.1,-0.595,0.44934305065250973,False,-0.08468385627199643,0.03878358809332263,0.0,0.4020230477563542,-0.16970159214415098
2024-01-23,Karnal,Haryana,Wheat,2298.42,894.7,0.0,17.83,6.82,32.7,-0.712,0.45949732689307443,False,-0.15174478850624062,-0.17267900241351564,0.0,0.43049079953452923,-0.2589379349795023
2024-01-24,Karnal,Haryana,Wheat,2360.0,1336.7,0.0,18.18,7.86,29.8,-0.802,0.4697203942613472,False,-0.12300105490155802,-0.058889782783588036,0.0,0.45915140885387595,-0.3275812756220803
2024-01-25,Karnal,Haryana,Wheat,2380.51,1183.1,0.0,18.6,8.56,35.2,-0.871,0.48001157430895286,False,-0.11342758987667904,-0.09843282381335476,0.0,0.48800297366845036,-0.38020783678139
2024-01-26,Karnal,Haryana,Wheat,2380.51,0.0,0.0,20.1,6.28,43.0,-0.89,0.49037018858751624,False,-0.11342758987667904,-0.4030120675784392,0.0,0.5170435919323082,-0.39469920869482317
2024-01-27,Karnal,Haryana,Wheat,2356.69,1606.7,0.0,17.49,6.92,33.2,-0.847,0.5007955586486622,False,-0.12454606559060476,0.010619469026548731,0.0,0.5462713615995056,-0.3619029459433692
2024-01-28,Karnal,Haryana,Wheat,2356.69,0.0,0.0,18.93,7.25,42.5,-0.823,0.5112870060440156,True,-0.12454606559060476,-0.4030120675784392,0.0,0.5756843806240984,-0.3435980551053484
2024-01-29,Karnal,Haryana,Wheat,2451.43,902.0,0.0,19.31,6.01,45.6,-0.828,0.5218438523252013,False,-0.08032421885939937,-0.17079967819790823,0.0,0.6052807469601428,-0.34741157402993605
2024-01-30,Karnal,Haryana,Wheat,2435.43,823.4,0.0,16.89,6.42,30.2,-0.789,0.5324654190438439,False,-0.08779254847412692,-0.19103459372485918,0.0,0.6350585585616941,-0.31766612641815234
2024-01-31,Karnal,Haryana,Wheat,2112.38,1639.0,0.0,19.45,8.68,35.0,-0.75,0.5431510277515685,False,-0.23858279110148514,0.018934835076428045,0.0,0.6650159133828086,-0.28792067880636857
2024-02-01,Karnal,Haryana,Wheat,2593.59,1170.2,0.0,17.52,8.16,45.5,-0.737,0.5539,False,-0.013968110232544986,-0.10175382139983905,0.0,0.6951509093775423,-0.2780055296024406
2024-02-02,Karnal,Haryana,Wheat,2575.73,1946.2,0.0,17.09,8.43,34.4,-0.857,0.5650742752427848,False,-0.02230463316498467,0.09802091713596144,0.0,0.7264782522995145,-0.36952998379254454
2024-02-03,Karnal,Haryana,Wheat,2331.29,890.6,0.0,21.12,6.74,35.2,-0.903,0.5769410246350752,False,-0.13640203885398478,-0.17373451327433623,0.0,0.7597469627531457,-0.404614357898751
2024-02-04,Karnal,Haryana,Wheat,2331.29,0.0,0.0,21.24,9.28,26.6,-0.897,0.5893574172807552,True,-0.13640203885398478,-0.4030120675784392,0.0,0.7945566109686957,-0.4000381351892458
2024-02-05,Karnal,Haryana,Wheat,2307.18,2118.1,0.0,20.59,7.46,32.3,-0.848,0.6021806222837077,False,-0.1476558780421774,0.14227514078841516,0.0,0.830506767176422,-0.36266564972828674
2024-02-06,Karnal,Haryana,Wheat,2491.91,1795.7,0.0,18.38,6.84,37.8,-0.931,0.6152678087478166,False,-0.06142934493413867,0.059275945293644466,0.0,0.8671970016065841,-0.42597006387644193
2024-02-07,Karnal,Haryana,Wheat,2197.31,3235.9,0.0,17.51,6.5,47.1,-0.924,0.628476145776965,False,-0.19893996396530955,0.4300434432823814,0.0,0.9042268844894396,-0.4206311373820193
2024-02-08,Karnal,Haryana,Wheat,2609.6,2595.4,0.0,20.21,8.44,34.0,-1.012,0.6416628024750367,False,-0.006495112911808346,0.26515205148833476,0.0,0.9411959860552482,-0.48774907045476207
2024-02-09,Karnal,Haryana,Wheat,2477.71,1639.0,0.0,19.18,6.83,26.7,-0.932,0.6546849479459151,False,-0.06805748746720928,0.018934835076428045,0.0,0.9777038765342685,-0.4267327676613596
2024-02-10,Karnal,Haryana,Wheat,2480.55,2070.8,0.0,17.82,9.39,28.0,-0.909,0.6673997512934836,False,-0.06673185896059508,0.13009814963797275,0.0,1.0133501261567583,-0.4091905806082562
2024-02-11,Karnal,Haryana,Wheat,2480.55,0.0,0.0,19.58,6.89,34.8,-0.986,0.6796643816216258,True,-0.06673185896059508,-0.4030120675784392,0.0,1.0477343051529773,-0.4679187720469062
2024-02-12,Karnal,Haryana,Wheat,2087.12,3189.2,0.0,17.58,9.48,40.9,-1.054,0.691336008034225,False,-0.25037341648073635,0.4180209171359614,0.0,1.080455983753183,-0.5197826294212985
2024-02-13,Karnal,Haryana,Wheat,2505.67,2074.3,0.0,21.6,8.62,38.2,-1.008,0.702271799635165,False,-0.05500658146547288,0.13099919549477082,0.0,1.1111147321876356,-0.4846982553150919
2024-02-14,Karnal,Haryana,Wheat,2088.47,1207.6,0.0,18.76,7.3,37.3,-0.907,0.7123289255283289,False,-0.24974327616949377,-0.09212550281576828,0.0,1.1393101206865923,-0.40766517303842115
2024-02-15,Karnal,Haryana,Wheat,2502.61,1675.3,0.0,20.66,9.66,41.5,-0.969,0.7213645548176004,False,-0.0564348995042895,0.028279967819790863,0.0,1.1646417194803123,-0.4549528077033082
2024-02-16,Karnal,Haryana,Wheat,2187.24,3614.0,0.0,19.17,9.47,31.4,-0.908,0.729235856606863,False,-0.2036403439165788,0.5273821399839099,0.0,1.1867090987990543,-0.40842787682333875
2024-02-17,Karnal,Haryana,Wheat,2046.43,4935.5,0.0,20.21,7.84,35.1,-0.936,0.7358,False,-0.26936631223219026,0.8675913113435237,0.0,1.2051118288730769,-0.4297835828010297
2024-02-18,Karnal,Haryana,Wheat,2046.43,0.0,0.0,20.42,7.94,32.4,-0.885,0.7416627524479804,True,-0.26936631223219026,-0.4030120675784392,0.0,1.2215481929695409,-0.3908856897702354
2024-02-19,Karnal,Haryana,Wheat,2546.28,2213.0,0.0,18.89,8.32,33.6,-0.834,0.7474932731538148,False,-0.03605102736209247,0.1667063555913114,0.0,1.2378941946203657,-0.35198779673944125
2024-02-20,Karnal,Haryana,Wheat,2140.53,2004.4,0.0,22.53,8.24,30.0,-0.828,0.7532438188494492,False,-0.22544319868557383,0.1130040225261465,0.0,1.2540159844529486,-0.34741157402993605
2024-02-21,Karnal,Haryana,Wheat,2623.16,5714.5,0.0,21.76,8.87,33.3,-0.7696666666666666,0.75886664626683,False,-0.00016570356332677591,1.0681383748994369,0.0,1.2697797130946868,-0.30292051990974667
2024-02-22,Karnal,Haryana,Wheat,2427.88,4310.5,10.24,22.61,10.0,37.9,-0.7113333333333334,0.764314012137903,False,-0.09131666651107635,0.7066902654867258,10.24,1.2850515311729769,-0.25842946578955733
2024-02-23,Karnal,Haryana,Wheat,2327.74,3471.2,0.0,22.52,9.78,33.1,-0.653,0.7695381731946145,False,-0.13805907448725252,0.4906194690265487,0.0,1.2996975893152165,-0.21393841166936792
2024-02-24,Karnal,Haryana,Wheat,2214.96,3379.6,0.0,21.3,10.47,34.2,-0.654,0.7744913861689107,False,-0.1907014628590632,0.46703781174577635,0.0,1.3135840381488024,-0.21470111545428544
2024-02-25,Karnal,Haryana,Wheat,2214.96,0.0,0.0,22.88,8.05,37.0,-0.667,0.7791259077927377,True,-0.1907014628590632,-0.4030120675784392,0.0,1.3265770283011322,-0.22461626465821338
2024-02-26,Karnal,Haryana,Wheat,2361.96,5788.1,0.0,19.25,9.31,41.2,-0.744,0.7833939947980416,False,-0.12208618452375387,1.0870860820595336,0.0,1.3385427103996024,-0.2833444560968634
2024-02-27,Karnal,Haryana,Wheat,2435.18,3572.6,0.0,19.86,10.07,41.6,-0.693,0.7872479039167686,False,-0.08790924112435704,0.5167240547063556,0.0,1.3493472350716103,-0.24444656306606916
2024-02-28,Karnal,Haryana,Wheat,2163.97,3469.1,0.0,19.3,9.98,38.8,-0.659,0.790639891880865,False,-0.21450209579999815,0.49007884151246983,0.0,1.3588567529445537,-0.2185146343788731
2024-02-29,Karnal,Haryana,Wheat,2120.86,3735.8,13.38,20.69,8.42,32.7,-0.443,0.7935222154222767,False,-0.23462457640567955,0.5587385358004828,13.38,1.3669374146458286,-0.053770616836686054
2024-03-01,Karnal,Haryana,Wheat,2216.61,4914.9,0.0,21.11,11.33,33.2,-0.413,0.7958471312729499,False,-0.18993129136754439,0.8622880128720837,0.0,1.3734553708028328,-0.030889503289160056
2024-03-02,Karnal,Haryana,Wheat,2512.16,4808.0,61.79,20.72,9.95,52.2,0.954,0.7975668961648308,False,-0.051977240265499124,0.834767497988737,61.79,1.3782767720429632,1.011726570693107
2024-03-03,Karnal,Haryana,Wheat,2512.16,0.0,0.0,23.37,10.37,31.7,0.743,0.7986337668298654,True,-0.051977240265499124,-0.4030120675784392,0.0,1.3812677689936166,0.8507960720755076
2024-03-04,Karnal,Haryana,Wheat,2444.03,5724.9,0.0,21.38,10.14,36.7,0.54,0.799,False,-0.0837783213062107,1.070815768302494,0.0,1.3822945122821906,0.6959672037372485
2024-03-05,Karnal,Haryana,Wheat,2229.25,4652.8,0.0,21.18,12.36,27.0,0.366,0.7986619767441862,False,-0.18403131097190967,0.7948125502815769,0.0,1.3813468561505484,0.5632567451615977
2024-03-06,Karnal,Haryana,Wheat,1938.49,5003.2,0.0,22.51,9.51,43.5,0.302,0.797678046511628,False,-0.319749530895546,0.8850201126307321,0.0,1.3785883846490925,0.5144437029268757
2024-03-07,Karnal,Haryana,Wheat,2123.08,7504.8,0.0,20.85,9.45,41.0,0.225,0.7960934186046512,False,-0.2335883456716362,1.529036202735318,0.0,1.3741458431180307,0.45571551148822576
2024-03-08,Karnal,Haryana,Wheat,2302.67,4452.3,0.0,23.97,10.89,37.4,0.156,0.7939533023255814,False,-0.14976101345232862,0.7431954947707161,0.0,1.36814597689757,0.40308895032891595
2024-03-09,Karnal,Haryana,Wheat,2521.26,8674.6,0.0,20.85,10.58,34.7,0.045,0.7913029069767442,False,-0.04772962779712266,1.8301914722445698,0.0,1.360715531327918,0.31842883020306983
2024-03-10,Karnal,Haryana,Wheat,2521.26,0.0,0.0,25.11,9.94,41.1,-0.05900000000000001,0.7881874418604651,True,-0.04772962779712266,-0.4030120675784392,0.0,1.3519812517492815,0.23910763657164646
2024-03-11,Karnal,Haryana,Wheat,2521.26,0.0,0.0,24.3,10.85,38.4,-0.163,0.7846521162790698,False,-0.04772962779712266,-0.4030120675784392,0.0,1.3420698835018685,0.15978644294022307
2024-03-12,Karnal,Haryana,Wheat,1936.38,10664.8,0.0,21.88,12.96,40.5,-0.212,0.7807421395348837,False,-0.32073441686348814,2.3425518905872886,0.0,1.3311081719258855,0.12241395747926398
2024-03-13,Karnal,Haryana,Wheat,2341.29,22523.4,0.0,21.18,11.63,34.7,-0.3,0.7765027209302325,False,-0.13173433284478006,5.39544971842317,0.0,1.3192228623615403,0.05529602440652112
2024-03-14,Karnal,Haryana,Wheat,1853.6947,10352.3,0.0,24.99,11.69,43.9,-0.493,0.7719790697674418,False,-0.35932948403177767,2.2621013676588895,0.0,1.3065407001490401,-0.09190580608256267
2024-03-15,Karnal,Haryana,Wheat,1853.6947,0.0,0.0,24.66,12.5,40.8,-0.634,0.7672163953488371,False,-0.35932948403177767,-0.4030120675784392,0.0,1.2931884306285921,-0.19944703975593478
2024-03-16,Karnal,Haryana,Wheat,2317.99,20357.0,0.0,24.93,11.57,37.5,-0.703,0.7622599069767441,False,-0.14261008784622714,4.8377280772325015,0.0,1.2792927991404035,-0.2520736009152445
2024-03-17,Karnal,Haryana,Wheat,2317.99,0.0,0.0,25.29,11.05,41.3,-0.697,0.7571548139534884,True,-0.14261008784622714,-0.4030120675784392,0.0,1.264980551024682,-0.2474973782057393
2024-03-18,Karnal,Haryana,Wheat,1977.24,16681.6,0.0,22.33,11.25,32.9,-0.757,0.7519463255813953,False,-0.3016621701098777,3.8915269509251806,0.0,1.2503784316216344,-0.2932596053007913
2024-03-19,Karnal,Haryana,Wheat,2075.62,9699.9,0.0,23.78,13.09,29.2,-0.806,0.7466796511627906,False,-0.25574127839132177,2.0941464199517297,0.0,1.2356131862714679,-0.33063209076175043
2024-03-20,Karnal,Haryana,Wheat,2156.95,14088.2,0.0,22.87,14.45,36.6,-0.767,0.7414,False,-0.21777882541845986,3.2238777152051488,0.0,1.2208115603143905,-0.3008866431499666
2024-03-21,Karnal,Haryana,Wheat,2117.89,15824.6,0.0,26.41,11.58,34.7,-0.812,0.7355966197144107,False,-0.23601088509041346,3.67089943684634,0.0,1.2045416474687538,-0.3352083134712556
2024-03-22,Karnal,Haryana,Wheat,2332.25,14121.2,0.0,25.51,12.27,34.0,-0.737,0.7287944606934897,False,-0.1359539390771011,3.2323732904263878,0.0,1.1854716349956163,-0.2780055296024406
2024-03-23,Karnal,Haryana,Wheat,1975.4,8646.2,0.0,24.37,14.95,41.1,-0.682,0.7210922863886824,False,-0.30252102801557135,1.822880128720837,0.0,1.1638784085492477,-0.23605682143197637
2024-03-24,Karnal,Haryana,Wheat,1975.4,0.0,0.0,23.35,12.34,35.8,-0.702,0.7125888602514334,True,-0.30252102801557135,-0.4030120675784392,0.0,1.1400388537839161,-0.25131089713032695
2024-03-25,Karnal,Haryana,Wheat,1975.4,0.0,16.58,24.65,12.71,41.3,-0.5145,0.7033829457331879,False,-0.30252102801557135,-0.4030120675784392,16.58,1.11422985635389,-0.1083039374582896
2024-03-26,Karnal,Haryana,Wheat,1853.6947,20138.5,0.0,24.9,14.12,33.4,-0.327,0.6935733062853912,False,-0.35932948403177767,4.781477071600965,0.0,1.0867283019134384,0.03470302221374772
2024-03-27,Karnal,Haryana,Wheat,2000.59,28300.3,0.0,26.91,14.06,39.4,-0.407,0.6832587053594879,False,-0.29076307657838474,6.882664521319388,0.0,1.0578110761168296,-0.026313280579654857
2024-03-28,Karnal,Haryana,Wheat,1921.83,22980.0,0.0,26.68,14.92,38.5,-0.409,0.6725379064069232,False,-0.3275259291068811,5.512997586484312,0.0,1.0277550646183327,-0.02783868814948992
2024-03-29,Karnal,Haryana,Wheat,1952.42,14832.6,0.0,28.0,16.31,39.4,-0.402,0.6615096728791423,False,-0.3132474164247238,3.41551729686243,0.0,0.9968371530722159,-0.022499761655067233
2024-03-30,Karnal,Haryana,Wheat,1952.42,0.0,0.0,26.32,15.53,32.5,-0.516,0.6502727682275901,False,-0.3132474164247238,-0.4030120675784392,0.0,0.9653342271327479,-0.10944799313566594
2024-03-31,Karnal,Haryana,Wheat,1952.42,0.0,14.33,24.93,14.08,45.8,-0.221,0.6389259559037114,True,-0.3132474164247238,-0.4030120675784392,14.33,0.9335231724541968,0.11554962341500619
2024-04-01,Karnal,Haryana,Wheat,2013.88,16045.1,0.0,27.8,17.07,44.2,-0.289,0.6275679993589515,False,-0.2845596952921516,3.7276653258246184,0.0,0.9016808746908318,0.06368576604061399
2024-04-02,Karnal,Haryana,Wheat,2013.88,0.0,0.0,28.21,16.11,39.2,-0.306,0.6162976620447554,False,-0.2845596952921516,-0.4030120675784392,0.0,0.8700842194969218,0.05071980169701592
2024-04-03,Karnal,Haryana,Wheat,2013.88,0.0,0.0,27.5,16.09,31.0,-0.401,0.6052137074125681,False,-0.2845596952921516,-0.4030120675784392,0.0,0.8390100925267345,-0.0217370578701497
2024-04-04,Karnal,Haryana,Wheat,2014.9,22739.5,0.0,28.65,15.8,31.0,-0.493,0.5944148989138347,False,-0.28408358927921273,5.451082864038616,0.0,0.8087353794345395,-0.09190580608256267
2024-04-05,Karnal,Haryana,Wheat,2014.9,0.0,0.0,27.6,14.66,33.1,-0.527,0.584,False,-0.28408358927921273,-0.4030120675784392,0.0,0.7795369658746044,-0.11783773476975881
2024-04-06,Karnal,Haryana,Wheat,1938.13,35068.2,0.0,27.93,16.86,32.2,-0.496,0.5736310986377597,False,-0.31991756831187734,8.625004022526147,0.0,0.7504675075302035,-0.09419391743731527
2024-04-07,Karnal,Haryana,Wheat,1938.13,0.0,0.0,27.7,17.06,34.6,-0.613,0.5629458292800514,True,-0.31991756831187734,-0.4030120675784392,0.0,0.7205111040848249,-0.1834302602726666
2024-04-08,Karnal,Haryana,Wheat,1938.13,0.0,0.0,26.09,15.9,38.2,-0.706,0.5520062751076819,False,-0.31991756831187734,-0.4030120675784392,0.0,0.6898418071930558,-0.2543617122699971
2024-04-09,Karnal,Haryana,Wheat,1950.92,45300.9,0.0,26.66,17.1,36.4,-0.757,0.5408745193014585,False,-0.3139475723261045,11.25932743362832,0.0,0.6586336685094855,-0.2932596053007913
2024-04-10,Karnal,Haryana,Wheat,1950.92,0.0,0.0,26.52,18.1,36.0,-0.79,0.5296126450421883,False,-0.3139475723261045,-0.4030120675784392,0.0,0.627060739688702,-0.3184288302030699
2024-04-11,Karnal,Haryana,Wheat,1971.11,24257.7,0.0,29.45,17.5,33.8,-0.907,0.5182827355106786,False,-0.30452347389352025,5.841930812550282,0.0,0.5952970723852941,-0.40766517303842115
2024-04-12,Karnal,Haryana,Wheat,1971.11,0.0,0.0,28.2,18.8,34.6,-0.811,0.5069468738877368,False,-0.30452347389352025,-0.4030120675784392,0.0,0.5635167182538509,-0.3344456096863381
2024-04-13,Karnal,Haryana,Wheat,2050.15,28477.7,0.0,29.28,18.88,39.0,-0.825,0.49566714335417,False,-0.26762992559676607,6.928334674175382,0.0,0.5318937289489603,-0.34512346267518346
2024-04-14,Karnal,Haryana,Wheat,2050.15,0.0,0.0,31.28,17.96,24.9,-0.847,0.48450562709078526,True,-0.26762992559676607,-0.4030120675784392,0.0,0.5006021561252108,-0.3619029459433692
2024-04-15,Karnal,Haryana,Wheat,1992.415,17246.1,0.0,28.53,18.44,34.9,-0.75,0.47352440827838993,False,-0.2945789262409096,4.03685277554304,0.0,0.469816051437191,-0.28792067880636857
2024-04-16,Karnal,Haryana,Wheat,2131.09,28935.9,0.0,29.46,16.91,36.4,-0.72,0.4627855700977913,False,-0.2298495131582631,7.046294448913918,0.0,0.43970946653948995,-0.26503956525884254
2024-04-17,Karnal,Haryana,Wheat,2131.09,0.0,0.0,31.22,19.05,38.9,-0.7455,0.45235119572979643,False,-0.2298495131582631,-0.4030120675784392,0.0,0.41045645308669554,-0.2844885117742397
2024-04-18,Karnal,Haryana,Wheat,2131.09,0.0,0.0,29.05,18.49,29.9,-0.771,0.4422833683552127,False,-0.2298495131582631,-0.4030120675784392,0.0,0.38223106273339685,-0.30393745828963675
2024-04-19,Karnal,Haryana,Wheat,2013.72,47667.6,0.0,28.58,18.52,29.7,-0.785,0.4326441711548472,False,-0.28463437858829893,11.868614641995173,0.0,0.3552073471341821,-0.31461531127848225
2024-04-20,Karnal,Haryana,Wheat,1961.0149999999999,17874.5,0.0,29.74,20.89,37.9,-0.706,0.4234956873095072,False,-0.30923552310981245,4.1986291230893,0.0,0.3295593579436399,-0.2543617122699971
2024-04-21,Karnal,Haryana,Wheat,1950.92,0.0,0.0,29.37,18.82,25.5,-0.736,0.4149,True,-0.3139475723261045,-0.4030120675784392,0.0,0.305461146816359,-0.2772428258175231
2024-04-22,Karnal,Haryana,Wheat,1957.97,0.0,0.0,33.03,20.73,41.7,-0.839,0.40667850896456853,False,-0.3106568395896152,-0.4030120675784392,0.0,0.28241200372645836,-0.35580131566402895
2024-04-23,Karnal,Haryana,Wheat,1968.065,0.0,0.0,32.69,18.19,36.1,-0.957,0.3986151199350358,False,-0.305944790373323,-0.4030120675784392,0.0,0.25980610332101184,-0.4458003622842978
2024-04-24,Karnal,Haryana,Wheat,1940.46,15983.2,0.0,32.11,21.24,42.8,-0.856,0.39071567508257854,False,-0.31882999281173263,3.7117296862429607,0.0,0.23765982426403898,-0.368767280007627
2024-04-25,Karnal,Haryana,Wheat,1898.04,30123.1,0.0,33.39,20.52,29.6,-0.905,0.38298601657837383,False,-0.3386304017027791,7.3519292035398225,0.0,0.2159895452195601,-0.4061397654685861
2024-04-26,Karnal,Haryana,Wheat,2037.94,28536.3,0.0,33.29,21.87,32.8,-0.859,0.3754319865935985,False,-0.27332919463400507,6.943420756234915,0.0,0.1948116448515949,-0.3710553913623796
2024-04-27,Karnal,Haryana,Wheat,2037.94,0.0,0.0,30.72,18.89,23.0,-0.855,0.3680594272994295,False,-0.27332919463400507,-0.4030120675784392,0.0,0.17414250182416346,-0.3680045762227095
2024-04-28,Karnal,Haryana,Wheat,2037.94,0.0,0.0,34.1,20.82,31.0,-0.882,0.3608741808670436,True,-0.27332919463400507,-0.4030120675784392,0.0,0.15399849480128544,-0.3885975784154829
2024-04-29,Karnal,Haryana,Wheat,2072.79,16987.1,0.0,32.71,20.7,34.1,-0.896,0.3538820894676177,False,-0.25706223919192667,3.9701753821399834,0.0,0.13439600244698055,-0.39927543140432836
2024-04-30,Karnal,Haryana,Wheat,2037.94,0.0,0.0,34.12,22.76,25.2,-0.795,0.3470889952723288,False,-0.27332919463400507,-0.4030120675784392,0.0,0.11535140342526916,-0.32224234912765753
2024-05-01,Karnal,Haryana,Wheat,2072.79,0.0,0.0,34.73,20.57,33.0,-0.892,0.34050074045235373,False,-0.25706223919192667,-0.4030120675784392,0.0,0.09688107640017096,-0.3962246162646582
2024-05-02,Karnal,Haryana,Wheat,1853.6947,19979.8,0.0,32.33,22.66,25.1,-0.912,0.33412316717886936,False,-0.35932948403177767,4.740621078037007,0.0,0.07900140003570567,-0.4114786919630089
2024-05-03,Karnal,Haryana,Wheat,1935.38,16201.7,0.0,31.59,20.46,33.7,-0.851,0.3279621176230527,False,-0.3212011874644086,3.7679806918744974,0.0,0.061728752995893636,-0.36495376108303934
2024-05-04,Karnal,Haryana,Wheat,1935.38,0.0,25.14,32.33,23.08,48.3,-0.356,0.32202343395608046,False,-0.3212011874644086,-0.4030120675784392,25.14,0.045079513944754096,0.0125846124511393
2024-05-05,Karnal,Haryana,Wheat,1935.38,0.0,0.0,33.42,23.33,34.8,-0.337,0.3163129583491297,True,-0.3212011874644086,-0.4030120675784392,0.0,0.029070061546307535,0.02707598436457239
2024-05-06,Karnal,Haryana,Wheat,1965.02,17624.7,0.0,35.38,24.07,43.3,-0.346,0.3108365329733772,False,-0.3073661068531259,4.134320193081255,0.0,0.013716774464573516,0.020211650300314632
2024-05-07,Karnal,Haryana,Wheat,2077.92,20478.8,0.0,35.77,22.75,38.9,-0.391,0.3056,False,-0.25466770600920463,4.8690844730490745,0.0,-0.0009639686364277808,-0.014110020020974366
2024-05-08,Karnal,Haryana,Wheat,2567.31,8315.1,0.0,32.13,22.62,41.7,-0.479,0.3003795747328099,False,-0.02623484162473507,1.7376411906677396,0.0,-0.015599553405058744,-0.0812279530937172
2024-05-09,Karnal,Haryana,Wheat,2157.86,11238.3,0.0,34.59,24.56,31.2,-0.611,0.29499290625396907,False,-0.2173540641716221,2.4901946902654863,0.0,-0.03070120491955729,-0.18190485270283152
2024-05-10,Karnal,Haryana,Wheat,2390.85,14611.9,0.0,34.37,22.27,31.1,-0.599,0.2895079874021796,False,-0.1086011818631615,3.358699919549477,0.0,-0.04607830366071701,-0.17275240728382113
2024-05-11,Karnal,Haryana,Wheat,2083.66,5828.9,20.04,33.68,23.59,42.7,-0.005,0.2839928110161433,False,-0.2519884427599212,1.0975897023330652,20.04,-0.06154023010933226,0.2802936409571932
2024-05-12,Karnal,Haryana,Wheat,2083.66,0.0,0.0,33.41,23.54,27.1,-0.099,0.27851536993456233,True,-0.2519884427599212,-0.4030120675784392,0.0,-0.07689636474619678,0.20859948517494514
2024-05-13,Karnal,Haryana,Wheat,2091.97,9529.1,0.0,34.58,24.02,37.4,-0.302,0.2731436569961388,False,-0.24810957906627212,2.050175382139984,0.0,-0.091956088052104,0.053770616836686054
2024-05-14,Karnal,Haryana,Wheat,2638.92,8435.4,0.0,37.5,24.35,33.4,-0.342,0.26794566503957457,False,0.007190601107179958,1.7686114239742559,0.0,-0.1065287805078483,0.023262465439984722
2024-05-15,Karnal,Haryana,Wheat,2027.24,10428.2,0.0,34.9,23.99,41.6,-0.352,0.26298938690357165,False,-0.2783236400638541,2.2816411906677394,0.0,-0.12042382259422355,0.015635427590809433
2024-05-16,Karnal,Haryana,Wheat,2061.02,11249.0,0.0,35.97,25.59,38.4,-0.47,0.2583428154268322,False,-0.2625561291647606,2.492949316170555,0.0,-0.13345059479202334,-0.07436361902945941
2024-05-17,Karnal,Haryana,Wheat,2308.17,7856.9,0.0,36.98,25.68,40.5,-0.556,0.2540739434480581,False,-0.14719377514726603,1.6196814159292034,0.0,-0.14541847758204174,-0.13995614453236727
2024-05-18,Karnal,Haryana,Wheat,2213.81,13765.1,0.0,35.64,23.49,31.2,-0.639,0.25025076380595146,False,-0.1912382490501218,3.140698310539019,0.0,-0.1561368514450726,-0.20326055868052245
2024-05-19,Karnal,Haryana,Wheat,2213.81,0.0,0.0,38.56,23.37,40.2,-0.6839999999999999,0.2469412693392142,True,-0.1912382490501218,-0.4030120675784392,0.0,-0.16541509686190997,-0.23758222900181136
2024-05-20,Karnal,Haryana,Wheat,2375.58,6608.8,0.0,38.7,25.56,42.2,-0.729,0.24421345288654842,False,-0.1157287689392171,1.298368463395012,0.0,-0.17306259431334753,-0.2719038993231004
2024-05-21,Karnal,Haryana,Wheat,2203.43,7016.9,0.0,35.68,26.1,34.8,-0.798,0.2421353072866561,False,-0.19608332788767632,1.403430410297667,0.0,-0.17888872428017918,-0.32453046048241013
2024-05-22,Karnal,Haryana,Wheat,2212.61,4707.0,0.0,36.96,24.97,31.3,-0.881,0.2407748253782393,False,-0.19179837377122627,0.8087658889782784,0.0,-0.18270286724319884,-0.38783487463056526
2024-05-23,Karnal,Haryana,Wheat,2272.82,4899.5,0.0,36.25,25.97,31.4,-0.869,0.2402,False,-0.16369411588980465,0.8583234111021723,0.0,-0.1843144036832004,-0.3786824292115549
2024-05-24,Karnal,Haryana,Wheat,1950.75,8252.5,0.0,36.35,27.48,41.2,-0.879,0.2400460418733853,False,-0.31402692332826104,1.7215253419147225,0.0,-0.184746028904818,-0.3863094670607302
2024-05-25,Karnal,Haryana,Wheat,1981.14,5112.8,0.0,35.41,27.2,48.4,-0.904,0.2399027012860757,False,-0.2998417647662878,0.9132357200321803,0.0,-0.1851478876057825,-0.40537706168366866
2024-05-26,Karnal,Haryana,Wheat,1981.14,0.0,0.0,38.16,25.41,30.1,-0.894,0.23976978042612343,True,-0.2998417647662878,-0.4030120675784392,0.0,-0.1855205343565323,-0.3977500238344933
2024-05-27,Karnal,Haryana,Wheat,2148.58,6274.8,0.0,37.84,25.77,29.7,-0.983,0.23964708148158062,False,-0.22168569534816415,1.2123829444891392,0.0,-0.18586452372750636,-0.4656306606921537
2024-05-28,Karnal,Haryana,Wheat,2252.36,3606.2,0.0,35.98,28.15,39.6,-0.953,0.2395344066404995,False,-0.1732442423846375,0.525374094931617,0.0,-0.18618041028914323,-0.44274954714462766
2024-05-29,Karnal,Haryana,Wheat,2598.88,3669.1,0.0,37.16,27.63,31.2,-0.968,0.23943155809093222,False,-0.011498893753675708,0.5415671761866452,0.0,-0.1864687486118816,-0.4541901039183906
2024-05-30,Karnal,Haryana,Wheat,2275.86,7480.3,0.0,40.16,27.76,40.1,-0.941,0.23933833802093094,False,-0.16227513326300644,1.5227288817377314,0.0,-0.18673009326616027,-0.4335971017256173
2024-05-31,Karnal,Haryana,Wheat,2260.77,4760.3,0.0,37.31,26.38,37.3,-0.907,0.2392545486185479,False,-0.1693187016308964,0.8224875301689462,0.0,-0.18696499882241777,-0.40766517303842115
2024-06-01,Karnal,Haryana,Wheat,2477.28,6537.0,0.0,37.04,28.82,34.9,-0.833,0.23917999207183516,False,-0.06825819882560501,1.2798841512469832,0.0,-0.18717401985109308,-0.35122509295452375
2024-06-02,Karnal,Haryana,Wheat,2477.28,0.0,0.0,38.74,28.68,37.2,-0.8015,0.23911447056884502,True,-0.06825819882560501,-0.4030120675784392,0.0,-0.18735771092262457,-0.3271999237296215
2024-06-03,Karnal,Haryana,Wheat,2552.69,3389.1,0.0,41.13,26.39,36.9,-0.77,0.23905778629762964,False,-0.033059027810192314,0.4694835076427997,0.0,-0.18751662660745103,-0.3031747545047192
2024-06-04,Karnal,Haryana,Wheat,2492.9,5765.2,0.0,37.93,28.72,34.1,-0.801,0.23900974144624115,False,-0.06096724203922729,1.0811906677393404,0.0,-0.1876513214760112,-0.32681857183716273
2024-06-05,Karnal,Haryana,Wheat,2697.07,2727.1,44.55,40.01,27.21,39.6,0.194,0.23897013820273177,False,0.034333311550705424,0.2990571198712792,44.55,-0.18776235009874376,0.4320716941557822
2024-06-06,Karnal,Haryana,Wheat,2209.37,4133.3,0.0,40.56,28.8,35.9,0.061,0.23893877875515365,False,-0.1933107105182087,0.6610716009654064,0.0,-0.1878502670460874,0.3306320907617504
2024-06-07,Karnal,Haryana,Wheat,2610.01,3060.3,0.0,38.35,29.43,42.9,-0.003,0.23891546529155905,False,-0.006303736965430807,0.38483668543845545,0.0,-0.18791562688848065,0.28181904852702827
2024-06-08,Karnal,Haryana,Wheat,2450.39,4244.5,0.0,40.69,29.06,27.0,-0.068,0.2389,False,-0.08080966028435664,0.6896991150442479,0.0,-0.18795898419636253,0.23224330250738867
2024-06-09,Karnal,Haryana,Wheat,2450.39,0.0,0.0,39.21,27.52,30.2,-0.155,0.23888939283721303,True,-0.08080966028435664,-0.4030120675784392,0.0,-0.1879887216262036,0.16588807321956334
2024-06-10,Karnal,Haryana,Wheat,1911.16,2445.8,0.0,40.53,27.19,37.1,-0.315,0.23888060825892857,False,-0.33250637141870243,0.22663877715205158,0.0,-0.18801334939761272,0.04385546763275812
2024-06-11,Karnal,Haryana,Wheat,2210.31,2200.1,0.0,40.67,27.41,35.2,-0.344,0.23887338020169008,False,-0.19287194615334344,0.16338535800482706,0.0,-0.18803361342573535,0.0217370578701497
2024-06-12,Karnal,Haryana,Wheat,2415.29,3198.5,33.86,40.36,29.06,47.2,0.316,0.23886744260204082,False,-0.09719330837666516,0.4204151246983106,33.86,-0.1880502596257174,0.5251215559157212
2024-06-13,Karnal,Haryana,Wheat,2446.79,1652.0,0.0,38.48,28.23,31.5,0.118,0.23886252939652425,False,-0.08249003444767031,0.022281576830249443,0.0,-0.1880640339127042,0.37410620650204973
2024-06-14,Karnal,Haryana,Wheat,2354.49,4050.9,0.0,41.95,29.98,40.8,-0.069,0.23885837452168368,False,-0.12557296091262993,0.6398584070796461,0.0,-0.18807568220184157,0.23148059872247115
2024-06-15,Karnal,Haryana,Wheat,2358.93,3645.3,0.0,39.76,29.79,35.2,-0.17,0.2388547119140625,False,-0.123500499444543,0.5354400643604185,0.0,-0.18808595040827505,0.15444751644580035
2024-06-16,Karnal,Haryana,Wheat,2358.93,0.0,0.0,39.27,27.8,38.5,-0.179,0.23885127551020408,True,-0.123500499444543,-0.4030120675784392,0.0,-0.18809558444715024,0.14758318238154255
2024-06-17,Karnal,Haryana,Wheat,2577.46,1158.0,0.0,38.73,31.0,36.6,-0.32,0.2388477992466518,False,-0.021497120025392242,-0.10489460981496375,0.0,-0.1881053302336127,0.040041948708170454
2024-06-18,Karnal,Haryana,Wheat,2117.7,1289.3,0.0,41.32,30.86,35.9,-0.283,0.23884401705994898,False,-0.23609957150458838,-0.07109251810136763,0.0,-0.1881159336828083,0.06826198875011918
2024-06-19,Karnal,Haryana,Wheat,2429.19,1247.2,0.0,41.82,30.54,38.1,-0.298,0.23883966288663902,False,-0.09070519702387056,-0.08193081255028152,0.0,-0.18812814070988246,0.05682143197635619
2024-06-20,Karnal,Haryana,Wheat,2227.91,2377.0,0.0,38.95,31.28,35.9,-0.455,0.23883447066326532,False,-0.18465678357714319,0.2089267900241352,0.0,-0.18814269722998073,-0.06292306225569645
2024-06-21,Karnal,Haryana,Wheat,2214.65,2982.9,0.0,41.28,30.84,29.0,-0.528,0.23882817432637118,False,-0.19084616174534852,0.36491069991954955,0.0,-0.18816034915824895,-0.11860043855467634
2024-06-22,Karnal,Haryana,Wheat,2617.95,2213.8,0.0,40.09,29.53,40.4,-0.631,0.2388205078125,False,-0.00259757839412245,0.16691230893000814,0.0,-0.18818184240983266,-0.19715892840118218
2024-06-23,Karnal,Haryana,Wheat,2617.95,0.0,0.0,42.07,30.2,98.0,1.767,0.23881120505819517,True,-0.00259757839412245,-0.4030120675784392,0.0,-0.18820792289987737,1.6318047478310609
2024-06-24,Karnal,Haryana,Wheat,2359.22,1784.4,0.0,40.05,28.64,59.5,1.391,0.2388,False,-0.12336513597027608,0.05636685438455357,0.0,-0.18823933654352884,1.3450281247020688
2024-06-25,Karnal,Haryana,Wheat,2791.84,1136.9,0.0,42.46,28.99,66.7,1.021,0.23875960078587888,False,0.07856916139993851,-0.11032662912308923,0.0,-0.18835259668855417,1.0628277242825817
2024-06-26,Karnal,Haryana,Wheat,2553.74,2208.2,0.0,41.18,30.74,75.2,0.775,0.2386656048387097,False,-0.03256891867922595,0.16547063555913114,0.0,-0.1886161165326842,0.8752025931928686
2024-06-27,Karnal,Haryana,Wheat,2303.82,1710.3,27.93,43.74,31.11,69.2,1.289,0.23852208000740618,False,-0.14922422726127002,0.03729042638777155,27.93,-0.1890184917660101,1.2672323386404805
2024-06-28,Karnal,Haryana,Wheat,2320.06,1887.5,13.06,40.22,30.77,78.6,1.317,0.23833309414088216,False,-0.14164387270232168,0.08290909090909096,13.06,-0.1895483180786228,1.2885880446181712
2024-06-29,Karnal,Haryana,Wheat,2167.54,1095.1,10.86,41.21,30.11,72.6,1.328,0.23810271508805134,False,-0.212835724754712,-0.12108769106999193,10.86,-0.19019419116061353,1.2969777862522642
2024-06-30,Karnal,Haryana,Wheat,2167.54,0.0,14.35,40.26,31.31,81.0,1.42,0.23783501069782753,True,-0.212835724754712,-0.4030120675784392,14.35,-0.19094470670207325,1.3671465344646772
2024-07-01,Karnal,Haryana,Wheat,2594.42,1760.9,9.51,43.98,30.14,72.8,1.271,0.23753404881912446,False,-0.013580690633781027,0.050316975060337964,9.51,-0.19178846039309316,1.2535036705119649
2024-07-02,Karnal,Haryana,Wheat,2528.67,2231.8,46.01,43.84,30.96,80.2,2.012,0.23720389730085586,False,-0.04427085764430204,0.17154625905068394,46.01,-0.19271404792376443,1.8186671751358565
2024-07-03,Karnal,Haryana,Wheat,2551.79,1074.3,0.0,41.11,30.52,71.5,1.667,0.2368486239919355,False,-0.03347912135102078,-0.12644247787610616,0.0,-0.19371006498417814,1.5555343693393076
2024-07-04,Karnal,Haryana,Wheat,2250.95,1726.1,23.28,42.98,30.99,76.8,1.862,0.23647229674127718,False,-0.17390238893193552,0.0413580048270314,23.28,-0.1947651072644252,1.7042616073982266
2024-07-05,Karnal,Haryana,Wheat,2116.43,1012.9,0.0,43.75,31.54,65.9,1.638,0.23607898339779465,False,-0.23669237016775735,-0.142249396621078,0.0,-0.19586777045459677,1.5334159595766992
2024-07-06,Karnal,Haryana,Wheat,2505.88,2700.8,9.06,42.62,29.3,83.8,1.47,0.2356727518104016,False,-0.05490855963927957,0.2922864038616252,9.06,-0.19700665024478423,1.405281723710554
2024-07-07,Karnal,Haryana,Wheat,2505.88,0.0,5.12,42.56,30.0,66.7,1.252,0.23525766982801186,True,-0.05490855963927957,-0.4030120675784392,5.12,-0.19817034232507832,1.2390122985985317
2024-07-08,Karnal,Haryana,Wheat,2725.87,1586.7,9.54,41.31,32.23,61.6,1.234,0.23483780529953918,False,0.04777630485721488,0.0054706355591311925,9.54,-0.19934744238557028,1.225283630470016
2024-07-09,Karnal,Haryana,Wheat,2359.25,1333.3,0.0,40.68,29.72,77.9,0.944,0.2344172260738973,False,-0.12335113285224837,-0.05976508447304904,0.0,-0.20052654611635118,1.0040995328439317
2024-07-10,Karnal,Haryana,Wheat,2332.31,3112.8,0.0,44.34,31.09,67.1,0.55,0.234,False,-0.1359259328410459,0.3983523732904265,0.0,-0.20169624920751214,0.7035942415864239
2024-07-11,Karnal,Haryana,Wheat,2352.87,1348.3,0.0,44.39,29.7,68.5,0.498,0.23357000012618964,False,-0.12632912928612103,-0.055903459372485885,0.0,-0.20290176394655174,0.6639336447707122
2024-07-12,Karnal,Haryana,Wheat,2530.97,1034.0,0.0,43.22,30.07,68.2,0.269,0.23310836001411875,False,-0.04319728526218508,-0.1368173773129525,0.0,-0.20419598283620372,0.4892744780245971
2024-07-13,Karnal,Haryana,Wheat,2345.58,1542.5,0.0,41.92,31.41,67.2,0.168,0.23261503828266628,False,-0.12973188696683124,-0.005908286403861578,0.0,-0.20557902188941224,0.41224139574792634
2024-07-14,Karnal,Haryana,Wheat,2345.58,0.0,41.64,41.99,32.84,78.7,0.919,0.23208999355071117,True,-0.12973188696683124,-0.4030120675784392,41.64,-0.2070509971191215,0.9850319382209934
2024-07-15,Karnal,Haryana,Wheat,2564.81,1159.1,49.43,43.71,32.0,79.8,1.783,0.23153318443713253,False,-0.027401768127036253,-0.10461142397425581,49.43,-0.20861202453827518,1.6440080083897415
2024-07-16,Karnal,Haryana,Wheat,2282.97,832.6,0.0,44.5,31.07,70.3,1.367,0.23094456956080925,False,-0.15895639429046204,-0.18866613032984708,0.0,-0.21026222015981763,1.326723233864048
2024-07-17,Karnal,Haryana,Wheat,2683.1,1012.8,0.0,44.47,30.76,68.0,1.054,0.23032410754062035,False,0.027812526255846317,-0.14227514078841508,0.0,-0.21200169999669274,1.0879969491848602
2024-07-18,Karnal,Haryana,Wheat,2525.55,1655.2,0.0,44.0,32.09,73.7,0.784,0.22967175699544484,False,-0.045727181919173854,0.02310539018503626,0.0,-0.21383058006184458,0.8820669272571265
2024-07-19,Karnal,Haryana,Wheat,2069.56,658.3,48.46,43.38,32.51,87.0,1.686,0.22898747654416166,False,-0.2585699082328998,-0.23353821399839095,48.46,-0.21574897636821727,1.5700257412527407
2024-07-20,Karnal,Haryana,Wheat,2304.45,1110.9,0.0,40.88,30.08,65.4,1.358,0.22827122480564985,False,-0.1489301617826903,-0.11702011263073203,0.0,-0.2177570049287547,1.3198588997997902
2024-07-21,Karnal,Haryana,Wheat,2304.45,0.0,32.51,41.23,29.55,80.3,1.746,0.22752296039878828,True,-0.1489301617826903,-0.4030120675784392,32.51,-0.21985478175640125,1.615787968347793
2024-07-22,Karnal,Haryana,Wheat,2364.54,1169.6,0.0,44.54,31.16,67.9,1.401,0.22674264194245608,False,-0.12088191637337908,-0.1019082864038616,0.0,-0.22204242286410053,1.3526551625512442
2024-07-23,Karnal,Haryana,Wheat,2308.44,2583.5,6.01,43.22,32.39,66.8,1.4425,0.22593022805553215,False,-0.1470677470850175,0.2620884955752213,6.01,-0.22432004426479693,1.3843073696253216
2024-07-24,Karnal,Haryana,Wheat,2568.55,655.0,13.77,40.52,32.03,77.6,1.484,0.2250856773568955,False,-0.025656046079593577,-0.23438777152051485,13.77,-0.2266877619714343,1.4159595766993993
2024-07-25,Karnal,Haryana,Wheat,2239.36,860.9,88.86,40.92,32.9,96.1,3.263,0.22420894846542513,False,-0.17931226019660365,-0.18138053097345128,88.86,-0.22914569199695672,2.77280961006769
2024-07-26,Karnal,Haryana,Wheat,2478.88,535.7,32.99,43.43,29.75,77.9,3.562,0.2233,False,-0.0675113658641323,-0.26510056315366043,32.99,-0.23169395035430831,3.0008580417580317
2024-07-27,Karnal,Haryana,Wheat,2515.34,2418.8,0.0,40.45,32.52,65.7,3.157,0.22221741714697407,False,-0.05049290975457189,0.2196878519710379,0.0,-0.2347289967927866,2.6919630088664315
2024-07-28,Karnal,Haryana,Wheat,2515.34,0.0,34.13,41.13,30.89,75.1,3.49,0.2208522334293948,True,-0.05049290975457189,-0.4030120675784392,34.13,-0.2385563213881525,2.94594336924397
2024-07-29,Karnal,Haryana,Wheat,2633.56,600.0,0.0,42.84,31.92,79.9,3.006,0.21925307997118154,False,0.0046887106862461714,-0.24854706355591308,0.0,-0.24303958564304473,2.5767947373438838
2024-07-30,Karnal,Haryana,Wheat,2836.87,970.5,27.6,43.46,30.9,80.0,3.078,0.21746858789625362,False,0.09958784155938723,-0.15316492357200318,27.6,-0.24804245106010211,2.631709409857946
2024-07-31,Karnal,Haryana,Wheat,2426.14,738.2,8.72,43.24,30.53,67.2,2.736,0.21554738832853026,False,-0.09212884735667808,-0.21296862429605787,8.72,-0.2534285791419637,2.3708647154161504
2024-08-01,Karnal,Haryana,Wheat,2484.0,972.4,6.25,41.28,29.87,73.3,2.445,0.21353811239193082,False,-0.06512150038741954,-0.15267578439259852,6.25,-0.2590616313912683,2.148917914005148
2024-08-02,Karnal,Haryana,Wheat,2241.5,1218.8,62.87,43.43,32.01,94.2,3.437,0.21148939121037463,False,-0.1783133711106339,-0.08924215607401445,62.87,-0.2648052693106546,2.9055200686433404
2024-08-03,Karnal,Haryana,Wheat,2216.91,1592.0,0.0,41.25,32.65,70.8,2.86,0.20944985590778098,False,-0.18979126018726836,0.006835076427996829,0.0,-0.27052315440276165,2.465439984745924
2024-08-04,Karnal,Haryana,Wheat,2216.91,0.0,0.0,41.6,32.16,76.9,2.359,0.20746813760806915,True,-0.18979126018726836,-0.4030120675784392,0.0,-0.2760789481702282,2.0833253885022405
2024-08-05,Karnal,Haryana,Wheat,2585.75,1211.5,0.0,43.44,29.43,62.3,1.885,0.2055928674351585,False,-0.01762759174376155,-0.09112148028962183,0.0,-0.2813363121156931,1.7218037944513298
2024-08-06,Karnal,Haryana,Wheat,2215.84,979.5,0.0,42.95,29.47,60.0,1.507,0.20387267651296828,False,-0.19029070473025314,-0.15084794851166528,0.0,-0.2861589077417953,1.4335017637525025
2024-08-07,Karnal,Haryana,Wheat,2167.24,707.3,16.9,43.79,30.38,76.4,1.629,0.20235619596541787,False,-0.21297575593498821,-0.220923572003218,16.9,-0.29041039655117357,1.5265516255124416
2024-08-08,Karnal,Haryana,Wheat,2284.89,629.0,0.0,42.86,30.3,71.4,1.44,0.2010920569164265,False,-0.1580601947366947,-0.24108125502815764,0.0,-0.2939544400464668,1.3824006101630277
2024-08-09,Karnal,Haryana,Wheat,2379.8,1056.6,94.61,42.4,30.01,81.7,3.376,0.20012889048991353,False,-0.1137589970033326,-0.13099919549477068,94.61,-0.2966546997303139,2.858995137763371
2024-08-10,Karnal,Haryana,Wheat,2329.62,1236.4,36.92,40.19,31.66,78.0,3.75,0.19951532780979828,False,-0.137181545757522,-0.08471118262268698,36.92,-0.2983748371053536,3.144246353322528
2024-08-11,Karnal,Haryana,Wheat,2329.62,0.0,20.92,41.35,29.0,71.2,3.576,0.1993,True,-0.137181545757522,-0.4030120675784392,20.92,-0.2989785136742249,3.0115358947468778
2024-08-12,Karnal,Haryana,Wheat,2590.92,637.1,0.0,40.82,30.66,63.0,3.05,0.19943513025060877,False,-0.015214387737002679,-0.23899597747385354,0.0,-0.29859967284491146,2.6103537038802553
2024-08-13,Karnal,Haryana,Wheat,2498.58,1287.8,35.21,40.64,30.7,75.5,3.381,0.19982219460227274,False,-0.05831598502599909,-0.07147868061142394,35.21,-0.2975145288499774,2.8628086566879585
2024-08-14,Karnal,Haryana,Wheat,2498.58,0.0,35.28,43.84,30.14,83.6,3.696,0.20043370345474837,False,-0.05831598502599909,-0.4030120675784392,35.28,-0.2958001494289322,3.1030603489369817
2024-08-15,Karnal,Haryana,Wheat,1979.51,1152.9,0.0,41.14,31.71,64.9,3.127,0.2012421672077922,False,-0.30060260084578827,-0.1062075623491552,0.0,-0.2935336023212849,2.669081895318905
2024-08-16,Karnal,Haryana,Wheat,2116.93,979.8,32.29,43.3,31.2,74.8,3.488,0.2022200962611607,False,-0.23645898486729713,-0.15077071600965403,32.29,-0.29079195526654494,2.9444179616741346
2024-08-17,Karnal,Haryana,Wheat,2260.23,1174.9,22.31,42.03,29.11,68.6,3.479,0.2033400010146104,False,-0.16957075775539346,-0.1005438455349959,22.31,-0.28765227600422155,2.937553627609877
2024-08-18,Karnal,Haryana,Wheat,2260.23,0.0,0.0,42.68,31.31,76.3,2.967,0.20457439186789775,True,-0.16957075775539346,-0.4030120675784392,0.0,-0.2841916322738241,2.5470492897321004
2024-08-19,Karnal,Haryana,Wheat,2576.89,797.1,0.0,41.26,29.39,72.2,2.387,0.20589577922077923,False,-0.021763179267916988,-0.1978053097345132,0.0,-0.280487091814862,2.1046810944799312
2024-08-20,Karnal,Haryana,Wheat,2246.09,1405.4,0.0,41.49,30.54,57.5,1.991,0.20727667347301137,False,-0.17617089405240888,-0.04120353982300878,0.0,-0.27661572236684434,1.8026503956525883
2024-08-21,Karnal,Haryana,Wheat,2542.04,1697.2,0.0,41.01,29.93,65.1,1.718,0.20868958502435064,False,-0.03803013470999538,0.03391794046661309,0.0,-0.2726545916692807,1.594432262370102
2024-08-22,Karnal,Haryana,Wheat,2263.49,1139.8,0.0,39.57,30.18,72.6,1.442,0.21010702427455355,False,-0.16804908559639284,-0.10958004827031372,0.0,-0.2686807674616801,1.383926017732863
2024-08-23,Karnal,Haryana,Wheat,2189.68,601.4,0.0,41.83,29.83,76.4,1.034,0.2115015016233766,False,-0.2025014236503328,-0.24818664521319383,0.0,-0.26477131748355204,1.0727428734865097
2024-08-24,Karnal,Haryana,Wheat,2198.06,1358.0,0.0,39.73,28.45,74.2,0.779,0.2128455274705763,False,-0.19858988601461922,-0.05340627514078837,0.0,-0.2610033094744057,0.8782534083325387
2024-08-25,Karnal,Haryana,Wheat,2198.06,0.0,0.0,38.46,29.81,68.2,0.6739999999999999,0.2141116122159091,True,-0.19858988601461922,-0.4030120675784392,0.0,-0.2574538111737505,0.7981695109161978
2024-08-26,Karnal,Haryana,Wheat,2260.43,1101.8,3.37,41.13,28.74,61.4,0.569,0.21527226625913148,False,-0.16947740363520944,-0.11936283185840704,3.37,-0.25419989032109575,0.7180856134998569
2024-08-27,Karnal,Haryana,Wheat,2548.57,1127.6,20.89,38.9,28.94,80.6,0.894,0.2163,False,-0.03498212268598461,-0.11272083668543843,20.89,-0.2513186146559507,0.965964343598055
2024-08-28,Karnal,Haryana,Wheat,2129.11,884.2,0.0,42.21,28.16,75.9,1.347,0.2172917962408685,False,-0.23077371894808565,-0.17538213998390983,0.0,-0.2485380906155685,1.3114691581656974
2024-08-29,Karnal,Haryana,Wheat,2701.97,1420.2,0.0,42.14,27.07,70.3,1.072,0.21835088778409092,False,0.03662048749521556,-0.037393403057119814,0.0,-0.24556890261550443,1.1017256173133758
2024-08-30,Karnal,Haryana,Wheat,2480.59,948.8,0.0,41.84,27.66,69.1,0.888,0.2194591600294237,False,-0.06671318813655827,-0.1587514078841512,0.0,-0.24246183536272115,0.9613881208885499
2024-08-31,Karnal,Haryana,Wheat,2466.0,1715.8,0.0,39.25,29.33,63.2,0.703,0.22059849837662338,False,-0.07352337120398802,0.03870635559131138,0.0,-0.2392676735641809,0.8202879206788062
2024-09-01,Karnal,Haryana,Wheat,2466.0,0.0,0.0,37.52,29.84,71.8,0.553,0.22175078822544642,True,-0.07352337120398802,-0.4030120675784392,0.0,-0.23603720192684627,0.7058823529411764
2024-09-02,Karnal,Haryana,Wheat,2516.36,1352.5,91.31,41.49,28.89,98.0,2.494,0.22289791497564937,False,-0.05001680374163302,-0.05482220434432819,91.31,-0.23282120515767957,2.1862903994661074
2024-09-03,Karnal,Haryana,Wheat,2574.68,1180.7,46.57,39.1,27.59,81.8,3.123,0.22402176402698862,False,-0.022794742295951246,-0.09905068382944483,46.57,-0.2296704679636436,2.6660310801792355
2024-09-04,Karnal,Haryana,Wheat,2300.62,2068.1,0.0,41.38,29.35,72.4,2.617,0.22510422077922077,False,-0.15071789318421566,0.1294030571198713,0.0,-0.22663577505170046,2.280102965010964
2024-09-05,Karnal,Haryana,Wheat,2290.12,1384.9,5.74,41.22,27.64,64.9,2.278,0.22612717063210228,False,-0.15561898449388062,-0.04648109412711176,5.74,-0.22376791112881272,2.0215463819239203
2024-09-06,Karnal,Haryana,Wheat,2423.61,1949.9,42.23,40.57,27.14,81.3,2.767,0.2270724989853896,False,-0.09330977697700675,0.0989734513274337,42.23,-0.22111766090194304,2.3945085327485938
2024-09-07,Karnal,Haryana,Wheat,2550.22,1246.5,0.0,37.9,27.91,70.1,2.407,0.22792209123883928,False,-0.034211951194466,-0.08211102172164114,0.0,-0.21873580907805362,2.119935170178282
2024-09-08,Karnal,Haryana,Wheat,2550.22,0.0,0.0,38.16,26.23,61.3,2.015,0.22865783279220778,True,-0.034211951194466,-0.4030120675784392,0.0,-0.2166731403641071,1.8209552864906091
2024-09-09,Karnal,Haryana,Wheat,2569.09,1184.1,0.0,40.1,28.4,70.8,1.824,0.2292616090452516,False,-0.02540398995509654,-0.09817538213998389,0.0,-0.21498043946706583,1.6752788635713602
2024-09-10,Karnal,Haryana,Wheat,2537.48,916.1,0.0,37.54,28.35,73.7,1.597,0.22971530539772728,False,-0.040158608650192704,-0.16716975060337888,0.0,-0.21370849109389234,1.5021451043950804
2024-09-11,Karnal,Haryana,Wheat,2373.8,1445.4,0.0,36.71,25.9,68.5,1.304,0.2300008072493912,False,-0.11655962060885543,-0.030905872888173702,0.0,-0.21290807995154923,1.2786728954142434
2024-09-12,Karnal,Haryana,Wheat,2100.52,942.4,15.05,38.29,26.55,74.3,1.308,0.2301,False,-0.244118690428402,-0.16039903459372482,15.05,-0.21262999074699862,1.2817237105539137
2024-09-13,Karnal,Haryana,Wheat,2320.5,1248.2,0.0,39.83,25.71,72.8,1.036,0.229677734375,False,-0.14143849363791663,-0.08167337087691064,0.0,-0.21381382233796264,1.0742682810563446
2024-09-14,Karnal,Haryana,Wheat,2777.62,1618.7,59.05,38.59,26.43,85.8,2.117,0.228484375,False,0.07193168345484928,0.013708769106999254,59.05,-0.21715943335590449,1.8987510725521974
2024-09-15,Karnal,Haryana,Wheat,2777.62,0.0,4.62,37.85,26.92,69.9,1.744,0.226630078125,True,0.07193168345484928,-0.4030120675784392,4.62,-0.22235799816839869,1.6142625607779577
2024-09-16,Karnal,Haryana,Wheat,2296.12,1270.4,0.0,35.55,24.75,64.1,1.4,0.224225,False,-0.1528183608883578,-0.07595816572807716,0.0,-0.22910069114301984,1.3518924587663266
2024-09-17,Karnal,Haryana,Wheat,2465.87,1622.1,0.0,37.71,24.64,69.9,1.124,0.221379296875,False,-0.07358405138210773,0.014584070796460201,0.0,-0.2370786866473427,1.1413862141290876
2024-09-18,Karnal,Haryana,Wheat,2551.62,1555.8,0.0,39.22,24.83,68.3,0.846,0.218203125,False,-0.0335584723531773,-0.002484312148028927,0.0,-0.24598315904894166,0.9293545619220134
2024-09-19,Karnal,Haryana,Wheat,2296.94,1049.7,0.0,35.22,26.14,72.5,0.594,0.214806640625,False,-0.15243560899560293,-0.1327755430410297,0.0,-0.25550528271539147,0.7371532081227952
2024-09-20,Karnal,Haryana,Wheat,2668.83,2509.4,0.0,36.74,24.84,72.8,0.341,0.2113,False,0.021151709780711195,0.24301206757843932,0.0,-0.26533623201426665,0.5441891505386596
2024-09-21,Karnal,Haryana,Wheat,2515.75,980.8,23.92,38.18,25.47,81.1,0.755,0.207793359375,False,-0.05030153380819456,-0.15051327433628314,23.92,-0.27516718131314183,0.859948517494518
2024-09-22,Karnal,Haryana,Wheat,2515.75,0.0,0.0,37.38,26.23,32.5,0.675,0.20439687500000003,True,-0.05030153380819456,-0.4030120675784392,0.0,-0.2846893049795915,0.7989322147011154
2024-09-23,Karnal,Haryana,Wheat,2589.95,1996.2,0.0,37.0,23.15,24.1,0.568,0.20122070312499998,False,-0.015667155219895656,0.11089300080450529,0.0,-0.2935937773811906,0.7173229097149393
2024-09-24,Karnal,Haryana,Wheat,2340.74,1979.1,20.86,36.84,25.7,45.0,0.913,0.19837500000000002,False,-0.1319910566752864,0.10649074818986326,20.86,-0.3015717728855133,0.9804557155114882
2024-09-25,Karnal,Haryana,Wheat,2384.55,1206.0,0.0,35.11,22.67,37.2,0.741,0.19596992187499998,False,-0.11154183664896035,-0.09253740949316167,0.0,-0.3083144658601346,0.8492706645056725
2024-09-26,Karnal,Haryana,Wheat,2230.38,1697.2,0.0,34.62,24.24,31.8,0.54,0.194115625,False,-0.1835038601928695,0.03391794046661309,0.0,-0.3135130306726287,0.6959672037372485
2024-09-27,Karnal,Haryana,Wheat,2544.85,1109.5,0.0,36.76,24.97,37.8,0.262,0.192922265625,False,-0.03671850932140888,-0.11738053097345127,0.0,-0.31685864169057054,0.4839355515301745
2024-09-28,Karnal,Haryana,Wheat,2391.1,1011.3,0.0,36.57,23.53,27.8,0.104,0.1925,False,-0.10848448921293138,-0.1426613032984714,0.0,-0.31804247328153457,0.3634283535132043
2024-09-29,Karnal,Haryana,Wheat,2391.1,0.0,0.0,36.63,22.17,40.2,-0.071,0.19270987008694,True,-0.10848448921293138,-0.4030120675784392,0.0,-0.3174540975667983,0.22995519115263607
2024-09-30,Karnal,Haryana,Wheat,2315.89,1546.0,0.0,36.65,22.47,33.3,-0.157,0.1933104941579093,False,-0.14359030610816007,-0.005007240547063509,0.0,-0.31577023388618997,0.16436266564972826
2024-10-01,Karnal,Haryana,Wheat,2315.89,0.0,0.0,34.64,22.02,30.9,-0.167,0.19425839292813193,False,-0.14359030610816007,-0.4030120675784392,0.0,-0.3131127774351101,0.15673562780055295
2024-10-02,Karnal,Haryana,Wheat,2280.45,983.7,0.0,34.4,22.34,31.9,-0.13,0.19551008711283188,False,-0.16013265620478162,-0.14976669348350757,0.0,-0.3096036234089595,0.18495566784250164
2024-10-03,Karnal,Haryana,Wheat,2498.96,1318.1,0.0,35.54,22.02,33.8,-0.214,0.19702209742723314,False,-0.058138612197649264,-0.06367819790828638,0.0,-0.30536466700313875,0.12088854990942892
2024-10-04,Karnal,Haryana,Wheat,2293.02,3034.9,0.0,34.67,21.28,34.9,-0.394,0.19875094458655973,False,-0.1542653497512112,0.37829766693483513,0.0,-0.3005178034130484,-0.016398131375726967
2024-10-05,Karnal,Haryana,Wheat,2382.52,1792.6,0.0,34.71,23.18,35.2,-0.447,0.20065314930603567,False,-0.112489380968829,0.05847787610619471,0.0,-0.2951849278340891,-0.05682143197635619
2024-10-06,Karnal,Haryana,Wheat,2382.52,0.0,0.0,34.93,22.14,32.9,-0.491,0.20268523230088495,True,-0.112489380968829,-0.4030120675784392,0.0,-0.28948793546166157,-0.09038039851272761
2024-10-07,Karnal,Haryana,Wheat,2508.85,1703.8,0.0,35.15,22.87,36.0,-0.495,0.2048037142863316,False,-0.05352225095454586,0.035617055510860855,0.0,-0.2835487214911662,-0.09343121365239775
2024-10-08,Karnal,Haryana,Wheat,2108.34,876.7,0.0,32.47,19.99,35.0,-0.54,0.20696511597759956,False,-0.24046854432920384,-0.1773129525341914,0.0,-0.27748918111800397,-0.12775288397368673
2024-10-09,Karnal,Haryana,Wheat,2470.93,435.6,0.0,32.43,19.94,31.8,-0.575,0.2091259580899129,False,-0.07122219214145017,-0.29087047465808524,0.0,-0.2714312095375752,-0.15444751644580032
2024-10-10,Karnal,Haryana,Wheat,2782.76,1191.5,0.0,30.96,22.9,31.0,-0.649,0.21124276133849557,False,0.07433088434358066,-0.09627031375703937,0.0,-0.26549670194528086,-0.21088759652969777
2024-10-11,Karnal,Haryana,Wheat,2674.94,2073.9,0.0,32.94,20.37,38.0,-0.694,0.21327204643857162,False,0.024003678152335336,0.13089621882542243,0.0,-0.2598075535365213,-0.2452092668509867
2024-10-12,Karnal,Haryana,Wheat,2306.7,1957.0,0.0,30.3,19.4,37.6,-0.683,0.21517033410536507,False,-0.14787992793061924,0.1008012872083669,0.0,-0.2544856595066971,-0.23681952521689392
2024-10-13,Karnal,Haryana,Wheat,2306.7,0.0,0.0,32.02,21.8,35.3,-0.827,0.21689414505409985,True,-0.14787992793061924,-0.4030120675784392,0.0,-0.24965291505120915,-0.34664887024501856
2024-10-14,Karnal,Haryana,Wheat,2482.85,992.7,0.0,32.17,20.24,39.6,-0.851,0.2184,False,-0.06565828657847812,-0.1474497184231697,0.0,-0.24543121536545792,-0.36495376108303934
2024-10-15,Karnal,Haryana,Wheat,2726.5,1422.7,0.0,30.81,18.81,25.2,-0.811,0.21983173385215016,False,0.04807037033579483,-0.03674979887369262,0.0,-0.24141731590578022,-0.3344456096863381
2024-10-16,Karnal,Haryana,Wheat,1983.31,1092.1,0.0,31.97,21.69,32.2,-0.717,0.22134607214463498,False,-0.2988288725622905,-0.12186001609010456,0.0,-0.23717183295876068,-0.26275145390408994
2024-10-17,Karnal,Haryana,Wheat,2650.4,1002.5,0.0,29.24,19.17,29.2,-0.759,0.2229188715301784,False,0.01254912760574698,-0.1449267900241351,0.0,-0.23276245296517228,-0.29478501287062636
2024-10-18,Karnal,Haryana,Wheat,2373.55,1740.2,0.0,29.07,20.36,46.3,-0.699,0.22452598866150444,False,-0.11667631325908553,0.0449879324215608,0.0,-0.22825686236578768,-0.24902278577557435
2024-10-19,Karnal,Haryana,Wheat,2285.16,998.2,0.0,32.4,17.96,38.6,-0.616,0.22614328019133711,False,-0.15793416667444618,-0.14603378921962987,0.0,-0.22372274760137972,-0.1857183716274192
2024-10-20,Karnal,Haryana,Wheat,2285.16,0.0,0.0,30.11,17.59,34.6,-0.67,0.22774660277240047,True,-0.15793416667444618,-0.4030120675784392,0.0,-0.21922779511272097,-0.22690437601296598
2024-10-21,Karnal,Haryana,Wheat,2186.09,975.4,8.75,28.85,17.48,41.6,-0.527,0.22931181305741843,False,-0.20417713010763716,-0.1519034593724859,8.75,-0.2148396913405845,-0.11783773476975881
2024-10-22,Karnal,Haryana,Wheat,2309.62,2466.5,0.0,30.42,18.91,40.6,-0.578,0.23081476769911505,False,-0.14651695777593143,0.2319678197908287,0.0,-0.21062612272574288,-0.15673562780055292
2024-10-23,Karnal,Haryana,Wheat,2225.4,675.8,17.49,31.33,17.35,45.8,-0.218,0.23223132335021432,False,-0.18582837778545344,-0.22903298471440062,17.49,-0.20665477570896895,0.11783773476975878
2024-10-24,Karnal,Haryana,Wheat,2461.67,858.5,0.0,28.63,17.21,39.6,-0.229,0.2335373366634403,False,-0.07554448790597364,-0.18199839098954138,0.0,-0.20299333673103534,0.10944799313566592
2024-10-25,Karnal,Haryana,Wheat,2543.97,1136.5,0.0,30.26,18.84,33.7,-0.352,0.23470866429151688,False,-0.037129267450218946,-0.1104296057924376,0.0,-0.19970949223271506,0.015635427590809433
2024-10-26,Karnal,Haryana,Wheat,2377.64,599.2,0.0,27.63,16.85,32.5,-0.32,0.2357211628871681,False,-0.11476722150132096,-0.24875301689460977,0.0,-0.1968709286547808,0.040041948708170454
2024-10-27,Karnal,Haryana,Wheat,2377.64,0.0,0.0,27.28,19.42,30.2,-0.434,0.23655068910311805,True,-0.11476722150132096,-0.4030120675784392,0.0,-0.1945453324380052,-0.046906282772428254
2024-10-28,Karnal,Haryana,Wheat,2323.27,601.1,0.0,29.23,17.25,37.5,-0.563,0.2371730995920907,False,-0.14014553907336694,-0.24826387771520508,0.0,-0.192800390023161,-0.14529507102678993
2024-10-29,Karnal,Haryana,Wheat,2368.47,1083.4,0.0,29.07,18.33,34.2,-0.567,0.23756425100680997,False,-0.11904750791176172,-0.12409975864843115,0.0,-0.19170378785102127,-0.14834588616646005
2024-10-30,Karnal,Haryana,Wheat,2337.83,1093.1,0.0,29.3,18.51,32.9,-0.528,0.2377,False,-0.1333493591239649,-0.12160257441673368,0.0,-0.19132321236235839,-0.11860043855467634
2024-10-31,Karnal,Haryana,Wheat,2337.83,0.0,0.0,29.5,18.46,32.6,-0.557,0.2375387661637931,False,-0.1333493591239649,-0.4030120675784392,0.0,-0.1917752352065907,-0.14071884831728482
2024-11-01,Karnal,Haryana,Wheat,2568.28,1120.0,0.0,30.42,16.09,42.3,-0.568,0.23707931034482757,False,-0.025782074141842096,-0.11467739340305708,0.0,-0.1930633303792528,-0.14910858995137757
2024-11-02,Karnal,Haryana,Wheat,2526.93,1332.6,0.0,28.15,17.14,39.8,-0.484,0.2363580010775862,False,-0.04508303848990377,-0.05994529364440866,0.0,-0.19508553784029217,-0.08504147201830488
2024-11-03,Karnal,Haryana,Wheat,2526.93,0.0,0.0,27.08,15.59,44.2,-0.454,0.23541120689655173,True,-0.04508303848990377,-0.4030120675784392,0.0,-0.19773989754965643,-0.06216035847077892
2024-11-04,Karnal,Haryana,Wheat,2182.21,1541.1,0.0,29.0,17.7,37.6,-0.501,0.2342752963362069,False,-0.20598820003920865,-0.006268704746580829,0.0,-0.2009244494672933,-0.09800743636190294
2024-11-05,Karnal,Haryana,Wheat,2368.22,1477.5,0.0,26.45,16.62,35.3,-0.571,0.23298663793103447,False,-0.11916420056199183,-0.02264199517296858,0.0,-0.20453723355315023,-0.1513967013061302
2024-11-06,Karnal,Haryana,Wheat,2734.78,1070.3,0.0,27.0,15.64,34.9,-0.54,0.23158160021551724,False,0.05193523091141643,-0.12747224456958967,0.0,-0.2084762897671748,-0.12775288397368673
2024-11-07,Karnal,Haryana,Wheat,2635.22,1446.1,0.0,25.18,14.56,29.9,-0.528,0.23009655172413793,False,0.005463549883774086,-0.030725663716814136,0.0,-0.21263965806931473,-0.11860043855467634
2024-11-08,Karnal,Haryana,Wheat,2488.14,1122.5,0.0,24.75,16.02,28.7,-0.543,0.22856786099137932,False,-0.06318907009960885,-0.11403378921962988,0.0,-0.21692537841951745,-0.13004099532843935
2024-11-09,Karnal,Haryana,Wheat,2356.94,704.3,34.34,28.77,14.75,47.8,0.184,0.22703189655172412,False,-0.12442937294037464,-0.22169589702333062,34.34,-0.22123149077773083,0.4244446563066069
2024-11-10,Karnal,Haryana,Wheat,2356.94,0.0,0.0,28.01,13.65,30.3,0.053,0.22552502693965515,True,-0.12442937294037464,-0.4030120675784392,0.0,-0.2254560351039022,0.32453046048241013
2024-11-11,Karnal,Haryana,Wheat,2358.27,873.7,0.0,27.19,14.4,36.1,-0.066,0.22408362068965518,False,-0.12380856804115044,-0.17808527755430403,0.0,-0.22949705135797913,0.23376871007722375
2024-11-12,Karnal,Haryana,Wheat,2674.82,1640.8,0.0,25.7,15.55,40.6,-0.181,0.2227440463362069,False,0.023947665680224932,0.01939823008849561,0.0,-0.23325257949990943,0.1460577748117075
2024-11-13,Karnal,Haryana,Wheat,2273.74,1344.1,0.0,24.45,16.09,31.7,-0.299,0.2215426724137931,False,-0.163264686936958,-0.05698471440064358,0.0,-0.23662065948964056,0.05605872819143865
2024-11-14,Karnal,Haryana,Wheat,2618.34,1165.0,0.0,24.19,12.94,45.1,-0.351,0.22051586745689655,False,-0.002415537859763313,-0.10309251810136762,0.0,-0.23949933128712017,0.016398131375726967
2024-11-15,Karnal,Haryana,Wheat,2331.28,622.1,0.0,24.42,15.72,30.0,-0.452,0.2197,False,-0.13640670655999387,-0.2428576025744167,0.0,-0.2417866348522958,-0.060634950900943854
2024-11-16,Karnal,Haryana,Wheat,2703.46,2057.0,0.0,25.58,12.55,40.0,-0.491,0.21899531418372845,False,0.03731597569058718,0.1265454545454546,0.0,-0.24376223807836125,-0.09038039851272761
2024-11-17,Karnal,Haryana,Wheat,2703.46,0.0,0.0,26.15,13.58,37.1,-0.664,0.2182827182112069,True,0.03731597569058718,-0.4030120675784392,0.0,-0.24576001761313807,-0.22232815330346078
2024-11-18,Karnal,Haryana,Wheat,2291.3,1498.4,0.0,25.72,11.96,41.0,-0.724,0.21756957671066812,False,-0.15506819518479434,-0.017261464199517226,0.0,-0.24775932654851562,-0.2680903803985127
2024-11-19,Karnal,Haryana,Wheat,2373.66,1153.1,0.0,23.83,12.27,29.4,-0.674,0.21686325431034484,False,-0.11662496849298444,-0.10615607401448107,0.0,-0.24973951797638344,-0.2299551911526361
2024-11-20,Karnal,Haryana,Wheat,2575.94,1091.2,0.0,26.69,11.4,46.5,-0.752,0.21617111563846983,False,-0.02220661133879135,-0.12209171359613831,0.0,-0.25167994498863083,-0.2894460863762036
2024-11-21,Karnal,Haryana,Wheat,2338.38,1283.8,0.0,25.53,13.48,34.1,-0.729,0.21550052532327588,False,-0.13309263529345855,-0.07250844730490745,0.0,-0.2535599606771471,-0.2719038993231004
2024-11-22,Karnal,Haryana,Wheat,2438.21,1211.2,0.0,24.53,11.85,38.4,-0.796,0.2148588479929957,False,-0.08649492620356791,-0.0911987127916331,0.0,-0.2553589181338217,-0.3230050529125751
2024-11-23,Karnal,Haryana,Wheat,2336.29,1092.9,0.0,24.62,12.96,42.2,-0.757,0.21425344827586207,False,-0.1340681858493824,-0.12165406275140782,0.0,-0.25705617045054413,-0.2932596053007913
2024-11-24,Karnal,Haryana,Wheat,2336.29,0.0,0.0,23.58,12.51,32.0,-0.788,0.21369169080010778,True,-0.1340681858493824,-0.4030120675784392,0.0,-0.25863107071920355,-0.31690342263323484
2024-11-25,Karnal,Haryana,Wheat,2841.4,1393.5,0.0,22.64,11.83,39.1,-0.817,0.21318094019396552,False,0.10170231238155705,-0.04426709573612224,0.0,-0.26006297203168954,-0.3390218323958432
2024-11-26,Karnal,Haryana,Wheat,2737.29,1428.4,0.0,22.96,10.8,31.1,-0.82,0.2127285610856681,False,0.0531068251197267,-0.03528238133547861,0.0,-0.26133122747989146,-0.3413099437505958
2024-11-27,Karnal,Haryana,Wheat,2411.08,1218.4,0.0,24.6,10.25,42.0,-0.907,0.21234191810344827,False,-0.09915841260654036,-0.08934513274336277,0.0,-0.2624151901556986,-0.40766517303842115
2024-11-28,Karnal,Haryana,Wheat,2358.22,1491.3,0.0,21.09,10.84,31.2,-0.843,0.2120283758755388,False,-0.12383190657119655,-0.019089300080450487,0.0,-0.2632942131510004,-0.35885213080369904
2024-11-29,Karnal,Haryana,Wheat,2288.51,1034.5,0.0,21.39,11.91,35.2,-0.766,0.2117952990301724,False,-0.15637048516136243,-0.13668865647626705,0.0,-0.26394764955768624,-0.3001239393650491
2024-11-30,Karnal,Haryana,Wheat,2754.39,2614.4,0.0,20.92,11.74,36.5,-0.8,0.21165005219558192,False,0.06108860239546672,0.2700434432823814,0.0,-0.26435485246764545,-0.32605586805224523
2024-12-01,Karnal,Haryana,Wheat,2754.39,0.0,0.0,20.74,10.47,38.9,-0.776,0.2116,True,0.06108860239546672,-0.4030120675784392,0.0,-0.26449517497276764,-0.3077509772142244
2024-12-02,Karnal,Haryana,Wheat,2634.92,1567.0,0.0,24.25,12.07,44.8,-0.739,0.21160557401116994,False,0.005323518703498072,0.00039903459372490603,0.0,-0.2644795481016214,-0.2795309371722757
2024-12-03,Karnal,Haryana,Wheat,2388.49,608.2,0.0,23.42,12.36,32.7,-0.759,0.21162205964170108,False,-0.10970276048133389,-0.24643604183427187,0.0,-0.2644333302494822,-0.29478501287062636
2024-12-04,Karnal,Haryana,Wheat,2117.28,1483.6,0.0,22.24,11.36,40.7,-0.84,0.21164910228712547,False,-0.23629561515697478,-0.02107160096540625,0.0,-0.26435751555829906,-0.35656401944894645
2024-12-05,Karnal,Haryana,Wheat,2156.81,1066.6,0.0,20.4,11.45,44.9,-0.422,0.21168634734297515,False,-0.21784417330258868,-0.12842477876106193,0.0,-0.2642530981700211,-0.037753837353417856
2024-12-06,Karnal,Haryana,Wheat,2448.77,852.0,34.09,22.02,11.27,46.1,-0.004,0.2117334402047821,False,-0.08156582865784776,-0.1836717618664521,34.09,-0.2641210722265975,0.2810563447421108
2024-12-07,Karnal,Haryana,Wheat,2337.93,1057.2,0.0,21.8,11.35,32.2,-0.145,0.21179002626807836,False,-0.1333026820638729,-0.13084473049074813,0.0,-0.2639624318699774,0.17351511106873868
2024-12-08,Karnal,Haryana,Wheat,2337.93,0.0,0.0,20.31,11.89,26.3,-0.131,0.21185575092839598,True,-0.1333026820638729,-0.4030120675784392,0.0,-0.2637781712421099,0.18419296405758412
2024-12-09,Karnal,Haryana,Wheat,2506.54,1433.0,0.0,21.35,11.83,44.4,-0.182,0.211930259581267,False,-0.054600491042672124,-0.0340981496379726,0.0,-0.263569284484944,0.14529507102678996
2024-12-10,Karnal,Haryana,Wheat,2644.52,2112.7,0.0,21.06,8.31,33.8,-0.248,0.2120131976222234,False,0.009804516472334556,0.14088495575221238,0.0,-0.2633367657404289,0.0949566212222328
2024-12-11,Karnal,Haryana,Wheat,2305.74,1602.4,0.0,21.9,10.14,30.0,-0.381,0.21210421044679725,False,-0.14832802770750292,0.009512469831053971,0.0,-0.26308160915051376,-0.0064829821717990324
2024-12-12,Karnal,Haryana,Wheat,2197.14,3156.0,0.0,21.86,10.16,28.2,-0.326,0.21220294345052057,False,-0.19901931496746608,0.40947385358004834,0.0,-0.26280480885714763,0.03546572599866526
2024-12-13,Karnal,Haryana,Wheat,2310.61,696.8,0.0,19.08,9.0,30.0,-0.271,0.21230904202892537,False,-0.14605485488102005,-0.2236267095736122,0.0,-0.26250735900227967,0.07741443416912955
2024-12-14,Karnal,Haryana,Wheat,2244.09,1005.4,0.0,20.44,10.49,39.6,-0.288,0.21242215157754366,False,-0.17710443525424982,-0.14418020917135957,0.0,-0.2621902537278591,0.06444846982553151
2024-12-15,Karnal,Haryana,Wheat,2244.09,0.0,0.0,21.46,7.81,40.3,-0.327,0.21254191749190754,True,-0.17710443525424982,-0.4030120675784392,0.0,-0.26185448717583476,0.03470302221374772
2024-12-16,Karnal,Haryana,Wheat,2439.27,1845.6,0.0,20.79,8.27,38.3,-0.348,0.21266798516754898,False,-0.08600014936659224,0.0721222847948512,0.0,-0.26150105348815594,0.018686242730479564
2024-12-17,Karnal,Haryana,Wheat,2836.5,1111.1,0.0,22.26,10.6,35.7,-0.43,0.2128,False,0.0994151364370467,-0.11696862429605791,0.0,-0.26113094680677185,-0.04385546763275812
2024-12-18,Karnal,Haryana,Wheat,2588.32,1282.7,0.0,21.26,9.34,28.8,-0.503,0.2132744842683085,False,-0.01642799129939586,-0.07279163314561539,0.0,-0.259800719023634,-0.099532843931738
2024-12-19,Karnal,Haryana,Wheat,2822.01,1498.5,0.0,18.93,7.62,31.4,-0.567,0.21440960680632806,False,0.09265163042970917,-0.01723572003218016,0.0,-0.2566183763450823,-0.14834588616646005
2024-12-20,Karnal,Haryana,Wheat,2181.77,721.5,0.0,18.41,7.28,29.5,-0.638,0.21617748284179916,False,-0.2061935791036137,-0.2172679002413515,0.0,-0.25166209438464815,-0.20249785489560493
2024-12-21,Karnal,Haryana,Wheat,1881.97,966.0,48.7,20.88,8.85,52.5,0.427,0.21855022760246234,False,-0.34613140525957103,-0.15432341110217213,48.7,-0.24501004875586307,0.6097816760415673
2024-12-22,Karnal,Haryana,Wheat,1881.97,0.0,0.0,18.01,8.24,29.7,0.25,0.22149995631605804,True,-0.34613140525957103,-0.4030120675784392,0.0,-0.23674041507225868,0.4747831061111641
2024-12-23,Karnal,Haryana,Wheat,2466.04,991.3,0.0,20.43,9.71,31.4,0.101,0.22499878421032676,False,-0.07350470037995123,-0.14781013676588894,0.0,-0.22693136894736643,0.3611402421584517
2024-12-24,Karnal,Haryana,Wheat,2466.04,0.0,0.0,21.93,6.73,34.1,-0.031,0.2290188265130091,False,-0.07350470037995123,-0.4030120675784392,0.0,-0.2156610859947176,0.2604633425493374
2024-12-25,Karnal,Haryana,Wheat,2461.15,876.0,0.0,20.2,9.3,26.7,-0.116,0.23353219845184545,False,-0.07578720861845227,-0.17749316170555104,0.0,-0.20300774182784384,0.1956335208313471
2024-12-26,Karnal,Haryana,Wheat,2232.55,1087.0,0.0,19.28,6.73,35.2,-0.201,0.23851101525457638,False,-0.18249096798887204,-0.12317296862429601,0.0,-0.1890495120602766,0.13080369911335682
2024-12-27,Karnal,Haryana,Wheat,2555.44,1274.1,0.0,20.34,7.67,34.5,-0.271,0.24392739214894238,False,-0.03177540865766102,-0.07500563153660496,0.0,-0.17386457230554733,0.07741443416912955
2024-12-28,Karnal,Haryana,Wheat,2591.32,1172.7,0.0,19.43,7.74,40.9,-0.249,0.24975344436268393,False,-0.015027679496634447,-0.10111021721641185,0.0,-0.1575310981771876,0.09419391743731527
2024-12-29,Karnal,Haryana,Wheat,2591.32,0.0,0.0,19.75,8.0,30.9,-0.318,0.25596128712354155,True,-0.015027679496634447,-0.4030120675784392,0.0,-0.14012726528872885,0.04156735627800552
2024-12-30,Karnal,Haryana,Wheat,2375.44,1671.3,0.0,21.46,8.91,28.5,-0.249,0.2625230356592557,False,-0.11579411682334591,0.027250201126307355,0.0,-0.1217312492537026,0.09419391743731527
2024-12-31,Karnal,Haryana,Wheat,2387.44,1150.5,0.0,18.89,9.03,33.1,-0.301,0.26941080519756705,False,-0.11019286961230025,-0.10682542236524532,0.0,-0.10242122568564005,0.054533320621603584
2025-01-01,Karnal,Haryana,Wheat,2316.39,1295.3,0.0,21.46,8.86,29.5,-0.396,0.2765967109662159,False,-0.14335692080769985,-0.06954786806114237,0.0,-0.08227537019807306,-0.01792353894556203
2025-01-02,Karnal,Haryana,Wheat,2227.51,989.7,45.9,21.14,8.92,49.0,0.68,0.28405286819294284,False,-0.1848434918175112,-0.14822204344328233,45.9,-0.06137185840453297,0.802745733625703
2025-01-03,Karnal,Haryana,Wheat,2447.02,2043.8,0.0,17.89,6.78,25.7,0.489,0.2917513921054884,False,-0.08238267720945859,0.12314722445695901,0.0,-0.03978886591855118,0.6570693107064542
2025-01-04,Karnal,Haryana,Wheat,2496.36,1051.7,0.0,17.26,8.23,32.0,0.5609999999999999,0.2996643979315929,False,-0.059352215760042445,-0.13226065969428796,0.0,-0.01760456835365966,0.7119839832205167
2025-01-05,Karnal,Haryana,Wheat,2496.36,0.0,25.27,17.35,9.19,37.9,0.633,0.30776400089899714,True,-0.059352215760042445,-0.4030120675784392,25.27,0.005102858676610985,0.766898655734579
2025-01-06,Karnal,Haryana,Wheat,2240.93,1736.1,0.0,16.93,5.95,37.8,0.438,0.3160223162354414,False,-0.17857943035315865,0.04393242156074017,0.0,0.028255239558728617,0.6181714176756602
2025-01-07,Karnal,Haryana,Wheat,2527.14,1334.5,0.0,17.22,6.21,30.9,0.38,0.3244114591686663,False,-0.04498501666371045,-0.05945615446500398,0.0,0.05177439867916202,0.5739345981504432
2025-01-08,Karnal,Haryana,Wheat,2300.09,1324.8,0.0,19.83,6.01,26.3,0.176,0.3329035449264123,False,-0.1509652816027034,-0.06195333869670149,0.0,0.0755821604243795,0.41834302602726664
2025-01-09,Karnal,Haryana,Wheat,2386.15,608.2,0.0,17.03,5.73,34.0,0.031,0.34147068873641984,False,-0.11079500368748764,-0.24643604183427187,0.0,0.09960034918084971,0.3077509772142244
2025-01-10,Karnal,Haryana,Wheat,2362.25,1542.8,0.0,18.11,8.57,36.6,0.0,0.35008500582642954,False,-0.12195082104948696,-0.005831053901850327,0.0,0.12375078933504127,0.28410715988178087
2025-01-11,Karnal,Haryana,Wheat,2702.66,1242.3,0.0,20.45,7.76,33.6,-0.079,0.3587186114241818,False,0.03694255920985071,-0.08319227674979884,0.0,0.14795530527342252,0.2238535608732958
2025-01-12,Karnal,Haryana,Wheat,2702.66,0.0,0.0,16.72,6.46,31.9,-0.184,0.3673436207574173,True,0.03694255920985071,-0.4030120675784392,0.0,0.1721357213824622,0.14376966345695488
2025-01-13,Karnal,Haryana,Wheat,2808.83,1305.9,4.46,20.25,6.65,33.0,-0.21,0.3759321490538763,False,0.08649959390957722,-0.06681898632341103,4.46,0.1962138620486285,0.12393936504909905
2025-01-14,Karnal,Haryana,Wheat,2598.61,1010.3,0.0,17.83,8.53,35.6,-0.267,0.38445631154129944,False,-0.011624921815924226,-0.1429187449718423,0.0,0.22011155165839022,0.08046524930879967
2025-01-15,Karnal,Haryana,Wheat,2830.7,1686.3,0.0,17.08,6.19,30.6,-0.341,0.3928882234474272,False,0.09670786695170788,0.03111182622687051,0.0,0.24375061459821565,0.024025169224902256
2025-01-16,Karnal,Haryana,Wheat,2580.74,1327.1,0.0,19.66,8.24,33.4,-0.45,0.4012,False,-0.019966112454373214,-0.06136122284794849,0.0,0.2670528752545733,-0.05910954333110879
2025-01-17,Karnal,Haryana,Wheat,2404.32,792.2,0.0,19.35,8.23,38.8,-0.544,0.4098543513071275,False,-0.10231378186876264,-0.19906677393403052,0.0,0.2913155522761242,-0.13080369911335687
2025-01-18,Karnal,Haryana,Wheat,2274.13,1977.2,0.0,20.46,7.13,28.5,-0.632,0.41926972879778546,False,-0.16308264640259887,0.10600160901045863,0.0,0.3177117840657531,-0.1979216321860997
2025-01-19,Karnal,Haryana,Wheat,2274.13,0.0,38.06,19.81,6.93,46.2,0.15,0.42935185968101364,True,-0.16308264640259887,-0.4030120675784392,38.06,0.34597727464126365,0.39851272761941076
2025-01-20,Karnal,Haryana,Wheat,2756.65,1736.3,0.0,20.12,6.97,26.1,0.085,0.44000647116585184,False,0.06214350395354709,0.043983909895414355,0.0,0.37584772802045974,0.34893698159977116
2025-01-21,Karnal,Haryana,Wheat,2438.07,2147.8,0.0,17.77,8.68,36.1,0.02,0.45113929046134,False,-0.08656027408769672,0.14992115848753026,0.0,0.40705884822114563,0.29936123558013156
2025-01-22,Karnal,Haryana,Wheat,2580.31,874.0,0.0,17.31,5.94,30.1,-0.029,0.46265604477651795,False,-0.020166823812768943,-0.17800804505229278,0.0,0.4393463392611254,0.26198875011917244
2025-01-23,Karnal,Haryana,Wheat,2488.23,1245.0,0.0,19.89,8.09,40.1,-0.129,0.4744624613204255,False,-0.06314706074552594,-0.08249718423169745,0.0,0.4724459051582029,0.1857183716274192
2025-01-24,Karnal,Haryana,Wheat,2496.65,1217.9,0.0,20.16,8.58,27.6,-0.2255,0.4864642673021025,False,-0.05921685228577553,-0.0894738535800482,0.0,0.506093249930182,0.11211745638287729
2025-01-25,Karnal,Haryana,Wheat,2504.22,1251.9,0.0,21.0,5.93,37.2,-0.322,0.4985671899305888,False,-0.055683398836807695,-0.08072083668543839,0.0,0.5400240775948668,0.038516541138335386
2025-01-26,Karnal,Haryana,Wheat,2504.22,0.0,0.0,18.42,5.72,41.1,-0.325,0.5106769564149242,True,-0.055683398836807695,-0.4030120675784392,0.0,0.5739740921700613,0.03622842978358279
2025-01-27,Karnal,Haryana,Wheat,2292.46,931.4,0.0,18.26,6.07,29.8,-0.5,0.5226992939641487,False,-0.15452674128772664,-0.16323089300080446,0.0,0.60767899767357,-0.0972447325769854
2025-01-28,Karnal,Haryana,Wheat,2393.23,1246.9,0.0,20.11,6.28,30.7,-0.576,0.5345399297873019,False,-0.10749026783297073,-0.08200804505229277,0.0,0.6408744981231961,-0.15521022023071784
2025-01-29,Karnal,Haryana,Wheat,2507.37,2390.8,0.0,18.18,6.85,30.3,-0.664,0.5461045910934239,False,-0.05421307144390817,0.21247948511665335,0.0,0.6732962975367441,-0.22232815330346078
2025-01-30,Karnal,Haryana,Wheat,2477.86,1286.1,0.0,20.87,7.25,32.6,-0.605,0.5572990050915543,False,-0.06798747187707117,-0.07191633145615445,0.0,0.7046800999320176,-0.17732862999332633
2025-01-31,Karnal,Haryana,Wheat,2356.59,1059.7,0.0,20.58,8.91,37.6,-0.666,0.5680288989907332,False,-0.12459274265069675,-0.13020112630732095,0.0,0.7347616093268213,-0.22385356087329586
2025-02-01,Karnal,Haryana,Wheat,2527.42,1649.1,0.0,18.69,7.83,32.2,-0.789,0.5782,False,-0.044854320895452625,0.021534995977473877,0.0,0.7632765297389582,-0.31766612641815234
2025-02-02,Karnal,Haryana,Wheat,2527.42,0.0,0.0,20.18,7.99,29.4,-0.785,0.5880551142282184,True,-0.044854320895452625,-0.4030120675784392,0.0,0.7909055737936903,-0.31461531127848225
2025-02-03,Karnal,Haryana,Wheat,2215.41,1379.5,0.0,20.24,8.44,24.9,-0.817,0.597885165092531,False,-0.19049141608864908,-0.04787127916331452,0.0,0.8184643521194336,-0.3390218323958432
2025-02-04,Karnal,Haryana,Wheat,2500.56,1977.3,0.0,17.36,6.87,43.0,-0.857,0.6076680557643973,False,-0.057391779236176554,0.10602735317779569,0.0,0.8458909157387257,-0.36952998379254454
2025-02-05,Karnal,Haryana,Wheat,2218.04,1037.0,0.0,21.01,7.72,43.4,-0.898,0.6173816894152763,False,-0.18926380940822818,-0.13604505229283986,0.0,0.8731233156741023,-0.40080083897416346
2025-02-06,Karnal,Haryana,Wheat,2495.4,1092.4,0.0,19.28,9.23,37.8,-0.937,0.6270039692166274,False,-0.059800315536926114,-0.12178278358809325,0.0,0.9000996029481007,-0.4305462865859472
2025-02-07,Karnal,Haryana,Wheat,2085.79,1539.1,0.0,20.79,8.8,30.9,-0.885,0.6365127983399097,False,-0.2509942213799605,-0.006783588093322583,0.0,0.9267578285832572,-0.3908856897702354
2025-02-08,Karnal,Haryana,Wheat,2300.07,2289.4,25.33,18.58,7.24,46.3,-0.289,0.6458860799565829,False,-0.1509746170147218,0.1863748994368464,25.33,0.9530360436021096,0.06368576604061399
2025-02-09,Karnal,Haryana,Wheat,2300.07,0.0,9.91,21.23,9.44,42.7,-0.144,0.655101717238106,True,-0.1509746170147218,-0.4030120675784392,9.91,0.9788722990271939,0.1742778148536562
2025-02-10,Karnal,Haryana,Wheat,2140.52,1332.6,0.0,19.03,6.8,33.7,-0.297,0.6641376133559381,False,-0.22544786639158312,-0.05994529364440866,0.0,1.0042046458810467,0.05758413576127372
2025-02-11,Karnal,Haryana,Wheat,2360.74,2709.3,0.0,17.4,8.12,35.2,-0.376,0.6729716714815387,False,-0.12265564465687696,0.2944746580852777,0.0,1.0289711351862048,-0.0026694632472113664
2025-02-12,Karnal,Haryana,Wheat,2671.71,2329.4,0.0,21.5,8.25,41.2,-0.419,0.6815817947863672,False,0.022496009111362205,0.19667256637168148,0.0,1.0531098179652056,-0.03546572599866526
2025-02-13,Karnal,Haryana,Wheat,2193.14,1691.2,0.0,17.92,7.93,26.8,-0.454,0.6899458864418826,False,-0.20088639737114797,0.03237329042638783,0.0,1.0765587452405854,-0.06216035847077892
2025-02-14,Karnal,Haryana,Wheat,2357.955,1512.4,0.0,19.03,7.21,40.0,-0.493,0.6980418496195443,False,-0.12395560078044042,-0.01365728077232495,0.0,1.0992559680348808,-0.09190580608256267
2025-02-15,Karnal,Haryana,Wheat,2775.91,2745.8,0.0,21.96,8.96,33.5,-0.594,0.7058475874908114,False,0.07113350572727527,0.30387127916331463,0.0,1.1211395373706285,-0.16893888835923346
2025-02-16,Karnal,Haryana,Wheat,2775.91,0.0,0.0,22.05,7.9,29.4,-0.773,0.7133410032271437,True,0.07113350572727527,-0.4030120675784392,0.0,1.1421475042703664,-0.3054628658594718
2025-02-17,Karnal,Haryana,Wheat,2701.86,2840.7,0.0,20.45,8.39,29.8,-0.674,0.7205,False,0.03656914272911447,0.3283024939662108,0.0,1.1622179197566302,-0.2299551911526361
2025-02-18,Karnal,Haryana,Wheat,2359.32,2132.1,0.0,20.81,9.53,30.7,-0.777,0.7276718549935979,False,-0.12331845891018386,0.14587932421560743,0.0,1.1823243835665465,-0.30851368099914195
2025-02-19,Karnal,Haryana,Wheat,2428.46,1623.0,0.0,20.08,7.49,28.9,-0.908,0.7351480206999574,False,-0.0910459395625425,0.014815768302494012,0.0,1.203283989602369,-0.40842787682333875
2025-02-20,Karnal,Haryana,Wheat,2666.34,5629.1,0.0,19.49,7.88,43.9,-0.894,0.7428226632522408,False,0.019989450984419323,1.046152855993564,0.0,1.2248000301343205,-0.3977500238344933
2025-02-21,Karnal,Haryana,Wheat,2308.82,5015.6,0.0,19.75,8.47,37.5,-0.995,0.7505899487836108,False,-0.14689037425666768,0.8882123893805312,0.0,1.2465757974326264,-0.4747831061111641
2025-02-22,Karnal,Haryana,Wheat,2519.45,4093.8,0.0,21.41,7.91,40.3,-1.028,0.75834404342723,False,-0.0485744825847889,0.6509026548672567,0.0,1.2683145837675105,-0.4999523310134426
2025-02-23,Karnal,Haryana,Wheat,2519.45,0.0,0.0,21.88,7.96,37.8,-0.975,0.7659791133162611,True,-0.0485744825847889,-0.4030120675784392,0.0,1.289719681409198,-0.4595290304128134
2025-02-24,Karnal,Haryana,Wheat,2263.91,4459.4,0.0,22.17,8.63,35.3,-0.854,0.7733893245838669,False,-0.1678530419440062,0.7450233306516492,0.0,1.3104943826279138,-0.36724187243779194
2025-02-25,Karnal,Haryana,Wheat,2238.52,3624.0,0.0,22.28,8.3,35.4,-0.832,0.7804688433632095,False,-0.17970434750137693,0.5299565567176188,0.0,1.3303419796938813,-0.3504623891696062
2025-02-26,Karnal,Haryana,Wheat,2329.97,5610.2,0.0,19.26,8.91,33.0,-0.862,0.7871118357874521,False,-0.13701817604719987,1.0412872083668543,0.0,1.3489657648773263,-0.3733435027171322
2025-02-27,Karnal,Haryana,Wheat,2329.4,3657.2,0.0,21.2,9.09,33.4,-0.866,0.7932124679897568,False,-0.13728423528972442,0.5385036202735318,0.0,1.3660690304484715,-0.37639431785680233
2025-02-28,Karnal,Haryana,Wheat,2164.45,3652.0,0.0,19.36,9.44,28.0,-0.9279999999999999,0.7986649061032863,False,-0.21427804591155633,0.5371649235720033,0.0,1.3813550686775427,-0.4236819525216893
2025-03-01,Karnal,Haryana,Wheat,2234.61,7172.0,0.0,21.7,9.1,40.4,-0.99,0.8033633162612037,False,-0.1815294205509759,1.44335961383749,0.0,1.3945271718347647,-0.47096958718657633
2025-03-02,Karnal,Haryana,Wheat,2234.61,0.0,0.0,21.35,11.31,25.9,-1.003,0.807201864596671,True,-0.1815294205509759,-0.4030120675784392,0.0,1.405288632190361,-0.48088473639050416
2025-03-03,Karnal,Haryana,Wheat,2274.94,3919.3,0.0,23.49,8.92,29.7,-0.977,0.810074717242851,False,-0.1627045622158533,0.6059790828640387,0.0,1.4133427420145563,-0.4610544379826485
2025-03-04,Karnal,Haryana,Wheat,2500.86,4194.9,0.0,21.22,9.08,45.1,-0.845,0.8118760403329065,False,-0.057251748055900324,0.6769300080450522,0.0,1.4183927935775758,-0.36037753837353415
2025-03-05,Karnal,Haryana,Wheat,2029.83,5843.8,56.02,20.3,12.17,52.5,0.316,0.8125,False,-0.27711470420747014,1.1014255832662914,56.02,1.4201420791496435,0.5251215559157212
2025-03-06,Karnal,Haryana,Wheat,2226.12,5617.6,0.0,20.56,9.53,35.9,0.149,0.8118551375949037,False,-0.18549230295279082,1.043192276749799,0.0,1.418334192260963,0.3977500238344932
2025-03-07,Karnal,Haryana,Wheat,2286.49,8976.2,0.0,23.49,12.11,38.2,-0.084,0.8099923053543073,False,-0.15731336177522198,1.9078358809332263,0.0,1.4131116983506802,0.22004004194870813
2025-03-08,Karnal,Haryana,Wheat,2286.49,8139.6,0.0,23.0,11.54,27.3,-0.208,0.8070191357402491,False,-0.15731336177522198,1.6924601769911505,0.0,1.404776347552432,0.12546477261893413
2025-03-09,Karnal,Haryana,Wheat,2286.49,0.0,0.0,20.82,10.26,28.0,-0.34,0.8030432612147678,True,-0.15731336177522198,-0.4030120675784392,0.0,1.3936298899998574,0.02478787300981979
2025-03-10,Karnal,Haryana,Wheat,2093.16,9899.5,0.0,20.9,12.45,32.8,-0.494,0.7981723142399018,False,-0.24755412205117672,2.1455317779565566,0.0,1.3799740758265937,-0.09266850986748021
2025-03-11,Karnal,Haryana,Wheat,2341.24,7427.1,0.0,23.83,10.31,30.5,-0.483,0.7925139272776895,False,-0.13175767137482616,1.5090329847144008,0.0,1.3641106551662787,-0.08427876823338734
2025-03-12,Karnal,Haryana,Wheat,2044.56,5038.4,0.0,21.16,10.42,34.6,-0.513,0.7861757327901697,False,-0.2702391732559116,0.8940820595333869,0.0,1.3463413781525506,-0.10715988178091335
2025-03-13,Karnal,Haryana,Wheat,2308.67,10902.2,0.0,24.69,11.71,37.4,-0.507,0.7792653632393808,False,-0.1469603898468058,2.403668543845535,0.0,1.3269679949190474,-0.10258365907140814
2025-03-14,Karnal,Haryana,Wheat,2378.92,5891.9,0.0,24.33,13.63,41.9,-0.582,0.771890451087361,False,-0.11416975513214266,1.1138085277554304,0.0,1.3062922555994056,-0.15978644294022304
2025-03-15,Karnal,Haryana,Wheat,2321.47,8909.8,0.0,21.68,12.81,39.1,-0.62,0.7641586287961494,False,-0.1409857261550239,1.8907417538213998,0.0,1.2846159103272652,-0.18876918676708931
2025-03-16,Karnal,Haryana,Wheat,2321.47,0.0,0.0,21.86,11.82,30.0,-0.552,0.7561775288277839,True,-0.1409857261550239,-0.4030120675784392,0.0,1.2622407092362622,-0.13690532939269714
2025-03-17,Karnal,Haryana,Wheat,2235.57,10229.6,0.0,26.09,10.72,33.1,-0.59,0.7480547836443033,False,-0.18108132077409222,2.2305132743362837,0.0,1.2394684024600355,-0.1658880732195633
2025-03-18,Karnal,Haryana,Wheat,2224.32,8035.3,0.0,23.51,12.11,31.8,-0.574,0.7398980257077461,False,-0.18633249003444752,1.6656090104585681,0.0,1.2166007401322223,-0.1536848126608828
2025-03-19,Karnal,Haryana,Wheat,2279.75,10283.5,0.0,23.66,13.58,29.9,-0.646,0.7318148874801509,False,-0.16045939562542585,2.2443893805309734,0.0,1.1939394723864611,-0.20859948517494517
2025-03-20,Karnal,Haryana,Wheat,2127.42,20575.2,0.0,25.83,12.45,28.8,-0.629,0.723913001423556,False,-0.23156256126364128,4.8939018503620275,0.0,1.1717863493563891,-0.1956335208313471
2025-03-21,Karnal,Haryana,Wheat,2300.83,21336.9,0.0,26.61,12.95,43.3,-0.691,0.7163,False,-0.15061987135802235,5.089995172968624,0.0,1.1504431211756447,-0.24292115549623408
2025-03-22,Karnal,Haryana,Wheat,2380.89,25347.4,28.51,26.96,12.29,43.6,-0.175,0.7085663208029414,False,-0.11325021704832942,6.122465004022526,28.51,1.1287615700243774,0.1506339975212127
2025-03-23,Karnal,Haryana,Wheat,2380.89,0.0,0.0,26.09,14.83,33.9,-0.258,0.7002726029987724,True,-0.11325021704832942,-0.4030120675784392,0.0,1.1055099374930388,0.08732958337305748
2025-03-24,Karnal,Haryana,Wheat,2104.86,17445.3,0.0,24.58,12.72,37.4,-0.36,0.6914817814089328,False,-0.2420929060204071,4.088135156878519,0.0,1.08086466283072,0.009533797311469167
2025-03-25,Karnal,Haryana,Wheat,1938.84,24586.5,0.0,23.44,13.67,37.7,-0.519,0.6822567908548621,False,-0.31958616118522387,5.926577634754626,0.0,1.0550021852865117,-0.11173610449041854
2025-03-26,Karnal,Haryana,Wheat,2129.06,10091.4,0.0,26.75,12.38,40.6,-0.549,0.6726605661579997,False,-0.23079705747813176,2.1949348350764284,0.0,1.0280989441095039,-0.13461721803794455
2025-03-27,Karnal,Haryana,Wheat,2117.54,23043.9,0.0,25.95,14.74,31.3,-0.642,0.6627560421397856,False,-0.2361742548007356,5.529448109412711,0.0,1.0003313785487886,-0.20554867003527505
2025-03-28,Karnal,Haryana,Wheat,2057.15,28186.3,41.92,25.54,13.91,49.6,0.479,0.6526061536216593,False,-0.2643625313903228,6.853316170555108,41.92,0.971875927853457,0.649442272857279
2025-03-29,Karnal,Haryana,Wheat,2057.79,13437.1,0.0,27.89,13.05,30.4,0.228,0.64227383542506,False,-0.2640637982057338,3.056257441673371,0.0,0.9429090312725982,0.45800362284297835
2025-03-30,Karnal,Haryana,Wheat,2057.79,0.0,0.0,24.51,16.15,34.0,0.023,0.6318220223714278,True,-0.2640637982057338,-0.4030120675784392,0.0,0.9136071280553046,0.30164934693488415
2025-03-31,Karnal,Haryana,Wheat,1853.6947,39539.0,0.0,26.42,13.42,35.3,-0.03,0.621313649282202,False,-0.35932948403177767,9.775974255832663,0.0,0.8841466574506662,0.26122604633425495
2025-04-01,Karnal,Haryana,Wheat,1925.28,25818.8,0.0,24.44,14.48,35.8,-0.138,0.6108116509788222,False,-0.32591557053370546,6.243823008849557,0.0,0.8547040587077739,0.17885403756316137
2025-04-02,Karnal,Haryana,Wheat,1939.32,24710.5,0.0,26.7,16.85,35.6,-0.174,0.6003789622827281,False,-0.31936211129678205,5.958500402252614,0.0,0.825455771075719,0.15139670130613023
2025-04-03,Karnal,Haryana,Wheat,2229.27,13819.0,0.0,25.04,16.23,39.0,-0.234,0.5900785180153592,False,-0.18402197555989128,3.1545744167337086,0.0,0.7965782338035915,0.10563447421107826
2025-04-04,Karnal,Haryana,Wheat,2051.79,30250.6,0.0,25.51,15.0,32.0,-0.345,0.5799732529981552,False,-0.2668644218112566,7.384753016894609,0.0,0.7682478861404831,0.020974354085232166
2025-04-05,Karnal,Haryana,Wheat,2047.32,14763.8,0.0,25.71,17.44,35.9,-0.491,0.5701261020525556,False,-0.2689508863973711,3.397805309734513,0.0,0.7406411673354846,-0.09038039851272761
2025-04-06,Karnal,Haryana,Wheat,2047.32,0.0,0.0,28.3,15.84,31.2,-0.471,0.5606,True,-0.2689508863973711,-0.4030120675784392,0.0,0.7139345166376858,-0.07512632281437694
2025-04-07,Karnal,Haryana,Wheat,1924.94,25615.7,0.0,28.93,16.86,49.6,-0.597,0.551201732805357,False,-0.32607427253801835,6.191536604987933,0.0,0.6875862539645421,-0.17122699971398606
2025-04-08,Karnal,Haryana,Wheat,2051.12,6930.8,0.0,28.4,16.1,30.4,-0.595,0.5417163929713849,False,-0.2671771581138733,1.3812646822204346,0.0,0.6609938811032993,-0.16970159214415098
2025-04-09,Karnal,Haryana,Wheat,2051.12,0.0,0.0,30.31,18.32,31.5,-0.571,0.5321743751263583,False,-0.2671771581138733,-0.4030120675784392,0.0,0.6342426101077385,-0.1513967013061302
2025-04-10,Karnal,Haryana,Wheat,2051.12,0.0,0.0,27.87,15.63,39.4,-0.614,0.5226060738985518,False,-0.2671771581138733,-0.4030120675784392,0.0,0.6074176530316392,-0.18419296405758412
2025-04-11,Karnal,Haryana,Wheat,2231.88,10831.8,0.0,27.67,15.48,32.9,-0.663,0.5130418839162403,False,-0.1828037042914888,2.385544650040225,0.0,0.5806042219287828,-0.22156544951854323
2025-04-12,Karnal,Haryana,Wheat,1988.49,22221.9,0.0,30.49,15.69,39.4,-0.747,0.503512199807698,False,-0.29641100084952243,5.317831053901851,0.0,0.5538875288529489,-0.28563256745161597
2025-04-13,Karnal,Haryana,Wheat,1988.49,0.0,0.0,27.8,16.67,35.8,-0.733,0.4940474162011998,True,-0.29641100084952243,-0.4030120675784392,0.0,0.5273527858579181,-0.2749547144627705
2025-04-14,Karnal,Haryana,Wheat,1988.49,0.0,0.0,31.33,19.04,33.0,-0.8075,0.48467792772501994,False,-0.29641100084952243,-0.4030120675784392,0.0,0.5010852049974701,-0.3317761464391267
2025-04-15,Karnal,Haryana,Wheat,1988.49,0.0,0.0,27.25,17.05,31.2,-0.882,0.4754341290074333,False,-0.29641100084952243,-0.4030120675784392,0.0,0.4751699983253859,-0.3885975784154829
2025-04-16,Karnal,Haryana,Wheat,2222.72,24091.1,0.0,31.77,19.82,31.1,-0.873,0.4663464146767143,False,-0.18707932299592045,5.799041029766693,0.0,0.44969237789544514,-0.381733244351225
2025-04-17,Karnal,Haryana,Wheat,1887.13,30008.8,0.0,27.8,20.03,33.0,-0.886,0.45744517936113777,False,-0.34372286895882137,7.322503620273531,0.0,0.4247375557614291,-0.391648393555153
2025-04-18,Karnal,Haryana,Wheat,1887.13,0.0,0.0,31.83,19.18,34.1,-0.868,0.448760817688978,False,-0.34372286895882137,-0.4030120675784392,0.0,0.40039074397711705,-0.3779197254266374
2025-04-19,Karnal,Haryana,Wheat,1963.76,16266.0,0.0,30.4,18.81,30.8,-0.952,0.44032372428850974,False,-0.3079542378102857,3.7845341914722446,0.0,0.3767371545962896,-0.44198684335971006
2025-04-20,Karnal,Haryana,Wheat,1963.76,0.0,0.0,32.7,18.03,34.5,-1.088,0.43216429378800764,True,-0.3079542378102857,-0.4030120675784392,0.0,0.3538619996727274,-0.5457145581084946
2025-04-21,Karnal,Haryana,Wheat,1963.76,0.0,0.0,28.77,18.54,29.5,-1.033,0.4243129208157462,False,-0.3079542378102857,-0.4030120675784392,0.0,0.33185049126021043,-0.5037658499380302
2025-04-22,Karnal,Haryana,Wheat,1853.6947,16039.3,0.0,31.13,19.58,38.8,-0.932,0.4168,False,-0.35932948403177767,3.7261721641190664,0.0,0.3107878414125191,-0.4267327676613596
2025-04-23,Karnal,Haryana,Wheat,1853.6947,0.0,0.0,33.21,20.39,39.7,-1.03,0.4095335415945083,False,-0.35932948403177767,-0.4030120675784392,0.0,0.2904161547168587,-0.5014777385832777
2025-04-24,Karnal,Haryana,Wheat,1853.6947,0.0,0.0,31.41,18.06,31.5,-1.075,0.40240239504360903,False,-0.35932948403177767,-0.4030120675784392,0.0,0.2704238179815427,-0.5357994089045666
2025-04-25,Karnal,Haryana,Wheat,2191.87,15187.7,0.0,32.09,20.27,31.2,-0.974,0.3954082137614749,False,-0.20147919603431697,3.506934835076428,0.0,0.25081546659201226,-0.4587663266278958
2025-04-26,Karnal,Haryana,Wheat,2302.85,24030.9,0.0,32.6,20.39,35.9,-0.873,0.38855265116227894,False,-0.14967699474416302,5.783543041029767,0.0,0.23159573593371013,-0.381733244351225
2025-04-27,Karnal,Haryana,Wheat,2302.85,0.0,0.0,31.72,21.6,41.3,-0.772,0.38183736066019386,True,-0.14967699474416302,-0.4030120675784392,0.0,0.21276926139207772,-0.3047001620745543
2025-04-28,Karnal,Haryana,Wheat,2061.18,49814.4,0.0,32.7,19.6,42.4,-0.718,0.3752639956693924,False,-0.26248144586861344,12.421290426387772,0.0,0.1943406783525567,-0.2635141576890075
2025-04-29,Karnal,Haryana,Wheat,1986.46,22135.4,0.0,32.71,20.15,28.0,-0.685,0.36883420960404745,False,-0.297358545169391,5.2955623491552695,0.0,0.17631462220058924,-0.23834493278672897
2025-04-30,Karnal,Haryana,Wheat,1880.27,24123.3,0.0,34.34,22.01,40.0,-0.753,0.3625496558783318,False,-0.34692491528113584,5.807330651649235,0.0,0.15869572832161713,-0.29020879016112117
2025-05-01,Karnal,Haryana,Wheat,1880.27,0.0,0.0,30.7,22.7,34.7,-0.734,0.3564119879064183,False,-0.34692491528113584,-0.4030120675784392,0.0,0.1414886321010822,-0.27571741824768803
2025-05-02,Karnal,Haryana,Wheat,2032.92,15196.7,0.0,31.96,20.81,34.8,-0.659,0.3504228591024798,False,-0.27567238305062586,3.509251810136766,0.0,0.12469796892442642,-0.2185146343788731
2025-05-03,Karnal,Haryana,Wheat,1980.65,28006.4,0.0,35.17,21.11,37.5,-0.693,0.34458392288068895,False,-0.30007048236073885,6.807002413515688,0.0,0.10832837417709146,-0.24444656306606916
2025-05-04,Karnal,Haryana,Wheat,1980.65,0.0,0.0,35.1,22.64,32.6,-0.721,0.3388968326552188,True,-0.30007048236073885,-0.4030120675784392,0.0,0.09238448324451959,-0.2658022690437601
2025-05-05,Karnal,Haryana,Wheat,2068.33,17321.5,0.0,33.35,20.47,40.5,-0.73,0.333363241840242,False,-0.259144036072032,4.056263877715205,0.0,0.07687093151215232,-0.2726666031080179
2025-05-06,Karnal,Haryana,Wheat,2263.77,25129.0,0.0,34.29,23.47,42.1,-0.786,0.3279848038499314,False,-0.167918389828135,6.066239742558326,0.0,0.061792354365431484,-0.31537801506339974
2025-05-07,Karnal,Haryana,Wheat,2038.75,14441.7,0.0,32.95,22.69,42.3,-0.779,0.32276317209845984,False,-0.2729511104472595,3.314883346741754,0.0,0.0471533871897992,-0.310039088568977
2025-05-08,Karnal,Haryana,Wheat,2299.8,25947.1,0.0,32.74,21.1,25.8,-0.775,0.3177,False,-0.15110064507697032,6.27685277554304,0.0,0.032958665370696826,-0.3069882734293069
2025-05-09,Karnal,Haryana,Wheat,2307.32,18117.2,50.62,34.18,23.13,49.0,0.462,0.3126706812826477,False,-0.14759053015804838,4.2611102172164115,50.62,0.018858852300124657,0.636476308513681
2025-05-10,Karnal,Haryana,Wheat,2386.85,16772.2,33.68,33.88,22.56,35.4,1.062,0.30757533210620347,False,-0.11046826426684339,3.9148511665325825,33.68,0.004573921287643581,1.0940985794642006
2025-05-11,Karnal,Haryana,Wheat,2386.85,0.0,0.0,35.11,23.6,31.2,0.872,0.3024526895323968,True,-0.11046826426684339,-0.4030120675784392,0.0,-0.009787527404964583,0.9491848603298693
2025-05-12,Karnal,Haryana,Wheat,2159.27,15840.7,0.0,33.03,24.22,23.0,0.654,0.2973414906229577,False,-0.21669591762432427,3.6750442477876106,0.0,-0.0241168935159163,0.7829154352178472
2025-05-13,Karnal,Haryana,Wheat,2555.75,10960.4,0.0,37.26,21.93,37.3,0.511,0.2922804724396159,False,-0.0316307097713757,2.4186516492357204,0.0,-0.038305576783429274,0.67384879397464
2025-05-14,Karnal,Haryana,Wheat,2157.24,14404.4,0.0,37.5,24.13,36.1,0.33,0.2873083720441013,False,-0.21764346194419293,3.30528077232502,0.0,-0.05224497694572029,0.5357994089045667
2025-05-15,Karnal,Haryana,Wheat,2361.61,11303.7,0.0,36.4,22.63,32.8,0.222,0.28246392649814345,False,-0.12224955423407599,2.507031375703942,0.0,-0.06582649374100737,0.45342740013347316
2025-05-16,Karnal,Haryana,Wheat,2673.81,15728.4,0.0,35.86,25.14,31.0,0.136,0.2777858728634724,False,0.023476227373295154,3.6461335478680614,0.0,-0.07894152690750697,0.38783487463056526
2025-05-17,Karnal,Haryana,Wheat,1930.94,10602.4,0.0,35.02,25.39,36.6,-0.049,0.27331294820181773,False,-0.32327364893249555,2.3264875301689463,0.0,-0.09148147618343695,0.2467346744208218
2025-05-18,Karnal,Haryana,Wheat,1930.94,0.0,0.0,37.48,26.21,29.9,-0.08,0.2690838895749095,True,-0.32327364893249555,-0.4030120675784392,0.0,-0.10333774130701395,0.22309085708837828
2025-05-19,Karnal,Haryana,Wheat,2263.68,8868.9,0.0,37.08,24.22,29.6,-0.184,0.2651374340444772,False,-0.16796039918221792,1.880212389380531,0.0,-0.11440172201645582,0.14376966345695488
2025-05-20,Karnal,Haryana,Wheat,1970.24,7718.6,0.0,34.92,25.39,29.0,-0.295,0.26151231867225083,False,-0.304929564316321,1.5840772325020114,0.0,-0.1245648180499795,0.05910954333110879
2025-05-21,Karnal,Haryana,Wheat,2204.83,10000.0,0.0,38.46,23.84,34.0,-0.406,0.25824728051996015,False,-0.19542984904638763,2.1714046661303295,0.0,-0.13371842914580223,-0.025550576794737365
2025-05-22,Karnal,Haryana,Wheat,2126.14,12285.4,0.0,38.25,25.39,32.1,-0.443,0.2553810566493349,False,-0.23216002763281957,2.759761866452132,0.0,-0.14175395504214142,-0.053770616836686054
2025-05-23,Karnal,Haryana,Wheat,2472.81,11640.2,0.0,39.0,23.83,33.1,-0.494,0.2529523841221049,False,-0.07034466341171963,2.593660498793242,0.0,-0.1485627954772143,-0.09266850986748021
2025-05-24,Karnal,Haryana,Wheat,2019.14,8054.1,0.0,38.16,26.75,37.6,-0.516,0.251,False,-0.28210448193130994,1.6704489139179406,0.0,-0.15403635018923795,-0.10944799313566594
2025-05-25,Karnal,Haryana,Wheat,2019.14,0.0,0.0,37.83,24.53,39.8,-0.534,0.24938843438238179,True,-0.28210448193130994,-0.4030120675784392,0.0,-0.15855441222435598,-0.12317666126418154
2025-05-26,Karnal,Haryana,Wheat,2471.98,7693.2,0.0,37.13,25.02,42.3,-0.536,0.24794299910074885,False,-0.0707320830104836,1.577538213998391,0.0,-0.162606723963184,-0.1247020688340166
2025-05-27,Karnal,Haryana,Wheat,2158.74,4434.8,0.0,39.61,25.21,35.3,-0.407,0.24664360381503625,False,-0.21694330604281223,0.7386902654867258,0.0,-0.1662496091456478,-0.026313280579654857
2025-05-28,Karnal,Haryana,Wheat,2559.39,8759.5,0.0,39.48,25.12,36.7,-0.459,0.24547015818517917,False,-0.02993166478402524,1.852048270313757,0.0,-0.16953939151167272,-0.06597387739536659
2025-05-29,Karnal,Haryana,Wheat,2481.98,3728.1,0.0,35.95,25.58,35.9,-0.553,0.2444025718711126,False,-0.06606437700127887,0.556756234915527,0.0,-0.1725323948011847,-0.13766803317761467
2025-05-30,Karnal,Haryana,Wheat,2367.1,3756.6,8.67,36.03,26.22,29.2,-0.515,0.2434207545327718,False,-0.11968698363502271,0.564093322606597,8.67,-0.17528494275410908,-0.1086852893507484
2025-05-31,Karnal,Haryana,Wheat,2248.69,5275.1,0.0,37.76,28.11,33.2,-0.63,0.24250461583009172,False,-0.17495729049001568,0.9550185036202736,0.0,-0.1778533591103717,-0.19639622461626466
2025-06-01,Karnal,Haryana,Wheat,2248.69,0.0,0.0,39.88,28.62,33.2,-0.583,0.2416340654230076,True,-0.17495729049001568,-0.4030120675784392,0.0,-0.18029396760989796,-0.1605491467251406
2025-06-02,Karnal,Haryana,Wheat,2420.51,6104.0,0.0,40.83,25.66,32.4,-0.573,0.24078901297145447,False,-0.09475676583986017,1.1684119066773935,0.0,-0.1826630919926137,-0.15292210887596525
2025-06-03,Karnal,Haryana,Wheat,2274.59,5103.9,0.0,37.22,26.88,34.8,-0.69,0.23994936813536744,False,-0.16286793192617544,0.9109444891391794,0.0,-0.1850170559984445,-0.24215845171131656
2025-06-04,Karnal,Haryana,Wheat,2164.34,4327.6,0.0,39.37,26.41,33.9,-0.561,0.2390950405746817,False,-0.2143293906776574,0.7110925181013678,0.0,-0.18741218336731572,-0.14376966345695494
2025-06-05,Karnal,Haryana,Wheat,2256.94,2627.7,0.0,38.56,27.66,30.1,-0.577,0.23820593994933226,False,-0.1711064330324218,0.273467417538214,0.0,-0.18990479783915332,-0.1559729240156354
2025-06-06,Karnal,Haryana,Wheat,2325.95,3717.5,0.0,41.35,29.08,34.2,-0.584,0.23726197591925424,False,-0.13889459386290015,0.5540273531777957,0.0,-0.1925512231538828,-0.1613118505100581
2025-06-07,Karnal,Haryana,Wheat,2663.34,3419.6,0.0,40.92,29.2,31.8,-0.481,0.23624305814438282,False,0.01858913918165791,0.47733547868061144,0.0,-0.19540778305142967,-0.08275336066355228
2025-06-08,Karnal,Haryana,Wheat,2663.34,0.0,0.0,41.05,27.38,21.9,-0.421,0.235129096284653,True,0.01858913918165791,-0.4030120675784392,0.0,-0.19853080127171976,-0.03699113356850032
2025-06-09,Karnal,Haryana,Wheat,2350.33,2684.6,0.0,39.53,28.41,28.0,-0.426,0.2339,False,-0.127514726612459,0.28811584875301693,0.0,-0.2019766015546785,-0.04080465249308799
2025-06-10,Karnal,Haryana,Wheat,2361.89,3551.4,0.0,39.42,29.35,35.4,-0.428,0.23246901928767322,False,-0.12211885846581838,0.5112662912308931,0.0,-0.20598838956918394,-0.04233006006292305
2025-06-11,Karnal,Haryana,Wheat,2646.78,2485.1,0.0,38.92,28.47,40.5,-0.424,0.23079376082563507,False,0.010859418030414925,0.23675623491552697,0.0,-0.21068501598861025,-0.03927924492325292
2025-06-12,Karnal,Haryana,Wheat,2501.74,3096.3,0.0,38.07,30.09,22.9,-0.492,0.2289206692948903,False,-0.05684098992709047,0.394104585679807,0.0,-0.21593627205962676,-0.09114310229764515
2025-06-13,Karnal,Haryana,Wheat,2502.6,3347.7,0.0,41.84,28.41,30.6,-0.519,0.2268961893764434,False,-0.05643956721029881,0.4588254223652454,0.0,-0.22161194902890344,-0.11173610449041854
2025-06-14,Karnal,Haryana,Wheat,2321.33,2000.8,0.0,41.73,29.63,37.2,-0.526,0.22476676575129909,False,-0.14105107403915268,0.11207723250201129,0.0,-0.22758183814310964,-0.11707503098484127
2025-06-15,Karnal,Haryana,Wheat,2321.33,0.0,0.0,42.69,27.9,39.4,-0.574,0.2225788431004619,True,-0.14105107403915268,-0.4030120675784392,0.0,-0.23371573064891527,-0.1536848126608828
2025-06-16,Karnal,Haryana,Wheat,2462.49,2596.2,0.0,42.8,29.73,32.9,-0.668,0.22037886610493648,False,-0.07516173601321899,0.26535800482703137,0.0,-0.2398834177929898,-0.2253789684431309
2025-06-17,Karnal,Haryana,Wheat,2446.4,1324.2,0.0,40.93,29.34,31.6,-0.708,0.2182132794457275,False,-0.08267207498202922,-0.062107803700723996,0.0,-0.24595469082200289,-0.25588711983983214
2025-06-18,Karnal,Haryana,Wheat,2615.97,2973.9,0.0,42.01,31.01,41.1,-0.787,0.2161285278038395,False,-0.003521784183944992,0.36259372485921165,0.0,-0.25179934098262424,-0.3161407188483173
2025-06-19,Karnal,Haryana,Wheat,2624.95,1942.9,0.0,42.91,30.91,39.0,-0.792,0.2141710558602771,False,0.0006698158123208512,0.09717135961383756,0.0,-0.2572871595215236,-0.31995423777290494
2025-06-20,Karnal,Haryana,Wheat,2296.01,1788.9,0.0,42.59,29.89,49.1,-0.16,0.21238730829604502,False,-0.1528697056544589,0.057525341914722514,0.0,-0.2622879376853703,0.16207455429497566
2025-06-21,Karnal,Haryana,Wheat,2376.1,2173.5,0.0,39.99,29.69,32.7,-0.224,0.2108237297921478,False,-0.11548604822673847,0.15653740949316175,0.0,-0.26667146672083414,0.11326151206025359
2025-06-22,Karnal,Haryana,Wheat,2376.1,0.0,0.0,41.0,29.38,40.6,-0.4,0.20952676502959008,True,-0.11548604822673847,-0.4030120675784392,0.0,-0.2703075378745848,-0.020974354085232166
2025-06-23,Karnal,Haryana,Wheat,2767.54,1682.8,0.0,39.66,30.55,25.3,-0.481,0.20854285868937644,False,0.06722663579757096,0.03021078037007244,0.0,-0.27306594239329196,-0.08275336066355228
2025-06-24,Karnal,Haryana,Wheat,2405.24,2214.9,0.0,43.46,29.24,75.7,-0.496,0.20791845545251153,False,-0.10188435291591598,0.16719549477071607,0.0,-0.2748164715236252,-0.09419391743731527
2025-06-25,Karnal,Haryana,Wheat,2389.24,1250.9,0.0,41.99,28.75,69.7,0.10250000000000004,0.2077,False,-0.10935268253064352,-0.08097827835880926,0.0,-0.2754289165122541,0.362284297835828
2025-06-26,Karnal,Haryana,Wheat,2447.89,1977.9,52.31,40.38,29.12,86.3,0.701,0.2078388059166868,False,-0.08197658678665783,0.10618181818181825,52.31,-0.2750397708668169,0.8187625131089712
2025-06-27,Karnal,Haryana,Wheat,2655.05,1031.1,0.0,42.46,31.8,65.3,0.532,0.20823518792229728,False,0.014719610900027217,-0.13756395816572806,0.0,-0.273928504610343,0.6898655734579083
2025-06-28,Karnal,Haryana,Wheat,2346.56,1758.1,0.0,42.3,30.34,60.9,0.296,0.20885909240015685,False,-0.12927445177792918,0.049596138374899464,0.0,-0.27217937376258794,0.5098674802173705
2025-06-29,Karnal,Haryana,Wheat,2346.56,0.0,25.06,41.21,31.74,78.1,0.79,0.20968046573359073,True,-0.12927445177792918,-0.4030120675784392,25.06,-0.26987663434330783,0.8866431499666317
2025-06-30,Karnal,Haryana,Wheat,2480.98,892.8,0.0,40.19,31.33,72.8,0.525,0.21066925430592423,False,-0.06653114760219936,-0.17316814159292032,0.0,-0.2671045423722585,0.6845266469634855
2025-07-01,Karnal,Haryana,Wheat,2162.31,1518.6,15.13,42.77,28.8,78.1,0.771,0.21179540450048262,False,-0.21527693499752606,-0.01206114239742556,15.13,-0.263947353869196,0.8721517780531985
2025-07-02,Karnal,Haryana,Wheat,2241.1,1349.8,0.0,42.16,31.82,73.0,0.613,0.21302886270059124,False,-0.17850007935100212,-0.05551729686242957,0.0,-0.26048932485387605,0.7516445800362284
2025-07-03,Karnal,Haryana,Wheat,2421.24,784.8,0.0,43.36,30.64,71.8,0.518,0.21433957528957528,False,-0.09441602330118844,-0.200971842316975,0.0,-0.2568147113460549,0.6791877204690628
2025-07-04,Karnal,Haryana,Wheat,2744.02,634.3,0.0,42.29,30.29,65.4,0.354,0.21569748865076013,False,0.05624819126392148,-0.239716814159292,0.0,-0.2530077693654881,0.5541042997425873
2025-07-05,Karnal,Haryana,Wheat,2317.4,1245.3,0.0,43.85,30.05,73.8,0.158,0.21707254916747104,False,-0.14288548250077007,-0.0824199517296862,0.0,-0.24915275493193173,0.404614357898751
2025-07-06,Karnal,Haryana,Wheat,2317.4,0.0,33.07,42.55,30.61,74.7,0.713,0.2184347032230333,True,-0.14288548250077007,-0.4030120675784392,33.07,-0.24533392406514176,0.8279149585279816
2025-07-07,Karnal,Haryana,Wheat,2532.52,1440.4,0.0,42.65,32.59,75.5,0.451,0.2197538972007722,False,-0.042473790830758265,-0.03219308125502809,0.0,-0.24163553278487399,0.6280865668795881
2025-07-08,Karnal,Haryana,Wheat,2179.37,1010.2,74.68,44.12,31.53,92.0,1.901,0.221000077484013,False,-0.20731382854582286,-0.14294448913917934,74.68,-0.2381418371108845,1.7340070550100102
2025-07-09,Karnal,Haryana,Wheat,2551.36,1849.8,0.0,42.03,30.91,69.7,1.627,0.2221431904560811,False,-0.03367983270941651,0.07320353982300888,0.0,-0.23493709306292893,1.5250262179426064
2025-07-10,Karnal,Haryana,Wheat,2202.14,1728.4,0.0,40.86,32.45,74.3,1.393,0.22315318250030164,False,-0.1966854619628637,0.041950120675784464,0.0,-0.23210555666076357,1.3465535322719038
2025-07-11,Karnal,Haryana,Wheat,2607.74,1951.8,20.6,40.43,31.57,81.2,1.627,0.224,False,-0.007363306229520482,0.09946259050683832,20.6,-0.22973148392414408,1.5250262179426064
2025-07-12,Karnal,Haryana,Wheat,2336.32,1580.5,0.0,43.73,32.72,73.9,1.326,0.22473023081615492,False,-0.1340541827313547,0.003874497184231744,0.0,-0.227684264691322,1.2954523786824292
2025-07-13,Karnal,Haryana,Wheat,2336.32,0.0,13.36,43.16,32.59,69.9,1.494,0.22541457342535667,True,-0.1340541827313547,-0.4030120675784392,13.36,-0.22576569412376565,1.4235866145485747
2025-07-14,Karnal,Haryana,Wheat,2548.29,1592.7,31.63,43.57,31.51,83.3,1.929,0.22605914013434802,False,-0.03511281845424243,0.007015285599356455,31.63,-0.2239586362260557,1.7553627609877012
2025-07-15,Karnal,Haryana,Wheat,2657.18,1039.6,8.94,41.38,32.46,68.6,1.811,0.22667004324987158,False,0.01571383227998766,-0.1353757039420756,8.94,-0.22224595500277325,1.6653637143674325
2025-07-16,Karnal,Haryana,Wheat,2570.22,690.5,15.36,41.06,30.96,78.5,1.839,0.22725339507867,False,-0.024876539176056568,-0.22524859211584872,15.36,-0.2206105144584992,1.6867194203451235
2025-07-17,Karnal,Haryana,Wheat,2536.13,1017.7,0.0,40.53,30.55,62.9,1.493,0.22781530792748605,False,-0.0407887489614353,-0.14101367658889777,0.0,-0.2190351785978143,1.422823910763657
2025-07-18,Karnal,Haryana,Wheat,2539.34,1793.7,0.0,42.05,30.17,69.5,1.249,0.22836189410306232,False,-0.03929041533248057,0.05876106194690271,0.0,-0.21750281142529962,1.2367241872437793
2025-07-19,Karnal,Haryana,Wheat,2572.5,1064.0,0.0,43.14,32.29,65.9,0.957,0.22889926591214146,False,-0.0238123022059578,-0.1290941271118262,0.0,-0.2159962769455361,1.0140146820478595
2025-07-20,Karnal,Haryana,Wheat,2572.5,0.0,21.28,42.26,32.41,80.7,1.182,0.22943353566146618,True,-0.0238123022059578,-0.4030120675784392,21.28,-0.21449843916310465,1.1856230336543043
2025-07-21,Karnal,Haryana,Wheat,2418.14,805.7,31.52,42.47,32.63,85.0,1.699,0.2299708156577792,False,-0.09586301216404186,-0.19559131134352367,31.52,-0.21299216208258603,1.5799408904566687
2025-07-22,Karnal,Haryana,Wheat,2630.1,997.7,0.0,44.57,30.77,71.0,1.361,0.2305172182078231,False,0.0030736844070613223,-0.1461625100563153,0.0,-0.21146030970856133,1.3221470111545428
2025-07-23,Karnal,Haryana,Wheat,2341.81,1204.7,6.55,42.06,30.52,72.8,1.252,0.2310788556183406,False,-0.13149161213230143,-0.09287208366854378,6.55,-0.20988574604561136,1.2390122985985317
2025-07-24,Karnal,Haryana,Wheat,2724.28,1434.4,0.0,42.8,32.88,73.5,0.977,0.2316618401960744,False,0.04703413960175147,-0.03373773129525335,0.0,-0.20825133509831703,1.02926875774621
2025-07-25,Karnal,Haryana,Wheat,2658.08,1027.3,60.42,44.01,29.7,93.7,2.137,0.23227228424776708,False,0.016133925820816127,-0.13854223652453737,60.42,-0.2065399408712594,1.914005148250548
2025-07-26,Karnal,Haryana,Wheat,2878.5766,1001.7,0.0,42.25,32.78,70.2,1.736,0.2329163000801614,False,0.11905525630373696,-0.1451327433628318,0.0,-0.20473442736901923,1.6081609304986173
2025-07-27,Karnal,Haryana,Wheat,2878.5766,0.0,13.79,43.25,31.05,71.6,1.7,0.2336,True,0.11905525630373696,-0.4030120675784392,13.79,-0.20281765859617745,1.5807035942415861
2025-07-28,Karnal,Haryana,Wheat,2686.04,1348.9,6.71,44.31,30.45,75.2,1.496,0.2343739955656518,False,0.02918483182255253,-0.055748994368463325,6.71,-0.2006477438609094,1.4251120221184097
2025-07-29,Karnal,Haryana,Wheat,2204.73,1407.8,0.0,44.68,29.86,60.7,1.264,0.23526909032993565,False,-0.19547652610647964,-0.04058567980691871,0.0,-0.1981383246798768,1.248164744017542
2025-07-30,Karnal,Haryana,Wheat,2693.64,2053.4,0.0,41.04,30.38,74.5,1.019,0.23626168459126878,False,0.03273228838954807,0.12561866452131945,0.0,-0.19535556337039117,1.0613023167127467
2025-07-31,Karnal,Haryana,Wheat,2745.0,1007.5,0.0,44.51,30.04,66.4,0.849,0.23732817864806866,False,0.05670562645282355,-0.14363958165728072,0.0,-0.19236562224976345,0.9316426732767661
2025-08-01,Karnal,Haryana,Wheat,2818.35,1181.5,0.0,42.52,31.62,68.8,0.669,0.23844497279875268,False,0.0909432500303401,-0.09884473049074814,0.0,-0.1892346636353046,0.7943559919916102
2025-08-02,Karnal,Haryana,Wheat,2523.17,1457.3,0.0,41.43,29.92,74.6,0.489,0.23958846734173816,False,-0.04683809594936463,-0.027842316975060302,0.0,-0.18602884984432605,0.6570693107064542
2025-08-03,Karnal,Haryana,Wheat,2523.17,0.0,12.96,42.3,32.45,71.8,0.677,0.2407350625754426,True,-0.04683809594936463,-0.4030120675784392,12.96,-0.18281434319413847,0.8004576222709505
2025-08-04,Karnal,Haryana,Wheat,2290.86,1301.4,17.38,44.59,29.55,78.5,0.889,0.24186115879828327,False,-0.15527357424919935,-0.06797747385357998,17.38,-0.17965730600205346,0.9621508246734675
2025-08-05,Karnal,Haryana,Wheat,2307.93,1210.3,17.24,42.35,30.72,80.9,1.063,0.24294315630867758,False,-0.14730580009148705,-0.0914304102976669,17.24,-0.17662390058538185,1.094861283249118
2025-08-06,Karnal,Haryana,Wheat,2494.9,3174.1,0.0,41.56,29.72,70.6,0.908,0.24395745540504293,False,-0.06003370083738635,0.41413354786806117,0.0,-0.17378028926143482,0.9766421965869004
2025-08-07,Karnal,Haryana,Wheat,2173.39,1243.4,17.68,42.88,30.94,76.9,1.133,0.24488045638579667,False,-0.21010511673932727,-0.08290909090909084,17.68,-0.17119263434752358,1.1482505481933454
2025-08-08,Karnal,Haryana,Wheat,2351.49,1799.9,3.88,41.05,30.22,70.6,0.961,0.24568855954935617,False,-0.12697327271539133,0.06035720032180216,3.88,-0.16892709816095922,1.0170654971875297
2025-08-09,Karnal,Haryana,Wheat,2518.77,1605.1,0.0,40.25,30.56,70.6,0.772,0.24635816519413894,False,-0.04889188659341475,0.010207562349155293,0.0,-0.16704984301905257,0.8729144818381162
2025-08-10,Karnal,Haryana,Wheat,2518.77,0.0,16.7,40.42,29.78,69.4,0.88,0.2468656736185622,True,-0.04889188659341475,-0.4030120675784392,16.7,-0.16562703123911512,0.9552864906092096
2025-08-11,Karnal,Haryana,Wheat,2314.67,698.0,19.5,40.35,31.98,74.4,1.132,0.24718748512104344,False,-0.14415976624128296,-0.22331777956556714,19.5,-0.16472482513845782,1.1474878444084278
2025-08-12,Karnal,Haryana,Wheat,2266.44,1308.6,0.0,40.38,31.99,63.6,0.801,0.2473,False,-0.16667211232367732,-0.06612389380530971,0.0,-0.16440938703439176,0.8950328916007245
2025-08-13,Karnal,Haryana,Wheat,2293.92,1863.7,0.0,40.25,31.26,65.5,0.541,0.24719066413237925,False,-0.15384525621038275,0.07678197908286409,0.0,-0.16471591270556118,0.696729907522166
2025-08-14,Karnal,Haryana,Wheat,2458.27,1327.4,0.0,42.43,31.48,60.0,0.408,0.24687347942754917,False,-0.07713150794910328,-0.06128399034593718,0.0,-0.16560514747040486,0.5952903041281342
2025-08-15,Karnal,Haryana,Wheat,2458.27,0.0,0.0,40.28,28.91,71.3,0.092,0.24636468023255814,False,-0.07713150794910328,-0.4030120675784392,0.0,-0.16703157795592555,0.3542759080941939
2025-08-16,Karnal,Haryana,Wheat,2724.16,1086.5,5.47,40.93,31.11,80.1,0.212,0.24568050089445437,False,0.046978127129640855,-0.12330168946098145,5.47,-0.16894969078912647,0.4458003622842978
2025-08-17,Karnal,Haryana,Wheat,2724.16,0.0,32.36,43.32,28.37,77.4,0.874,0.24483717576028624,True,0.046978127129640855,-0.4030120675784392,32.36,-0.1713139725970103,0.9507102678997044
2025-08-18,Karnal,Haryana,Wheat,2616.54,857.4,12.46,41.33,30.51,78.6,0.838,0.24385093917710196,False,-0.003255724941420247,-0.18228157683024934,12.46,-0.17407891000658035,0.9232529316426732
2025-08-19,Karnal,Haryana,Wheat,2715.33,680.2,0.0,42.1,30.96,75.6,0.78,0.2427380254919499,False,0.04285654272351313,-0.22790024135156872,0.0,-0.17719898964483935,0.8790161121174563
2025-08-20,Karnal,Haryana,Wheat,2642.69,815.7,0.0,39.78,28.74,64.0,0.746,0.24151466905187835,False,0.008950326272650128,-0.19301689460981492,0.0,-0.18062869813879026,0.8530841834302603
2025-08-21,Karnal,Haryana,Wheat,2442.92,998.3,0.0,39.76,29.09,69.6,0.885,0.24019710420393559,False,-0.08429643667323247,-0.1460080450522928,0.0,-0.18432252211543612,0.9591000095337973
2025-08-22,Karnal,Haryana,Wheat,2340.36,1574.5,26.07,38.98,29.55,82.8,1.215,0.23880156529516994,False,-0.13216842950363603,0.002329847144006483,26.07,-0.18823494820177986,1.2107922585565831
2025-08-23,Karnal,Haryana,Wheat,2479.44,1026.9,0.0,39.45,29.24,69.5,1.068,0.2373442866726297,False,-0.06724997432761685,-0.1386452131938857,0.0,-0.19232046302482445,1.0986748021737058
2025-08-24,Karnal,Haryana,Wheat,2479.44,0.0,0.0,39.83,28.56,63.5,0.815,0.23584150268336312,True,-0.06724997432761685,-0.4030120675784392,0.0,-0.19653355321157293,0.9057107445895699
2025-08-25,Karnal,Haryana,Wheat,2451.33,1258.2,19.2,39.26,30.16,72.6,1.063,0.2343094476744186,False,-0.08037089591949138,-0.07909895414320187,19.2,-0.20082870538902803,1.094861283249118
2025-08-26,Karnal,Haryana,Wheat,2293.29,1429.0,0.0,38.74,27.36,72.1,0.906,0.23276435599284437,False,-0.1541393216889627,-0.03512791633145611,0.0,-0.20516040618419296,0.9751167890170654
2025-08-27,Karnal,Haryana,Wheat,2182.76,835.4,0.0,38.77,27.31,66.0,0.684,0.23122246198568872,False,-0.2057314762087023,-0.18794529364440865,0.0,-0.20948314222407063,0.8057965487653732
2025-08-28,Karnal,Haryana,Wheat,2481.56,1738.5,11.53,40.18,28.33,59.6,0.747,0.2297,False,-0.06626042065366551,0.044550281576830296,11.53,-0.21375140013566393,0.8538468872151777
2025-08-29,Karnal,Haryana,Wheat,2308.55,733.3,0.0,38.91,29.78,68.4,0.476,0.22794506731118624,False,-0.1470164023189162,-0.21423008849557518,0.0,-0.21867139511994227,0.6471541615025265
2025-08-30,Karnal,Haryana,Wheat,2420.21,1025.9,0.0,39.49,27.97,68.8,0.277,0.2257461908821556,False,-0.0948967970201364,-0.13890265486725656,0.0,-0.22483599680001656,0.4953761083039374
2025-08-31,Karnal,Haryana,Wheat,2420.21,0.0,0.0,39.99,29.97,70.0,0.124,0.2231802495912064,True,-0.0948967970201364,-0.4030120675784392,0.0,-0.23202967343610248,0.3786824292115549
2025-09-01,Karnal,Haryana,Wheat,2495.96,1565.8,0.0,40.69,29.98,76.3,-0.07,0.22032412231663684,False,-0.05953892400041068,9.010458567984204e-05,0.0,-0.24003689328841563,0.2307178949375536
2025-09-02,Karnal,Haryana,Wheat,2360.91,1944.7,38.45,37.63,29.05,81.8,0.644,0.21725468793674527,False,-0.12257629365472045,0.09763475462590512,38.45,-0.24864212461717158,0.7752883973686718
2025-09-03,Karnal,Haryana,Wheat,2569.95,1570.1,0.0,40.91,28.19,71.2,0.465,0.21404882532983005,False,-0.025002567238305087,0.001197103781174601,0.0,-0.25762983568258574,0.6387644198684336
2025-09-04,Karnal,Haryana,Wheat,2458.385,1969.7,0.0,40.0,26.63,75.3,0.192,0.2107834133741894,False,-0.07707782932999731,0.10407079646017706,0.0,-0.2667844947448739,0.4305462865859472
2025-09-05,Karnal,Haryana,Wheat,2483.66,897.7,41.26,37.39,26.98,82.4,0.956,0.20753533094812163,False,-0.06528020239173256,-0.171906677393403,41.26,-0.27589057006425166,1.013251978262942
2025-09-06,Karnal,Haryana,Wheat,2077.26,1820.2,14.93,40.81,26.78,85.2,1.197,0.20438145692992507,False,-0.25497577460581206,0.06558326629123096,14.93,-0.2847325299009344,1.1970635904280675
2025-09-07,Karnal,Haryana,Wheat,2077.26,0.0,60.07,40.87,27.74,81.7,2.302,0.20139867019789803,True,-0.25497577460581206,-0.4030120675784392,60.07,-0.29309484251513773,2.039851272761941
2025-09-08,Karnal,Haryana,Wheat,2579.03,518.7,0.0,36.85,27.87,65.3,1.894,0.19866384963033876,False,-0.020764290181947025,-0.26947707160096535,0.0,-0.3007619761670774,1.7286681285155874
2025-09-09,Karnal,Haryana,Wheat,2526.94,1110.9,0.0,37.67,27.63,73.1,1.541,0.1962538741055456,False,-0.04507837078389446,-0.11702011263073203,0.0,-0.3075183991169689,1.4594336924396987
2025-09-10,Karnal,Haryana,Wheat,2465.44,1481.5,62.28,39.9,25.31,95.0,2.657,0.19424562250181684,False,-0.07378476274050347,-0.02161222847948507,62.28,-0.3131485796250276,2.310611116407665
2025-09-11,Karnal,Haryana,Wheat,2352.37,1001.9,25.96,39.48,28.47,76.8,2.863,0.19271597369745078,False,-0.12656251458658127,-0.14508125502815764,25.96,-0.31743698595146946,2.467728096100677
2025-09-12,Karnal,Haryana,Wheat,2486.8149999999996,820.6,0.0,36.78,25.42,64.9,2.446,0.19174180657074574,False,-0.0638075411458286,-0.1917554304102976,0.0,-0.32016808635650973,2.149680617790066
2025-09-13,Karnal,Haryana,Wheat,2166.57,2515.0,0.0,36.73,26.26,78.8,2.025,0.1914,False,-0.21328849223760477,0.2444537409493162,0.0,-0.32112634910036414,1.8285823243397843
2025-09-14,Karnal,Haryana,Wheat,2166.57,0.0,0.0,37.29,26.59,66.0,1.665,0.1917038568153144,True,-0.21328849223760477,-0.4030120675784392,0.0,-0.32027447938660536,1.5540089617694728
2025-09-15,Karnal,Haryana,Wheat,2444.47,1259.6,11.86,37.64,25.42,75.3,1.713,0.19256950294384056,False,-0.08357294224180588,-0.07873853580048268,11.86,-0.31784762014712786,1.5906187434455143
2025-09-16,Karnal,Haryana,Wheat,2687.99,758.9,12.68,38.07,26.08,80.4,1.602,0.19392805190945261,False,0.030095034494347365,-0.20763958165728072,12.68,-0.31403889623463077,1.5059586233196682
2025-09-17,Karnal,Haryana,Wheat,2771.74,968.5,0.0,36.77,24.56,67.8,1.302,0.19571061723602484,False,0.06918707232143687,-0.15367980691874492,0.0,-0.30904143250181254,1.2771474878444085
2025-09-18,Karnal,Haryana,Wheat,2465.97,876.4,0.0,37.02,24.29,66.9,1.05,0.1978483124474314,False,-0.07353737432201574,-0.17739018503620269,0.0,-0.3030483538013723,1.0849461340451902
2025-09-19,Karnal,Haryana,Wheat,2550.43,1750.6,10.61,38.13,25.79,70.4,1.016,0.20027225106754656,False,-0.034113929368272684,0.04766532582461788,10.61,-0.2962527849860085,1.059014205357994
2025-09-20,Karnal,Haryana,Wheat,2568.1,1431.8,16.87,34.75,26.12,79.6,1.169,0.20291354662024455,False,-0.02586609285000792,-0.03440707964601766,16.87,-0.2888478509084201,1.1757078844503766
2025-09-21,Karnal,Haryana,Wheat,2568.1,0.0,0.0,35.55,24.84,75.3,0.869,0.2057033126293996,True,-0.02586609285000792,-0.4030120675784392,0.0,-0.2810266764213058,0.9468967489751168
2025-09-22,Karnal,Haryana,Wheat,2728.5,1460.1,29.88,37.44,23.54,79.1,1.383,0.20857266261888585,False,0.04900391153763577,-0.027121480289621858,29.88,-0.27298238637736455,1.3389264944227286
2025-09-23,Karnal,Haryana,Wheat,2406.47,1098.1,28.27,38.08,25.81,52.9,1.679,0.21145271011257763,False,-0.10131022507678379,-0.1203153660498793,28.27,-0.2649081056292949,1.564686814758318
2025-09-24,Karnal,Haryana,Wheat,2602.23,1302.6,0.0,36.17,24.18,35.2,1.438,0.21427456863434913,False,-0.00993521224059217,-0.06766854384553497,0.0,-0.2569969590297957,1.3808752025931927
2025-09-25,Karnal,Haryana,Wheat,2591.15,1300.5,0.0,36.07,23.97,41.5,1.157,0.21696935170807452,False,-0.015107030498790962,-0.0682091713596138,0.0,-0.24944207143156588,1.1665554390313662
2025-09-26,Karnal,Haryana,Wheat,2489.97,1390.2,0.0,33.97,23.43,32.8,0.887,0.2194681728576281,False,-0.062334879899924416,-0.04511665325824612,0.0,-0.24243656768730404,0.9606254171036324
2025-09-27,Karnal,Haryana,Wheat,2589.72,1332.7,0.0,35.32,25.34,46.7,0.616,0.22170214560688406,False,-0.015774512458107372,-0.059919549477071544,0.0,-0.236173572649709,0.753932691390981
2025-09-28,Karnal,Haryana,Wheat,2589.72,0.0,0.0,35.51,23.11,42.9,0.501,0.22360238347971662,True,-0.015774512458107372,-0.4030120675784392,0.0,-0.2308462111714796,0.6662217561254646
2025-09-29,Karnal,Haryana,Wheat,2545.89,1862.4,0.0,34.01,22.24,34.4,0.297,0.2251,False,-0.03623306789645161,0.07644730490748197,0.0,-0.2266476081053146,0.5106301840022881
2025-09-30,Karnal,Haryana,Wheat,2255.73,1501.6,0.0,33.94,24.6,42.2,0.087,0.2263831145671584,False,-0.1716712254595356,-0.016437650844730468,0.0,-0.22305036629945305,0.35046238916960626
2025-10-01,Karnal,Haryana,Wheat,2336.42,1066.5,0.0,34.23,24.2,41.9,-0.020000000000000004,0.2276771512681159,False,-0.1340075056712627,-0.12845052292839898,0.0,-0.21942250403512506,0.26885308418343024
2025-10-02,Karnal,Haryana,Wheat,2336.42,0.0,0.0,32.43,21.44,42.8,-0.127,0.22896918065799687,False,-0.1340075056712627,-0.4030120675784392,0.0,-0.21580026931451513,0.18724377919725424
2025-10-03,Karnal,Haryana,Wheat,2282.82,1845.7,0.0,33.59,24.01,22.6,-0.221,0.23024627329192546,False,-0.15902640988059993,0.07214802896218832,0.0,-0.21221991013980815,0.11554962341500619
2025-10-04,Karnal,Haryana,Wheat,2611.62,1248.2,0.0,32.9,21.46,38.6,-0.248,0.23149549972502587,False,-0.005552236297949001,-0.08167337087691064,0.0,-0.20871767451318907,0.0949566212222328
2025-10-05,Karnal,Haryana,Wheat,2611.62,0.0,0.0,33.22,22.53,37.7,-0.313,0.23270393051242236,True,-0.005552236297949001,-0.4030120675784392,0.0,-0.2053298104368426,0.045380875202593186
2025-10-06,Karnal,Haryana,Wheat,2731.96,962.2,0.0,32.09,23.18,37.4,-0.273,0.23385863620923913,False,0.05061893781682062,-0.15530168946098144,0.0,-0.20209256591295355,0.07588902659929447
2025-10-07,Karnal,Haryana,Wheat,2650.03,1320.3,0.0,35.36,20.8,36.1,-0.395,0.23494668737060043,False,0.012376422483406457,-0.06311182622687043,0.0,-0.1990421889437068,-0.017160835160644497
2025-10-08,Karnal,Haryana,Wheat,2426.64,889.7,0.0,33.82,22.09,36.2,-0.464,0.2359551545516304,False,-0.09189546205621785,-0.17396621078037,0.0,-0.19621492753128722,-0.06978739631995426
2025-10-09,Karnal,Haryana,Wheat,2471.97,1881.4,0.0,34.0,21.65,41.4,-0.521,0.23687110830745342,False,-0.07073675071649291,0.08133869670152863,0.0,-0.19364702967787933,-0.1132615120602536
2025-10-10,Karnal,Haryana,Wheat,2147.13,834.5,0.0,34.3,21.99,37.7,-0.524,0.23768161919319358,False,-0.22236251271949875,-0.18817699115044242,0.0,-0.19137474338566826,-0.1155496234150062
2025-10-11,Karnal,Haryana,Wheat,2490.9,2013.0,26.64,32.78,20.97,44.1,0.123,0.23837375776397512,False,-0.06190078324106824,0.11521802091713601,26.64,-0.1894343166568388,0.3779197254266374
2025-10-12,Karnal,Haryana,Wheat,2490.9,0.0,0.0,30.73,22.27,40.7,0.009,0.23893459457492236,True,-0.06190078324106824,-0.4030120675784392,0.0,-0.1878619974935755,0.2909714939460387
2025-10-13,Karnal,Haryana,Wheat,2473.87,823.2,0.0,32.55,21.26,37.1,-0.104,0.23935120018115943,False,-0.06984988657474396,-0.19108608205953334,0.0,-0.18669403389806338,0.20478596625035753
2025-10-14,Karnal,Haryana,Wheat,2392.53,1282.1,0.0,32.57,19.04,37.6,-0.286,0.23961064513781055,False,-0.10781700725361498,-0.07294609814963796,0.0,-0.18596667387248733,0.06597387739536659
2025-10-15,Karnal,Haryana,Wheat,2347.51,859.6,0.0,33.08,21.32,44.3,-0.349,0.2397,False,-0.1288310197070546,-0.1817152051488334,0.0,-0.185716165419032,0.01792353894556203
2025-10-16,Karnal,Haryana,Wheat,2769.33,1214.5,0.0,31.46,19.72,32.8,-0.45,0.23928222656249998,False,0.06806215517321859,-0.09034915526950921,0.0,-0.1868874030569007,-0.05910954333110879
2025-10-17,Karnal,Haryana,Wheat,2274.12,980.4,0.0,29.89,20.67,27.4,-0.462,0.2381015625,False,-0.16308731410860816,-0.1506162510056315,0.0,-0.19019742246826862,-0.06826198875011918
2025-10-18,Karnal,Haryana,Wheat,2332.05,1670.5,0.0,30.38,18.9,35.4,-0.535,0.2362669921875,False,-0.13604729319728512,0.027044247787610665,0.0,-0.19534068339977886,-0.12393936504909907
2025-10-19,Karnal,Haryana,Wheat,2332.05,0.0,0.0,30.53,20.94,36.1,-0.59,0.2338875,True,-0.13604729319728512,-0.4030120675784392,0.0,-0.2020116455980743,-0.1658880732195633
2025-10-20,Karnal,Haryana,Wheat,2424.22,791.6,0.0,31.6,17.8,38.6,-0.7155,0.2310720703125,False,-0.09302504691044543,-0.19922123893805305,0.0,-0.20990476880979794,-0.2616073982267137
2025-10-21,Karnal,Haryana,Wheat,2348.92,973.7,0.0,31.06,19.4,35.5,-0.841,0.2279296875,False,-0.1281728731597568,-0.15234111021721636,0.0,-0.21871451278159262,-0.357326723233864
2025-10-22,Karnal,Haryana,Wheat,2448.49,1535.8,0.0,29.88,19.95,38.8,-0.73,0.2245693359375,False,-0.08169652442610559,-0.0076331456154464655,0.0,-0.22813533726010146,-0.2726666031080179
2025-10-23,Karnal,Haryana,Wheat,2581.77,1882.9,0.0,32.51,20.32,47.5,-0.738,0.22110000000000002,False,-0.019485338735425035,0.08172485921158494,0.0,-0.2378617019919673,-0.2787682333873582
2025-10-24,Karnal,Haryana,Wheat,2659.12,1181.1,39.08,30.59,19.77,50.7,0.165,0.21763066406249998,False,0.0166193672457734,-0.09894770716009652,39.08,-0.24758806672383327,0.40995328439317374
2025-10-25,Karnal,Haryana,Wheat,2649.08,832.6,0.0,28.73,18.34,39.9,-0.014,0.2142703125,False,0.011932990412531881,-0.18866613032984708,0.0,-0.25700889120234205,0.27342930689293543
2025-10-26,Karnal,Haryana,Wheat,2649.08,0.0,0.0,27.91,18.78,37.0,0.139,0.21112792968750002,True,0.011932990412531881,-0.4030120675784392,0.0,-0.26581863517413673,0.39012298598531797
2025-10-27,Karnal,Haryana,Wheat,2599.0,1533.4,0.0,27.94,16.85,28.1,0.061,0.2083125,False,-0.011442881281565303,-0.008251005631536535,0.0,-0.27371175838586037,0.3306320907617504
2025-10-28,Karnal,Haryana,Wheat,2612.13,1895.7,0.0,28.15,18.04,23.5,-0.099,0.2059330078125,False,-0.005314183291479459,0.08502011263073216,0.0,-0.2803827205841558,0.20859948517494514
2025-10-29,Karnal,Haryana,Wheat,2391.51,1328.3,0.0,27.56,18.47,32.4,-0.255,0.2040984375,False,-0.10829311326655386,-0.061052292839903426,0.0,-0.28552598151566605,0.08961769472781007
2025-10-30,Karnal,Haryana,Wheat,2878.5766,1000.1,0.0,27.48,16.98,22.1,-0.373,0.2029177734375,False,0.11905525630373696,-0.1455446500402252,0.0,-0.288836000927034,-0.00038135189245876665
2025-10-31,Karnal,Haryana,Wheat,2751.47,1438.0,0.0,27.72,16.46,37.6,-0.434,0.2025,False,0.05972563224077891,-0.032810941271118214,0.0,-0.2900072385649026,-0.046906282772428254
2025-11-01,Karnal,Haryana,Wheat,2751.47,0.0,0.0,27.01,18.15,33.1,-0.475,0.20261105521065848,False,0.05972563224077891,-0.4030120675784392,0.0,-0.28969589267517115,-0.07817713795404707
2025-11-02,Karnal,Haryana,Wheat,2751.47,0.0,0.0,30.06,17.94,28.4,-0.52,0.20292856445312502,True,0.05972563224077891,-0.4030120675784392,0.0,-0.2888057480614462,-0.11249880827533608
2025-11-03,Karnal,Haryana,Wheat,2878.5766,1286.4,0.0,26.19,18.2,35.7,-0.482,0.20342904314313617,False,0.11905525630373696,-0.07183909895414313,0.0,-0.2874026443069327,-0.0835160644484698
2025-11-04,Karnal,Haryana,Wheat,2519.37,1120.8,0.0,27.99,15.55,31.3,-0.571,0.2040890066964286,False,-0.048611824232862505,-0.11447144006436039,0.0,-0.28555242099483513,-0.1513967013061302
2025-11-05,Karnal,Haryana,Wheat,2540.68,1556.7,0.0,27.27,15.6,37.3,-0.673,0.20488497052873883,False,-0.038664942727247284,-0.0022526146419951146,0.0,-0.2833209177083584,-0.22919248736771858
2025-11-06,Karnal,Haryana,Wheat,2538.39,1425.5,0.0,29.65,16.07,38.5,-0.696,0.2057934500558036,False,-0.039733847403355144,-0.036028962188254174,0.0,-0.28077397403070686,-0.24673467442082175
2025-11-07,Karnal,Haryana,Wheat,2878.5766,830.5,0.0,25.53,14.57,31.5,-0.819,0.2067909606933594,False,0.11905525630373696,-0.18920675784392593,0.0,-0.2779774295450855,-0.34054723996567826
2025-11-08,Karnal,Haryana,Wheat,2480.89,801.7,0.0,26.62,14.51,33.8,-0.782,0.2078540178571429,False,-0.06657315695628226,-0.19662107803700718,0.0,-0.27499712383469876,-0.31232719992372965
2025-11-09,Karnal,Haryana,Wheat,2480.89,0.0,0.0,29.0,15.09,36.1,-0.786,0.20895913696289065,True,-0.06657315695628226,-0.4030120675784392,0.0,-0.27189889648275145,-0.31537801506339974
2025-11-10,Karnal,Haryana,Wheat,2362.35,1213.9,0.0,28.34,13.9,28.0,-0.816,0.2100828334263393,False,-0.12190414398939495,-0.0905036202735317,0.0,-0.26874858707244825,-0.33825912861092566
2025-11-11,Karnal,Haryana,Wheat,2447.54,1566.2,0.0,27.92,16.03,36.1,-0.846,0.21120162266322548,False,-0.08213995649697994,0.0001930812550282162,0.0,-0.26561203518699367,-0.36114024215845164
2025-11-12,Karnal,Haryana,Wheat,2325.26,1436.2,0.0,25.21,16.16,27.8,-0.793,0.21229202008928572,False,-0.1392166655775351,-0.03327433628318578,0.0,-0.2625550804095927,-0.3207169415578225
2025-11-13,Karnal,Haryana,Wheat,2366.92,1999.4,0.0,24.63,15.42,37.8,-0.785,0.2133305411202567,False,-0.11977100234318831,0.1117168141592921,0.0,-0.25964356232344965,-0.31461531127848225
2025-11-14,Karnal,Haryana,Wheat,2185.3,1019.0,0.0,26.68,15.97,32.8,-0.777,0.21429370117187502,False,-0.2045458788823643,-0.14067900241351564,0.0,-0.2569433205117694,-0.30851368099914195
2025-11-15,Karnal,Haryana,Wheat,2710.61,998.8,0.0,27.67,14.13,27.8,-0.751,0.21515801565987724,False,0.04065338548716859,-0.14587932421560737,0.0,-0.2545201945577566,-0.28868338259128606
2025-11-16,Karnal,Haryana,Wheat,2710.61,0.0,0.0,25.8,12.52,32.1,-0.712,0.2159,True,0.04065338548716859,-0.4030120675784392,0.0,-0.2524400240446159,-0.2589379349795023
2025-11-17,Karnal,Haryana,Wheat,2575.34,1559.9,0.0,25.69,15.48,32.3,-0.71,0.21658657773500914,False,-0.022486673699343592,-0.0014288012872082966,0.0,-0.2505151872493965,-0.25741252740966725
2025-11-18,Karnal,Haryana,Wheat,2516.23,1209.2,0.0,24.19,15.0,40.3,-0.741,0.2172948641690341,False,-0.050077483919752724,-0.09171359613837485,0.0,-0.24852948960694687,-0.2810563447421108
2025-11-19,Karnal,Haryana,Wheat,2541.61,627.2,0.0,26.21,13.66,35.9,-0.733,0.21801666235985695,False,-0.038230846068391104,-0.2415446500402252,0.0,-0.24650591143717096,-0.2749547144627705
2025-11-20,Karnal,Haryana,Wheat,2876.83,1288.0,0.0,23.41,11.8,30.2,-0.812,0.2187437753652597,False,0.11823999477216929,-0.07142719227674975,0.0,-0.24446743305997276,-0.3352083134712556
2025-11-21,Karnal,Haryana,Wheat,2376.81,1317.1,0.0,23.85,13.78,43.2,-0.814,0.21946800624302454,False,-0.11515464110008491,-0.06393563958165725,0.0,-0.24243703479525583,-0.3367337210410906
2025-11-22,Karnal,Haryana,Wheat,2584.76,1140.9,0.0,24.13,12.94,38.1,-0.834,0.22018115805093344,False,-0.018089694638672715,-0.10929686242960572,0.0,-0.2404376969629242,-0.35198779673944125
2025-11-23,Karnal,Haryana,Wheat,2584.76,0.0,0.0,24.32,14.39,33.3,-0.862,0.22087503384676846,True,-0.018089694638672715,-0.4030120675784392,0.0,-0.23849239988288173,-0.3733435027171322
2025-11-24,Karnal,Haryana,Wheat,2770.22,782.9,0.0,22.95,13.84,27.2,-0.967,0.22154143668831167,False,0.06847758100803775,-0.2014609814963797,0.0,-0.23662412387503232,-0.45342740013347316
2025-11-25,Karnal,Haryana,Wheat,2618.92,2131.2,0.0,22.21,10.74,32.9,-1.018,0.22217216963334516,False,-0.0021448109112294734,0.14564762670957362,0.0,-0.2348558492592797,-0.49232529316426726
2025-11-26,Karnal,Haryana,Wheat,2629.74,1370.8,0.0,24.27,10.65,33.9,-1.029,0.22275903573965095,False,0.002905646990729893,-0.050111021721641155,0.0,-0.23321055635552781,-0.50071503479836
2025-11-27,Karnal,Haryana,Wheat,2286.93,645.0,0.0,22.66,13.84,36.8,-0.955,0.22329383806501113,False,-0.15710798271081694,-0.2369621882542236,0.0,-0.23171122548368048,-0.44427495471446277
2025-11-28,Karnal,Haryana,Wheat,2370.88,1197.5,0.0,23.81,10.36,38.0,-0.926,0.22376837966720778,False,-0.11792259076354324,-0.09472566371681411,0.0,-0.2303808369636415,-0.4221565449518544
2025-11-29,Karnal,Haryana,Wheat,2304.18,1383.6,0.0,21.72,11.29,39.0,-0.862,0.22417446360402293,False,-0.14905618984493882,-0.04681576830249394,0.0,-0.22924237111531484,-0.3733435027171322
2025-11-30,Karnal,Haryana,Wheat,2304.18,0.0,0.0,23.03,10.33,26.9,-0.786,0.22450389293323864,True,-0.14905618984493882,-0.4030120675784392,0.0,-0.22831880825860437,-0.31537801506339974
2025-12-01,Karnal,Haryana,Wheat,2611.84,1446.4,0.0,23.11,11.62,36.0,-0.776,0.22474847071263696,False,-0.005449546765746378,-0.030648431214802825,0.0,-0.2276331287134139,-0.3077509772142244
2025-12-02,Karnal,Haryana,Wheat,2478.0,2161.2,0.0,20.79,11.25,34.2,-0.778,0.2249,False,-0.06792212399294237,0.15337087691069992,0.0,-0.22720831279964723,-0.3092763847840595
2025-12-03,Karnal,Haryana,Wheat,2612.76,957.7,0.0,21.92,11.19,48.4,-0.848,0.22499999556107955,False,-0.005020117812899511,-0.1564601769911504,0.0,-0.22692797289709857,-0.36266564972828674
2025-12-04,Karnal,Haryana,Wheat,2538.12,1394.2,0.0,20.86,10.42,35.3,-0.728,0.22509527698863635,False,-0.03985987546560366,-0.04408688656476261,0.0,-0.2266608491785295,-0.27114119553818283
2025-12-05,Karnal,Haryana,Wheat,2580.34,1290.9,0.0,20.39,12.11,31.9,-0.831,0.2251856045809659,False,-0.020152820694741235,-0.07068061142397418,0.0,-0.2264076136532948,-0.34969968538468865
2025-12-06,Karnal,Haryana,Wheat,2817.46,1684.1,14.29,24.41,12.35,39.8,-0.501,0.22527073863636363,False,0.09052782419552094,0.03054545454545457,14.29,-0.2261689383307494,-0.09800743636190294
2025-12-07,Karnal,Haryana,Wheat,2817.46,0.0,0.0,21.26,11.23,35.0,-0.494,0.225350439453125,True,0.09052782419552094,-0.4030120675784392,0.0,-0.22594549522024815,-0.09266850986748021
2025-12-08,Karnal,Haryana,Wheat,2671.15,826.1,0.0,23.32,9.7,25.1,-0.487,0.22542446732954546,False,0.022234617574846766,-0.1903395012067578,0.0,-0.225737956331146,-0.08732958337305748
2025-12-09,Karnal,Haryana,Wheat,2471.71,1646.8,0.0,20.68,11.33,37.0,-0.603,0.22549258256392046,False,-0.07085811107273211,0.02094288012872087,0.0,-0.22554699367279785,-0.17580322242349125
2025-12-10,Karnal,Haryana,Wheat,2705.2,843.5,0.0,22.46,9.54,33.4,-0.66,0.22555454545454545,False,0.038128156536188694,-0.18586001609010455,0.0,-0.22537327925455858,-0.21927733816379064
2025-12-11,Karnal,Haryana,Wheat,2293.6,2260.3,0.0,22.68,8.37,34.9,-0.733,0.22561011629971592,False,-0.15399462280267737,0.1788833467417539,0.0,-0.22521748508578301,-0.2749547144627705
2025-12-12,Karnal,Haryana,Wheat,2186.7,1460.3,0.0,21.81,11.3,30.6,-0.87,0.2256590553977273,False,-0.20389240004107584,-0.02706999195494767,0.0,-0.22508028317582612,-0.3794451329964725
2025-12-13,Karnal,Haryana,Wheat,2878.5766,973.2,0.0,21.13,9.15,29.5,-0.861,0.225701123046875,False,0.11905525630373696,-0.1524698310539018,0.0,-0.2249623455340428,-0.3725807989322147
2025-12-14,Karnal,Haryana,Wheat,2878.5766,0.0,0.0,20.73,9.83,39.4,-0.905,0.22573607954545455,True,0.11905525630373696,-0.4030120675784392,0.0,-0.2248643441697879,-0.4061397654685861
2025-12-15,Karnal,Haryana,Wheat,2168.55,1196.3,0.0,20.33,8.22,40.5,-0.809,0.22576368519176138,False,-0.2123642864477822,-0.09503459372485917,0.0,-0.22478695109241628,-0.33292020211650303
2025-12-16,Karnal,Haryana,Wheat,2526.7,1110.7,0.0,22.82,10.52,37.1,-0.7975000000000001,0.2257837002840909,False,-0.045190395728115486,-0.11707160096540621,0.0,-0.22473083831128296,-0.32414910858995144
2025-12-17,Karnal,Haryana,Wheat,2564.84,945.8,0.0,22.26,8.6,25.9,-0.786,0.22579588512073862,False,-0.027387765009008545,-0.15952373290426383,0.0,-0.2246966778357427,-0.31537801506339974
2025-12-18,Karnal,Haryana,Wheat,2685.43,622.0,0.0,22.75,7.98,37.4,-0.824,0.2258,False,0.028900101755990983,-0.24288334674175377,0.0,-0.22468514167515033,-0.34436075889026596
2025-12-19,Karnal,Haryana,Wheat,2878.5766,1483.1,0.0,18.86,7.49,26.0,-0.822,0.22579580522017045,False,0.11905525630373696,-0.02120032180209169,0.0,-0.22469690183886093,-0.34283535132043086
2025-12-20,Karnal,Haryana,Wheat,2328.66,679.0,0.0,21.48,8.3,31.7,-0.843,0.22578306107954546,False,-0.13762964553440565,-0.2282091713596138,0.0,-0.22473263033622928,-0.35885213080369904
2025-12-21,Karnal,Haryana,Wheat,2328.66,0.0,0.0,22.31,8.85,39.3,-0.841,0.22576152787642048,True,-0.13762964553440565,-0.4030120675784392,0.0,-0.22479299917661025,-0.357326723233864
2025-12-22,Karnal,Haryana,Wheat,2535.3,1397.0,0.0,18.8,8.32,38.3,-0.728,0.22573096590909092,False,-0.04117616856019926,-0.043366049879324166,0.0,-0.22487868036935887,-0.27114119553818283
2025-12-23,Karnal,Haryana,Wheat,2347.66,1007.7,0.0,18.19,7.35,37.3,-0.809,0.2256911354758523,False,-0.1287610041169167,-0.14358809332260652,0.0,-0.22499034592382988,-0.33292020211650303
2025-12-24,Karnal,Haryana,Wheat,2041.07,1268.8,0.0,21.13,8.3,41.6,-0.826,0.225641796875,False,-0.27186820265312406,-0.0763700724054706,0.0,-0.22512866784937832,-0.345886166460101
2025-12-25,Karnal,Haryana,Wheat,2041.07,0.0,0.0,20.29,10.1,37.8,-0.788,0.22558271040482952,False,-0.27186820265312406,-0.4030120675784392,0.0,-0.22529431815535897,-0.31690342263323484
2025-12-26,Karnal,Haryana,Wheat,2716.68,1063.4,17.23,21.4,6.86,30.1,-0.427,0.22551363636363636,False,0.04348668303475572,-0.1292485921158487,17.23,-0.22548796885112662,-0.04156735627800552
2025-12-27,Karnal,Haryana,Wheat,2532.65,1272.3,0.0,18.16,7.62,33.2,-0.384,0.2254343350497159,False,-0.04241311065263855,-0.07546902654867253,0.0,-0.22571029194603634,-0.008771093526551633
2025-12-28,Karnal,Haryana,Wheat,2532.65,0.0,0.0,21.03,7.58,34.8,-0.4,0.22534456676136363,True,-0.04241311065263855,-0.4030120675784392,0.0,-0.22596195944944297,-0.020974354085232166
2025-12-29,Karnal,Haryana,Wheat,2636.84,2169.2,0.0,18.28,9.11,34.2,-0.5,0.22524409179687502,False,0.006219718257265411,0.15543041029766694,0.0,-0.22624364337070135,-0.0972447325769854
2025-12-30,Karnal,Haryana,Wheat,2337.4,962.1,0.0,18.03,7.49,31.9,-0.531,0.22513267045454546,False,-0.13355007048236062,-0.15532743362831852,0.0,-0.22655601571916648,-0.12088854990942893
2024-01-01,Kolar,Karnataka,Tomato,1111.18,2595.6,0.0,26.51,16.36,32.2,-0.828,0.2529852494487721,False,-0.7059135167430614,0.26520353982300887,0.0,-0.14847065676249896,-0.34741157402993605
2024-01-02,Kolar,Karnataka,Tomato,3446.82,2321.4,0.0,25.65,14.87,32.2,-0.92,0.2513332153283197,False,0.384294569590829,0.19461303298471447,0.0,-0.1531021731951757,-0.41758032224234914
2024-01-03,Kolar,Karnataka,Tomato,1915.94,5149.7,0.0,25.93,16.32,35.3,-0.959,0.2502573987636641,False,-0.3302752079463026,0.9227353177795655,0.0,-0.15611825018539174,-0.44732576985413286
2024-01-04,Kolar,Karnataka,Tomato,2737.16,3258.3,0.0,25.21,17.18,41.7,-0.955,0.24974393693941924,False,0.05304614494160698,0.4358101367658891,0.0,-0.15755775246146522,-0.44427495471446277
2024-01-05,Kolar,Karnataka,Tomato,2463.32,1606.3,0.0,28.99,16.04,34.3,-0.997,0.24977896704019906,False,-0.07477431641445481,0.010516492357200357,0.0,-0.15745954475171425,-0.47630851368099913
2024-01-06,Kolar,Karnataka,Tomato,4307.03,1462.3,0.0,27.22,14.8,34.6,-0.942,0.25034862625061755,False,0.7858153082086277,-0.026555108608205917,0.0,-0.1558624917844569,-0.4343598055105347
2024-01-07,Kolar,Karnataka,Tomato,4307.03,0.0,3.88,26.6,16.17,45.1,-0.971,0.25143905175528863,True,0.7858153082086277,-0.4030120675784392,3.88,-0.15280545828801134,-0.4564782152731433
2024-01-08,Kolar,Karnataka,Tomato,2387.36,3219.8,0.0,27.2,15.09,39.4,-0.93,0.25303638073882634,False,-0.11023021126037386,0.4258986323411103,0.0,-0.14832730899069546,-0.4252073600915245
2024-01-09,Kolar,Karnataka,Tomato,4375.13,2726.5,0.0,27.61,14.97,37.9,-0.92,0.25512675038584465,False,0.817602386131312,0.2989026548672567,0.0,-0.14246690862082734,-0.41758032224234914
2024-01-10,Kolar,Karnataka,Tomato,1870.25,2275.7,0.0,28.91,14.7,44.8,-0.98,0.2576962978809573,False,-0.351601956702359,0.18284794851166533,0.0,-0.1352631219067256,-0.463342549337401
2024-01-11,Kolar,Karnataka,Tomato,3273.2,2438.1,0.0,25.56,14.11,37.4,-1.053,0.2607311604087786,False,0.30325385785901654,0.22465647626709576,0.0,-0.12675481357670762,-0.5190199256363809
2024-01-12,Kolar,Karnataka,Tomato,2227.72,1318.1,0.0,26.07,15.73,25.1,-1.183,0.26421747515392213,False,-0.18474546999131808,-0.06367819790828638,0.0,-0.1169808483590922,-0.6181714176756602
2024-01-13,Kolar,Karnataka,Tomato,1641.5,2338.2,0.0,29.12,16.65,39.2,-1.225,0.2681413793010021,False,-0.45837573166291684,0.19893805309734514,0.0,-0.1059800909821969,-0.6502049766421966
2024-01-14,Kolar,Karnataka,Tomato,1641.5,0.0,0.0,26.39,16.11,27.0,-1.157,0.2724890100346325,True,-0.45837573166291684,-0.4030120675784392,0.0,-0.09379140617433991,-0.5983411192678043
2024-01-15,Kolar,Karnataka,Tomato,3125.76,1611.3,0.0,24.82,15.7,37.3,-1.16,0.2772465045394271,False,0.2344332004593024,0.011803700724054742,0.0,-0.08045365866383954,-0.6006292306225568
2024-01-16,Kolar,Karnataka,Tomato,4020.32,1830.6,0.0,25.38,14.71,26.4,-1.094,0.2824,False,0.6519875092187195,0.06826065969428803,0.0,-0.0660057131790138,-0.5502907808179998
2024-01-17,Kolar,Karnataka,Tomato,4209.98,3754.8,0.0,24.82,17.16,32.7,-1.137,0.2879356336009651,False,0.7405152213892958,0.5636299275945295,0.0,-0.050486434448180725,-0.5830870435694536
2024-01-18,Kolar,Karnataka,Tomato,2149.39,2114.0,16.35,29.16,16.1,38.1,-0.754,0.2938395425269364,False,-0.2213076111614186,0.14121962992759457,16.35,-0.03393468719965833,-0.2909714939460387
2024-01-19,Kolar,Karnataka,Tomato,1652.29,4558.4,0.0,25.96,14.47,31.1,-0.842,0.3000978639625278,False,-0.453339276878985,0.770510056315366,0.0,-0.016389336161764946,-0.35808942701878155
2024-01-20,Kolar,Karnataka,Tomato,2130.41,1200.2,0.0,28.86,14.85,33.3,-0.934,0.3066967350923533,False,-0.23016691716688917,-0.09403057119871273,0.0,0.0021107539371814127,-0.42825817523119464
2024-01-21,Kolar,Karnataka,Tomato,2130.41,0.0,0.0,29.18,14.64,40.2,-0.967,0.3136222931010268,True,-0.23016691716688917,-0.4030120675784392,0.0,0.02152671836886257,-0.45342740013347316
2024-01-22,Kolar,Karnataka,Tomato,2214.59,1283.6,0.0,27.4,14.36,31.4,-1.027,0.32086067517316247,False,-0.19087416798140372,-0.07255993563958163,0.0,0.04181969240496097,-0.499189627228525
2024-01-23,Kolar,Karnataka,Tomato,2112.68,1444.4,0.0,24.86,14.46,37.7,-1.13,0.32839801849337397,False,-0.23844275992120914,-0.03116331456154458,0.0,0.06295081131715767,-0.5777481170750308
2024-01-24,Kolar,Karnataka,Tomato,3171.97,1650.2,0.0,25.08,14.82,30.2,-1.143,0.33622046024627544,False,0.2560026699278372,0.021818181818181875,0.0,0.08488121037713511,-0.5876632662789588
2024-01-25,Kolar,Karnataka,Tomato,3171.97,0.0,0.0,26.88,15.68,34.1,-1.139,0.3443141376164808,False,0.2560026699278372,-0.4030120675784392,0.0,0.10757202485657497,-0.5846124511392887
2024-01-26,Kolar,Karnataka,Tomato,3171.97,0.0,0.0,26.55,13.78,36.6,-1.069,0.35266518778860406,False,0.2560026699278372,-0.4030120675784392,0.0,0.13098439002715953,-0.5312231861950614
2024-01-27,Kolar,Karnataka,Tomato,1826.78,1737.6,0.0,27.46,15.24,30.0,-1.027,0.36125974794725907,False,-0.37189247472437187,0.04431858407079648,0.0,0.15507944116057015,-0.499189627228525
2024-01-28,Kolar,Karnataka,Tomato,1826.78,0.0,0.0,26.72,16.53,28.4,-0.974,0.3700839552770599,True,-0.37189247472437187,-0.4030120675784392,0.0,0.17981831352848915,-0.4587663266278958
2024-01-29,Kolar,Karnataka,Tomato,1576.49,3697.4,0.0,28.96,16.23,37.5,-0.955,0.37912394696262036,False,-0.4887204884287567,0.5488527755430411,0.0,0.205162142402598,-0.44427495471446277
2024-01-30,Kolar,Karnataka,Tomato,2623.99,1994.9,0.0,27.17,14.84,40.6,-0.96,0.3883658601885546,False,0.00022171603543718157,0.11055832662912315,0.0,0.23107206305457917,-0.44808847363905036
2024-01-31,Kolar,Karnataka,Tomato,2293.27,1492.0,0.0,27.9,14.04,34.6,-1.053,0.39779583213947656,False,-0.1541486571009811,-0.01890909090909086,0.0,0.2575092107561143,-0.5190199256363809
2024-02-01,Kolar,Karnataka,Tomato,3579.15,2428.5,16.44,28.83,16.67,37.6,-0.71,0.4074,False,0.446062323210635,0.22218503620273536,16.44,0.28443472077888504,-0.25741252740966725
2024-02-02,Kolar,Karnataka,Tomato,3020.09,2369.9,0.0,25.47,17.02,35.8,-0.73,0.41761694452172665,False,0.18510955106003615,0.207098954143202,0.0,0.3130781645542264,-0.2726666031080179
2024-02-03,Kolar,Karnataka,Tomato,2521.98,1971.1,0.0,25.86,14.24,35.3,-0.699,0.4288040268466039,False,-0.04739355296446002,0.10443121480289624,0.0,0.34444141243144816,-0.24902278577557435
2024-02-04,Kolar,Karnataka,Tomato,2521.98,0.0,0.0,25.33,14.15,36.2,-0.715,0.4408255547447645,True,-0.04739355296446002,-0.4030120675784392,0.0,0.3781440480591952,-0.2612260463342549
2024-02-05,Kolar,Karnataka,Tomato,1191.58,1473.8,0.0,25.5,16.4,22.4,-0.698,0.4535458359863409,False,-0.6683851604290555,-0.023594529364440835,0.0,0.4138056550861117,-0.24826008199065683
2024-02-06,Kolar,Karnataka,Tomato,2646.29,2881.8,0.0,27.2,16.07,29.7,-0.811,0.46682917834146603,False,0.010630700435963782,0.3388833467417539,0.0,0.4510458171608428,-0.3344456096863381
2024-02-07,Kolar,Karnataka,Tomato,2947.48,1558.8,0.0,26.36,15.1,30.8,-0.871,0.4805398895802725,False,0.15121733772720064,-0.0017119871279162964,0.0,0.48948411793203306,-0.38020783678139
2024-02-08,Kolar,Karnataka,Tomato,1324.47,1788.3,0.0,26.84,16.28,35.8,-0.881,0.49454227747289287,False,-0.606356015272734,0.057370876910699954,0.0,0.5287401410483268,-0.38783487463056526
2024-02-09,Kolar,Karnataka,Tomato,1507.95,2775.1,0.0,29.38,14.39,35.9,-0.848,0.5087006497894601,False,-0.5207129454158458,0.3114143201930813,0.0,0.5684334701583692,-0.36266564972828674
2024-02-10,Kolar,Karnataka,Tomato,2652.59,3371.8,0.0,25.7,17.11,38.2,-0.894,0.5228793143001066,False,0.01357135522176284,0.4650297666934836,0.0,0.6081836889108047,-0.3977500238344933
2024-02-11,Kolar,Karnataka,Tomato,2652.59,0.0,18.83,27.45,17.39,41.9,-0.532,0.5369425787749652,True,0.01357135522176284,-0.4030120675784392,18.83,0.6476103809542779,-0.12165125369434647
2024-02-12,Kolar,Karnataka,Tomato,1654.31,3204.7,0.0,25.49,16.82,28.5,-0.568,0.5507547509841684,False,-0.4523964002651256,0.42201126307320996,0.0,0.686333129937433,-0.14910858995137757
2024-02-13,Kolar,Karnataka,Tomato,1938.24,1978.3,0.0,26.51,16.58,42.2,-0.702,0.5641801386978491,False,-0.3198662235457761,0.10628479485116657,0.0,0.7239715195089156,-0.25131089713032695
2024-02-14,Kolar,Karnataka,Tomato,1199.79,1292.9,0.0,27.48,17.21,41.4,-0.666,0.57708304968614,False,-0.6645529737954984,-0.07016572807723243,0.0,0.7601451333173699,-0.22385356087329586
2024-02-15,Kolar,Karnataka,Tomato,4069.25,3628.0,0.0,29.4,17.41,28.7,-0.774,0.5893277917191735,False,0.6748265947217581,0.5309863234111022,0.0,0.7944735550114402,-0.30622556964438935
2024-02-16,Kolar,Karnataka,Tomato,1471.42,3587.2,0.0,26.94,15.03,36.7,-0.928,0.6007786725670827,False,-0.5377640754674706,0.5204827031375704,0.0,0.8265763682397722,-0.42368195252168944
2024-02-17,Kolar,Karnataka,Tomato,2963.36,1756.3,0.0,25.5,17.14,32.0,-0.955,0.6113,False,0.15862965486981778,0.049132743362831896,0.0,0.8560731566510095,-0.44427495471446277
2024-02-18,Kolar,Karnataka,Tomato,2963.36,0.0,27.33,27.0,14.55,43.9,-0.306,0.6215803105311708,True,0.15862965486981778,-0.4030120675784392,27.33,0.8848942485211333,0.05071980169701592
2024-02-19,Kolar,Karnataka,Tomato,3937.2,1981.4,0.0,25.94,16.5,40.3,-0.375,0.63229741184764,False,0.6131895368702097,0.10708286403861632,0.0,0.9149398936100471,-0.0019067594622938333
2024-02-20,Kolar,Karnataka,Tomato,1785.05,3767.7,0.0,26.36,15.48,45.7,-0.426,0.6432995184802384,False,-0.39137081190078316,0.5669509251810136,0.0,0.9457845577922779,-0.04080465249308799
2024-02-21,Kolar,Karnataka,Tomato,2469.09,1862.3,0.0,28.15,17.08,38.8,-0.512,0.6544348449597974,False,-0.0720810500471437,0.07642156074014485,0.0,0.9770027069423544,-0.10639717799599581
2024-02-22,Kolar,Karnataka,Tomato,1265.22,4462.3,0.0,25.71,17.06,36.5,-0.597,0.6655516058171483,False,-0.6340121733772719,0.7457699115044248,0.0,1.0081688069348043,-0.17122699971398606
2024-02-23,Kolar,Karnataka,Tomato,1265.22,0.0,0.0,27.54,15.94,33.3,-0.752,0.6764980155831224,False,-0.6340121733772719,-0.4030120675784392,0.0,1.0388573236441556,-0.2894460863762036
2024-02-24,Kolar,Karnataka,Tomato,3026.44,4198.4,0.0,28.23,16.03,35.9,-0.927,0.6871222887885506,False,0.1880735443758811,0.6778310539018503,0.0,1.0686427229449362,-0.42291924873677184
2024-02-25,Kolar,Karnataka,Tomato,3026.44,0.0,0.0,27.43,15.35,41.8,-0.944,0.6972726399642645,True,0.1880735443758811,-0.4030120675784392,0.0,1.097099470711674,-0.4358852130803698
2024-02-26,Kolar,Karnataka,Tomato,2212.63,2586.0,0.0,25.67,15.43,34.8,-0.895,0.706797283641095,False,-0.19178903835920785,0.2627320997586485,0.0,1.1238020328188967,-0.39851272761941076
2024-02-27,Kolar,Karnataka,Tomato,3543.98,1601.0,0.0,30.06,15.78,30.6,-0.907,0.7155444343498735,False,0.42964600117626195,0.009152051488334721,0.0,1.1483248751411326,-0.40766517303842115
2024-02-28,Kolar,Karnataka,Tomato,3205.12,3025.0,0.0,27.33,16.6,26.9,-0.902,0.723362306621431,False,0.2714761153483509,0.37574899436846343,0.0,1.1702424635529087,-0.40385165411383356
2024-02-29,Kolar,Karnataka,Tomato,1874.83,3089.3,0.0,29.23,15.11,37.6,-0.843,0.7300991149865993,False,-0.34946414735014325,0.39230249396621086,0.0,1.1891292639287552,-0.35885213080369904
2024-03-01,Kolar,Karnataka,Tomato,1319.79,5228.4,73.51,27.24,16.09,58.3,0.691,0.7356030739762088,False,-0.6085405016850418,0.9429959774738536,73.51,1.204559742143197,0.8111354752597958
2024-03-02,Kolar,Karnataka,Tomato,2929.26,2680.1,0.0,27.96,14.86,31.8,0.462,0.7397223981210913,False,0.14271277737842974,0.286957361222848,0.0,1.216108364070764,0.636476308513681
2024-03-03,Kolar,Karnataka,Tomato,2929.26,0.0,0.0,27.62,15.51,40.1,0.222,0.742305301952078,True,0.14271277737842974,-0.4030120675784392,0.0,1.2233495955859839,0.45342740013347316
2024-03-04,Kolar,Karnataka,Tomato,1876.77,1928.6,0.0,27.47,18.27,32.9,0.171,0.7432,False,-0.34855861238435754,0.09348994368463398,0.0,1.2258579025633844,0.41452950710267894
2024-03-05,Kolar,Karnataka,Tomato,1778.85,2755.1,0.0,26.08,17.36,34.3,0.041,0.7430039255833307,False,-0.39426478962649014,0.3062654867256637,0.0,1.2253082033340594,0.3153780150633997
2024-03-06,Kolar,Karnataka,Tomato,1977.4,2000.9,0.0,27.66,16.54,34.9,-0.156,0.7424291346777682,False,-0.30158748681373043,0.11210297666934842,0.0,1.2236967635390164,0.1651253694346458
2024-03-07,Kolar,Karnataka,Tomato,2999.57,2386.6,0.0,30.1,16.07,33.2,-0.342,0.7414957757999798,False,0.1755314183291481,0.2113982300884956,0.0,1.2210800700176514,0.023262465439984722
2024-03-08,Kolar,Karnataka,Tomato,3850.11,2443.2,0.0,29.26,16.72,36.2,-0.369,0.7402239974666337,False,0.572538485236046,0.2259694288012872,0.0,1.217514609609363,0.0026694632472113664
2024-03-09,Kolar,Karnataka,Tomato,1507.14,2038.1,0.0,26.86,15.95,40.8,-0.522,0.7386339481943972,False,-0.5210910296025913,0.121679806918745,0.0,1.213056869153547,-0.11402421584517114
2024-03-10,Kolar,Karnataka,Tomato,1507.14,0.0,0.0,28.92,17.78,29.3,-0.493,0.7367457764999382,True,-0.5210910296025913,-0.4030120675784392,0.0,1.2077633354896011,-0.09190580608256267
2024-03-11,Kolar,Karnataka,Tomato,2631.92,2035.5,0.0,30.34,18.18,37.4,-0.728,0.7345796308999243,False,0.003923206900736657,0.12101045856798073,0.0,1.201690495456922,-0.27114119553818283
2024-03-12,Kolar,Karnataka,Tomato,2256.54,2039.8,0.0,29.53,18.69,35.9,-0.699,0.7321556599110233,False,-0.17129314127279002,0.1221174577634755,0.0,1.1948948358949074,-0.24902278577557435
2024-03-13,Kolar,Karnataka,Tomato,2657.23,3409.3,15.76,27.11,16.94,40.5,-0.394,0.7294940120499027,False,0.015737170810033767,0.47468382944489146,15.76,1.187432843642954,-0.016398131375726967
2024-03-14,Kolar,Karnataka,Tomato,1855.6,2497.3,0.0,30.41,16.6,39.4,-0.479,0.7266148358332303,False,-0.35844014600584395,0.23989702333065174,0.0,1.1793610055404582,-0.0812279530937172
2024-03-15,Kolar,Karnataka,Tomato,1855.6,0.0,9.29,27.93,17.93,38.0,-0.373,0.7235382797776739,False,-0.35844014600584395,-0.4030120675784392,9.29,1.1707358084268185,-0.00038135189245876665
2024-03-16,Kolar,Karnataka,Tomato,3475.91,1423.0,0.0,28.67,16.98,37.4,-0.361,0.7202844923999011,False,0.3978729263716054,-0.03667256637168137,0.0,1.161613739141431,0.008771093526551633
2024-03-17,Kolar,Karnataka,Tomato,3475.91,0.0,0.0,29.06,19.01,38.6,-0.4585,0.7168736222165797,True,0.3978729263716054,-0.4030120675784392,0.0,1.1520512845236932,-0.06559252550290783
2024-03-18,Kolar,Karnataka,Tomato,4675.84,2881.9,0.0,30.59,18.91,32.5,-0.556,0.7133258177443771,False,0.957964973534107,0.338909090909091,0.0,1.1421049314130016,-0.13995614453236727
2024-03-19,Kolar,Karnataka,Tomato,2131.08,2093.4,0.0,31.02,16.87,36.5,-0.725,0.7096612274999613,False,-0.2298541808642724,0.13591633145615453,0.0,1.131831166648754,-0.26885308418343024
2024-03-20,Kolar,Karnataka,Tomato,2183.2,5021.2,4.1,31.08,18.1,35.0,-0.68,0.7059,False,-0.20552609714429748,0.8896540627514079,4.1,1.1212864770703475,-0.23453141386214132
2024-03-21,Kolar,Karnataka,Tomato,2634.01,1092.7,0.0,26.99,17.11,34.3,-0.737,0.701343255323814,False,0.004898757456660511,-0.121705551086082,0.0,1.1085115364162839,-0.2780055296024406
2024-03-22,Kolar,Karnataka,Tomato,2878.09,3224.3,0.0,31.17,16.61,33.4,-0.873,0.6953712306310516,False,0.11882812572932919,0.42705711987127926,0.0,1.091768825016772,-0.381733244351225
2024-03-23,Kolar,Karnataka,Tomato,2629.83,3165.5,0.0,27.34,16.61,37.4,-0.91,0.6881227500588696,False,0.0029476563448128036,0.41191954947707166,0.0,1.0714475395987653,-0.40995328439317386
2024-03-24,Kolar,Karnataka,Tomato,2629.83,0.0,0.0,28.36,19.06,35.4,-0.972,0.6797366377444257,True,0.0029476563448128036,-0.4030120675784392,0.0,1.047936876889218,-0.45724091905806075
2024-03-25,Kolar,Karnataka,Tomato,2714.82,2661.0,0.0,29.55,18.03,37.0,-0.994,0.6703517178248777,False,0.042618489717043795,0.2820402252614643,0.0,1.0216260336150857,-0.4740204023262465
2024-03-26,Kolar,Karnataka,Tomato,2090.91,3056.9,0.0,29.46,17.23,34.9,-0.972,0.6601068144373827,False,-0.24860435590324778,0.3839613837489944,0.0,0.992904206503322,-0.45724091905806075
2024-03-27,Kolar,Karnataka,Tomato,1932.49,3443.5,0.0,30.09,17.16,27.0,-0.91,0.6491407517190982,False,-0.32255015450106883,0.4834883346741754,0.0,0.9621605922808808,-0.40995328439317386
2024-03-28,Kolar,Karnataka,Tomato,2439.28,1987.6,0.0,29.6,17.2,35.2,-0.9355,0.6375923538071819,False,-0.08599548166058293,0.1086790024135157,0.0,0.9297843876747173,-0.4294022309085708
2024-03-29,Kolar,Karnataka,Tomato,1671.53,2870.3,0.0,31.72,19.22,35.3,-0.961,0.6256004448387912,False,-0.4443586105172751,0.33592276749798883,0.0,0.8961647894117855,-0.44885117742396796
2024-03-30,Kolar,Karnataka,Tomato,1564.26,2446.4,0.0,28.67,19.41,36.2,-0.964,0.6133038489510835,False,-0.49442909287801406,0.22679324215607408,0.0,0.8616909942190398,-0.45113928877872045
2024-03-31,Kolar,Karnataka,Tomato,1564.26,0.0,0.0,28.89,18.09,32.0,-0.983,0.6008413902812164,True,-0.49442909287801406,-0.4030120675784392,0.0,0.8267521988234351,-0.4656306606921537
2024-04-01,Kolar,Karnataka,Tomato,4675.06,3418.2,0.0,31.88,17.64,29.0,-1.079,0.5883518929663473,False,0.9576008924653892,0.4769750603378922,0.0,0.791737599951925,-0.5388502240442367
2024-04-02,Kolar,Karnataka,Tomato,2971.76,2205.3,0.0,28.15,19.19,38.1,-1.066,0.5759741811436335,False,0.1625505279175498,0.16472405470635568,0.0,0.7570363943314641,-0.5289350748403089
2024-04-03,Kolar,Karnataka,Tomato,2300.82,1607.7,0.0,30.62,20.01,33.6,-1.029,0.5638470789502327,False,-0.15062453906403145,0.010876910699919608,0.0,0.7230377786890066,-0.50071503479836
2024-04-04,Kolar,Karnataka,Tomato,1865.88,2273.8,0.0,31.02,17.95,35.9,-0.992,0.5521094105233024,False,-0.3536417442283814,0.18235880933226076,0.0,0.6901309497515077,-0.4724949947564114
2024-04-05,Kolar,Karnataka,Tomato,1865.88,0.0,0.0,30.3,19.48,33.6,-1.0495,0.5409,False,-0.3536417442283814,-0.4030120675784392,0.0,0.6587051042459211,-0.5163504623891696
2024-04-06,Kolar,Karnataka,Tomato,1821.46,4029.0,0.0,31.23,20.02,35.0,-1.107,0.5297406995153158,False,-0.37437569432126877,0.6342204344328238,0.0,0.6274197434097664,-0.5602059300219276
2024-04-07,Kolar,Karnataka,Tomato,1821.46,0.0,0.0,28.96,20.16,32.8,-1.181,0.5181192693606083,True,-0.37437569432126877,-0.4030120675784392,0.0,0.5948387911967494,-0.6166460101058251
2024-04-08,Kolar,Karnataka,Tomato,3433.62,4676.3,0.0,32.09,19.65,30.2,-1.129,0.5061233959075878,False,0.37813319765867864,0.8008624296057926,0.0,0.5612080784081053,-0.5769854132901133
2024-04-09,Kolar,Karnataka,Tomato,3062.32,2313.0,0.0,28.96,18.76,37.4,-1.103,0.49384076552796474,False,0.20482127353690768,0.1924505229283991,0.0,0.5267734358450686,-0.5571551148822576
2024-04-10,Kolar,Karnataka,Tomato,2546.64,4020.6,0.0,30.21,19.65,32.0,-1.119,0.48135906459344907,False,-0.03588298994576125,0.6320579243765084,0.0,0.49178069430887356,-0.569358375440938
2024-04-11,Kolar,Karnataka,Tomato,3933.44,8112.4,0.0,28.82,20.91,35.8,-1.142,0.46876597947575116,False,0.6114344794107488,1.6854577634754626,0.0,0.45647568460075505,-0.5869005624940412
2024-04-12,Kolar,Karnataka,Tomato,2114.09,3450.8,0.0,31.01,20.72,37.1,-1.156,0.45614919654658126,False,-0.23778461337391113,0.4853676588897829,0.0,0.4211042375219478,-0.5975784154828867
2024-04-13,Kolar,Karnataka,Tomato,3615.52,4180.6,0.0,31.65,20.12,32.1,-1.155,0.4435964021776496,False,0.4630387699661125,0.6732485921158489,0.0,0.3859121838736864,-0.5968157116979692
2024-04-14,Kolar,Karnataka,Tomato,3615.52,0.0,0.0,32.95,18.9,29.0,-1.199,0.4311952827406663,True,0.4630387699661125,-0.4030120675784392,0.0,0.3511453544572051,-0.6303746782343407
2024-04-15,Kolar,Karnataka,Tomato,1710.4,1939.1,0.0,32.12,20.94,47.1,-1.272,0.4190335246073418,False,-0.42621523725949634,0.09619308125502818,0.0,0.31704958007373907,-0.6860520545333205
2024-04-16,Kolar,Karnataka,Tomato,1630.17,3979.3,0.0,31.3,19.4,32.4,-1.194,0.4071988141493861,False,-0.46366424257134575,0.6214255832662913,0.0,0.28387069152452243,-0.626561159309753
2024-04-17,Kolar,Karnataka,Tomato,1592.99,3668.8,0.0,33.14,21.02,38.1,-1.211,0.39577883773850964,False,-0.4810187735135689,0.541489943684634,0.0,0.25185451961079036,-0.6395271236533511
2024-04-18,Kolar,Karnataka,Tomato,3064.21,3060.7,0.0,31.17,20.78,44.7,-1.195,0.38486128174642253,False,0.2057034699726473,0.3849396621078037,0.0,0.22124689513377704,-0.6273238630946706
2024-04-19,Kolar,Karnataka,Tomato,1797.31,2503.0,0.0,31.62,21.0,38.9,-1.174,0.374533832544835,False,-0.3856482043334982,0.2413644408688657,0.0,0.19229364889471717,-0.6113070836114023
2024-04-20,Kolar,Karnataka,Tomato,1608.23,4426.0,0.0,31.86,21.44,33.5,-1.154,0.3648841765054575,False,-0.47390518955554095,0.736424778761062,0.0,0.16524061169484588,-0.5960530079130516
2024-04-21,Kolar,Karnataka,Tomato,1608.23,0.0,0.0,31.1,19.4,34.7,-1.22,0.356,True,-0.47390518955554095,-0.4030120675784392,0.0,0.14033361433539704,-0.6463914577176089
2024-04-22,Kolar,Karnataka,Tomato,2692.59,7598.4,0.0,33.1,20.21,30.8,-1.307,0.34735206332701696,False,0.0322421792585817,1.553132743362832,0.0,0.11608892089123224,-0.7127466870054341
2024-04-23,Kolar,Karnataka,Tomato,3423.59,3818.8,0.0,30.24,19.0,39.4,-1.322,0.3384292753297362,False,0.37345148853144644,0.5801061946902656,0.0,0.09107367530818107,-0.7241872437791972
2024-04-24,Kolar,Karnataka,Tomato,2882.58,2437.5,0.0,31.98,21.64,37.8,-1.28,0.3293465451968782,False,0.120923925727462,0.22450201126307326,0.0,0.06561002819393118,-0.6921536848126608
2024-04-25,Kolar,Karnataka,Tomato,1780.09,3185.8,0.0,32.81,21.56,32.4,-1.306,0.32021878211716337,False,-0.39368599408134874,0.4171456154465005,0.0,0.040020130156169884,-0.7119839832205167
2024-04-26,Kolar,Karnataka,Tomato,2436.76,3529.1,0.0,33.71,21.07,29.8,-1.308,0.3111608952793123,False,-0.08717174357490251,0.5055253419147224,0.0,0.014626131802585303,-0.7135093907903517
2024-04-27,Kolar,Karnataka,Tomato,2479.75,9233.4,0.0,33.69,19.54,28.4,-1.17,0.3022877938720452,False,-0.06710527544133155,1.9740498793242156,0.0,-0.01024981625913571,-0.6082562684717322
2024-04-28,Kolar,Karnataka,Tomato,2479.75,0.0,0.0,32.08,21.22,39.9,-1.272,0.2937143870840827,True,-0.06710527544133155,-0.4030120675784392,0.0,-0.034285563421305044,-0.6860520545333205
2024-04-29,Kolar,Karnataka,Tomato,1550.28,3970.5,0.0,32.76,20.94,35.6,-1.301,0.2855555841041452,False,-0.5009545458788823,0.6191600965406275,0.0,-0.05715895907623537,-0.7081704642959289
2024-04-30,Kolar,Karnataka,Tomato,1550.28,0.0,0.0,31.72,21.39,36.1,-1.177,0.27792629412095327,False,-0.5009545458788823,-0.4030120675784392,0.0,-0.07854785261623888,-0.613595194966155
2024-05-01,Kolar,Karnataka,Tomato,5101.25,5136.6,0.0,32.13,22.24,30.9,-1.177,0.2709414263232271,False,1.1565338548716848,0.9193628318584072,0.0,-0.09813009343362858,-0.613595194966155
2024-05-02,Kolar,Karnataka,Tomato,2008.45,3670.8,0.0,34.18,19.31,27.7,-1.214,0.2647158898996874,False,-0.2870942596551498,0.5420048270313758,0.0,-0.11558353092071617,-0.6418152350081037
2024-05-03,Kolar,Karnataka,Tomato,3748.18,3022.3,0.0,34.36,20.75,39.8,-1.141,0.25936459403905443,False,0.5249605578842221,0.37505390185036214,0.0,-0.13058601446981483,-0.5861378587091238
2024-05-04,Kolar,Karnataka,Tomato,1960.52,4298.0,0.0,34.28,19.99,35.2,-1.14,0.2550024479300488,False,-0.309466574557268,0.7034722445695898,0.0,-0.14281539347323643,-0.5853751549242061
2024-05-05,Kolar,Karnataka,Tomato,1960.52,0.0,0.0,30.95,20.52,39.5,-1.161,0.2517443607613909,True,-0.309466574557268,-0.4030120675784392,0.0,-0.15194951732329348,-0.6013919344074744
2024-05-06,Kolar,Karnataka,Tomato,3290.83,3909.3,0.0,34.23,21.1,33.1,-1.15,0.24970524172180114,False,0.31148302355324453,0.60340466613033,0.0,-0.15766623541229866,-0.5930021927733815
2024-05-07,Kolar,Karnataka,Tomato,3348.61,4073.0,0.0,34.74,22.66,33.8,-1.188,0.249,False,0.33845302887442946,0.6455478680611424,0.0,-0.1596433971325643,-0.6219849366002478
2024-05-08,Kolar,Karnataka,Tomato,2697.3,7614.5,0.0,32.17,20.8,38.6,-1.241,0.24948053098339246,False,0.03444066878891714,1.557277554304103,0.0,-0.15829621724176218,-0.662408237200877
2024-05-09,Kolar,Karnataka,Tomato,3921.74,4600.0,0.0,32.96,22.58,38.7,-1.237,0.25087585733799844,False,0.6059732633799793,0.7812196299275945,0.0,-0.15438438705599405,-0.659357422061207
2024-05-10,Kolar,Karnataka,Tomato,2678.12,3538.4,0.0,34.2,21.74,39.0,-1.285,0.25311657917046104,False,0.02548800866326236,0.5079195494770716,0.0,-0.148102470805217,-0.6959672037372484
2024-05-11,Kolar,Karnataka,Tomato,4439.91,4579.7,0.0,33.3,21.07,33.5,-1.269,0.25613329658742334,False,0.84783978565894,0.7759935639581658,0.0,-0.13964503271938805,-0.6837639431785678
2024-05-12,Kolar,Karnataka,Tomato,4439.91,0.0,0.0,35.31,20.6,38.1,-1.235,0.25985660969552815,True,0.84783978565894,-0.4030120675784392,0.0,-0.129206637028465,-0.6578320144913719
2024-05-13,Kolar,Karnataka,Tomato,2632.62,3530.2,0.0,32.96,21.01,40.5,-1.178,0.2642171186014187,False,0.004249946321380902,0.5058085277554304,0.0,-0.11698184796240439,-0.6143578987510724
2024-05-14,Kolar,Karnataka,Tomato,2563.26,10186.1,0.0,34.2,21.13,34.5,-1.111,0.2691454234117379,False,-0.028125262558462854,2.2193145615446506,0.0,-0.10316522975116392,-0.5632567451615977
2024-05-15,Kolar,Karnataka,Tomato,1609.09,7992.4,0.0,34.62,23.03,32.4,-1.14,0.2745721242331289,False,-0.4735037668387494,1.6545647626709574,0.0,-0.08795134662470044,-0.5853751549242061
2024-05-16,Kolar,Karnataka,Tomato,2856.69,9957.4,0.0,33.35,22.41,41.7,-1.113,0.28042782117223447,False,0.10883923486963105,2.1604376508447305,0.0,-0.07153476281297161,-0.5647821527314328
2024-05-17,Kolar,Karnataka,Tomato,1298.24,7084.5,0.0,35.05,23.54,31.7,-1.091,0.28664311433569784,False,-0.6185994081348779,1.4208334674175382,0.0,-0.05411004254593431,-0.5480026694632472
2024-05-18,Kolar,Karnataka,Tomato,1779.65,3036.6,0.0,33.72,21.25,38.1,-1.08,0.293148603830162,False,-0.3938913731457537,0.3787353177795656,0.0,-0.03587175005354571,-0.5396129278291544
2024-05-19,Kolar,Karnataka,Tomato,1779.65,0.0,0.0,33.18,20.5,34.7,-1.116,0.29987488976226995,True,-0.3938913731457537,-0.4030120675784392,0.0,-0.017014449565763163,-0.5670702640861855
2024-05-20,Kolar,Karnataka,Tomato,4106.8,4888.5,0.0,31.88,22.98,25.8,-1.179,0.3067525722386647,False,0.6923538307863218,0.8554915526950926,0.0,0.0022672946874561437,-0.61512060253599
2024-05-21,Kolar,Karnataka,Tomato,2075.03,5145.2,0.0,33.24,23.66,40.6,-1.148,0.31371225136598924,False,-0.25601667304586473,0.9215768302493966,0.0,0.021778918476154874,-0.5914767852035464
2024-05-22,Kolar,Karnataka,Tomato,5149.63,7309.4,0.0,34.84,22.37,21.2,-1.245,0.3206845272508867,False,1.1791162165442173,1.4787320997586484,0.0,0.04132585757037614,-0.6654590523405473
2024-05-23,Kolar,Karnataka,Tomato,3059.1,11465.6,0.0,35.74,21.1,25.1,-1.249,0.3276,False,0.20331827220194365,2.5487111826226876,0.0,0.060713547740162466,-0.6685098674802173
2024-05-24,Kolar,Karnataka,Tomato,2666.36,10464.9,0.0,32.8,22.23,37.6,-1.382,0.33500716653808005,False,0.019998786396437724,2.2910893000804506,0.0,0.08147971298818805,-0.769949470874249
2024-05-25,Kolar,Karnataka,Tomato,1795.09,10164.0,0.0,33.33,24.06,37.6,-1.43,0.3434313221128197,False,-0.3866844350675417,2.2136251005631533,0.0,0.10509703087091293,-0.8065592525502906
2024-05-26,Kolar,Karnataka,Tomato,1795.09,0.0,0.0,32.49,20.88,31.8,-1.447,0.35276826431527547,True,-0.3866844350675417,-0.4030120675784392,0.0,0.13127336748906035,-0.8195252168938888
2024-05-27,Kolar,Karnataka,Tomato,2721.45,6897.2,0.0,34.96,21.45,35.7,-1.35,0.3629137907365036,False,0.04571317880114636,1.372614641995173,0.0,0.15971658894335244,-0.7455429497568882
2024-05-28,Kolar,Karnataka,Tomato,2165.16,8923.5,0.0,36.24,23.96,22.3,-1.288,0.37376369896756045,False,-0.21394663878490278,1.894268704746581,0.0,0.19013456133451198,-0.6982553150920011
2024-05-29,Kolar,Karnataka,Tomato,1333.67,7719.4,0.0,34.86,21.25,73.5,-1.303,0.38521378659950245,False,-0.6020617257442656,1.5842831858407078,0.0,0.22223515076326178,-0.709695871865764
2024-05-30,Kolar,Karnataka,Tomato,1859.91,11268.2,53.65,34.82,22.96,87.3,-0.111,0.39715985122338593,False,-0.35642836471587663,2.4978921962992757,53.65,0.2557262233303244,0.19944703975593478
2024-05-31,Kolar,Karnataka,Tomato,1532.31,11274.4,0.8,34.59,23.3,70.0,-0.17,0.40949769043026724,False,-0.5093424135774232,2.4994883346741754,0.8,0.29031564513642255,0.15444751644580035
2024-06-01,Kolar,Karnataka,Tomato,4393.4,10591.2,4.79,32.56,23.04,71.5,-0.196,0.4221231018112026,False,0.8261302850101288,2.323604183427192,4.79,0.3257112822822784,0.1346172180379445
2024-06-02,Kolar,Karnataka,Tomato,4393.4,0.0,0.0,35.5,21.79,72.5,-0.389,0.43493188295724855,True,0.8261302850101288,-0.4030120675784392,0.0,0.36162100086861515,-0.0125846124511393
2024-06-03,Kolar,Karnataka,Tomato,3550.35,9386.9,28.79,34.98,22.46,78.5,0.115,0.4478198314594613,False,0.4326193299041253,2.0135671761866454,28.79,0.3977526669961551,0.37181809514729713
2024-06-04,Kolar,Karnataka,Tomato,2306.28,8818.1,0.0,35.31,24.62,60.6,-0.043,0.46068274490889727,False,-0.14807597158300564,1.8671343523732906,0.0,0.4338141467656209,0.251310897130327
2024-06-05,Kolar,Karnataka,Tomato,1911.96,9913.1,4.8,36.43,21.53,82.4,-0.144,0.47341642089661273,False,-0.3321329549379661,2.149032984714401,4.8,0.4695133062777352,0.1742778148536562
2024-06-06,Kolar,Karnataka,Tomato,1518.44,7322.2,0.0,35.97,24.42,76.0,-0.245,0.48591665701366415,False,-0.5158165218121901,1.4820273531777957,0.0,0.5045580116332208,0.0972447325769854
2024-06-07,Kolar,Karnataka,Tomato,3640.72,6115.8,0.0,36.01,22.38,63.6,-0.338,0.4980792508511078,False,0.4748013891093083,1.1714497184231698,0.0,0.5386561289328002,0.026313280579654857
2024-06-08,Kolar,Karnataka,Tomato,2180.085,11658.1,40.88,36.72,22.82,80.5,0.452,0.5098,False,-0.20698008756616465,2.598268704746581,40.88,0.5715155242771959,0.6288492706645057
2024-06-09,Kolar,Karnataka,Tomato,2118.51,0.0,42.3,37.05,24.44,81.5,1.169,0.521568552415348,True,-0.2357214873178426,-0.4030120675784392,42.3,0.6045089372011226,1.1757078844503766
2024-06-10,Kolar,Karnataka,Tomato,2071.86,12589.9,12.44,35.26,24.55,79.1,1.194,0.5338644126811045,False,-0.25749633585078263,2.838152855993564,12.44,0.6389806700604617,1.1947754790733147
2024-06-11,Kolar,Karnataka,Tomato,1796.25,8293.1,0.0,33.18,22.15,59.2,0.901,0.5465681633317429,False,-0.38614298117047385,1.7319774738535803,0.0,0.6745959331876827,0.9713032700924779
2024-06-12,Kolar,Karnataka,Tomato,1810.61,17531.6,0.0,34.81,23.77,67.5,0.666,0.5595603869017377,False,-0.37944015534125597,4.110352373290426,0.0,0.711019936915259,0.7920678806368576
2024-06-13,Kolar,Karnataka,Tomato,3322.42,15435.8,0.0,36.33,23.0,61.2,0.425,0.5727216659255627,False,0.3262283068363223,3.5708061142397423,0.0,0.7479178915756609,0.6082562684717322
2024-06-14,Kolar,Karnataka,Tomato,1281.7,12277.6,9.13,32.96,23.57,71.3,0.395,0.585932582937692,False,-0.6263197938741025,2.7577538213998394,9.13,0.7849550075013599,0.5853751549242063
2024-06-15,Kolar,Karnataka,Tomato,2510.95,10448.8,13.92,33.14,22.84,71.8,0.579,0.5990737204725995,False,-0.052542032692612914,2.286944489139179,13.92,0.8217964950248273,0.7257126513490323
2024-06-16,Kolar,Karnataka,Tomato,2510.95,0.0,39.71,33.23,23.75,82.3,1.094,0.6120256610647593,True,-0.052542032692612914,-0.4030120675784392,39.71,0.8581075644785344,1.1185051005815616
2024-06-17,Kolar,Karnataka,Tomato,1979.25,13356.9,0.0,36.26,24.46,67.0,0.874,0.6246689872486454,False,-0.3007239612020276,3.035610619469027,0.0,0.8935534261949529,0.9507102678997044
2024-06-18,Kolar,Karnataka,Tomato,2923.46,12863.6,15.08,35.26,24.24,70.8,0.914,0.6368842815587318,False,0.14000550789309094,2.9086146419951735,15.08,0.9277992905065539,0.9812184192964056
2024-06-19,Kolar,Karnataka,Tomato,2195.01,17319.0,0.0,34.71,22.54,73.1,0.623,0.6485521265294923,False,-0.20001353634742652,4.055620273531778,0.0,0.9605103677458084,0.7592716178854038
2024-06-20,Kolar,Karnataka,Tomato,3284.69,20118.7,0.0,33.57,23.95,72.3,0.424,0.6595531046954013,False,0.3086170520635929,4.776379726468222,0.0,0.9913518682451885,0.6074935646868147
2024-06-21,Kolar,Karnataka,Tomato,1156.07,7998.3,0.0,36.42,24.88,72.8,0.151,0.6697677985909325,False,-0.6849601844677414,1.6560836685438456,0.0,1.019989002337165,0.3992754314043283
2024-06-22,Kolar,Karnataka,Tomato,1799.74,8712.7,0.0,34.61,22.39,69.1,-0.052,0.67907679075056,False,-0.3845139517732614,1.8400000000000003,0.0,1.0460869803542094,0.2444465630660692
2024-06-23,Kolar,Karnataka,Tomato,1799.74,0.0,0.0,34.4,22.91,67.1,-0.232,0.6873606637087578,True,-0.3845139517732614,-0.4030120675784392,0.0,1.0693110126287928,0.10715988178091332
2024-06-24,Kolar,Karnataka,Tomato,1799.74,0.0,0.0,36.17,25.54,69.4,-0.356,0.6945,False,-0.3845139517732614,-0.4030120675784392,0.0,1.0893263094933872,0.0125846124511393
2024-06-25,Kolar,Karnataka,Tomato,1346.92,12843.3,0.0,35.79,22.27,72.5,-0.497,0.7010544296116505,False,-0.5958770152820694,2.9033885760257436,0.0,1.1077018067530136,-0.0949566212222328
2024-06-26,Kolar,Karnataka,Tomato,1489.06,16415.1,0.0,34.93,23.37,59.1,-0.486,0.707622995145631,False,-0.5295302420672335,3.8229187449718416,0.0,1.1261169344026856,-0.08656687958813994
2024-06-27,Kolar,Karnataka,Tomato,2899.4,13378.7,0.0,36.22,25.27,72.0,-0.465,0.7141453980582524,False,0.12877500723494442,3.0412228479485117,0.0,1.1444026440598642,-0.07055010010487178
2024-06-28,Kolar,Karnataka,Tomato,1541.11,11323.0,0.0,34.58,25.03,71.5,-0.662,0.7205613398058253,False,-0.5052348322893231,2.512,0.0,1.1623898873420084,-0.2208027457336257
2024-06-29,Kolar,Karnataka,Tomato,1472.84,20496.9,0.0,36.97,23.47,70.3,-0.691,0.7268105218446601,False,-0.5371012612141637,4.873744167337088,0.0,1.179909615866578,-0.24292115549623408
2024-06-30,Kolar,Karnataka,Tomato,1472.84,0.0,9.57,34.45,23.19,72.1,-0.496,0.732832645631068,True,-0.5371012612141637,-0.4030120675784392,9.57,1.1967927812510337,-0.09419391743731527
2024-07-01,Kolar,Karnataka,Tomato,1472.84,0.0,4.54,34.16,25.11,58.5,-0.449,0.7385674126213593,False,-0.5371012612141637,-0.4030120675784392,4.54,1.2128703351128345,-0.058346839546191256
2024-07-02,Kolar,Karnataka,Tomato,1472.84,0.0,0.0,36.99,25.07,67.8,-0.571,0.7439545242718445,False,-0.5371012612141637,-0.4030120675784392,0.0,1.22797322906944,-0.1513967013061302
2024-07-03,Kolar,Karnataka,Tomato,2692.0,13844.8,48.12,36.68,24.92,93.4,0.362,0.7489336820388349,False,0.03196678460403856,3.1612164119066772,48.12,1.241932414738312,0.5602059300219276
2024-07-04,Kolar,Karnataka,Tomato,1142.99,30035.7,6.2,34.34,23.92,71.9,0.218,0.7534445873786407,False,-0.6910655439277812,7.329428801287208,6.2,1.2545788437369083,0.450376584993803
2024-07-05,Kolar,Karnataka,Tomato,1142.99,0.0,0.0,34.06,25.44,68.5,0.074,0.7574269417475727,False,-0.6910655439277812,-0.4030120675784392,0.0,1.2657434676826895,0.3405472399656783
2024-07-06,Kolar,Karnataka,Tomato,2450.91,29961.7,0.0,37.33,25.69,70.1,-0.142,0.7608204466019417,False,-0.08056693957187801,7.310378117457764,0.0,1.275257238193116,0.17580322242349128
2024-07-07,Kolar,Karnataka,Tomato,2450.91,0.0,10.23,37.07,23.7,74.8,-0.054,0.7635648033980582,True,-0.08056693957187801,-0.4030120675784392,10.23,1.282951106885647,0.24292115549623414
2024-07-08,Kolar,Karnataka,Tomato,4134.72,18164.3,57.11,35.07,23.37,90.4,0.936,0.7655997135922331,False,0.7053860659640214,4.27323572003218,57.11,1.288656025377743,0.9979979025645914
2024-07-09,Kolar,Karnataka,Tomato,2982.33,12203.1,4.3,36.57,24.36,70.1,0.764,0.7668648786407766,False,0.16748429316927904,2.738574416733709,4.3,1.2922029452868624,0.8668128515587759
2024-07-10,Kolar,Karnataka,Tomato,2311.5249999999996,22788.4,29.04,34.18,24.85,80.8,1.077,0.7673,False,-0.14562775978117803,5.463671761866452,29.04,1.2934228182304672,1.1055391362379634
2024-07-11,Kolar,Karnataka,Tomato,1108.21,13123.9,0.0,35.92,24.63,78.4,0.821,0.7665890739052237,False,-0.7072998254277951,2.9756267095736124,0.0,1.291429720237144,0.9102869672990752
2024-07-12,Kolar,Karnataka,Tomato,2307.6,17298.5,0.0,33.73,24.79,75.0,0.545,0.7645316050795017,False,-0.14745983438979077,4.050342719227674,0.0,1.2856615580920172,0.6997807226618361
2024-07-13,Kolar,Karnataka,Tomato,1587.1,12524.7,0.0,35.42,22.8,81.7,0.357,0.7612405577107447,False,-0.4837680523529906,2.8213676588897827,0.0,1.2764350295473517,0.5563924110973401
2024-07-14,Kolar,Karnataka,Tomato,1587.1,0.0,0.0,34.01,23.48,66.7,0.237,0.7568288959868631,True,-0.4837680523529906,-0.4030120675784392,0.0,1.2640668323554114,0.4648679569072361
2024-07-15,Kolar,Karnataka,Tomato,2393.28,12651.6,0.0,35.82,25.45,78.4,0.159,0.7514095840957675,False,-0.10746692930292463,2.8540370072405477,0.0,1.2488736642684615,0.40537706168366855
2024-07-16,Kolar,Karnataka,Tomato,2393.28,0.0,0.0,35.58,24.84,66.0,-0.141,0.7450955862253684,False,-0.10746692930292463,-0.4030120675784392,0.0,1.2311722230387663,0.1765659262084088
2024-07-17,Kolar,Karnataka,Tomato,2393.28,0.0,0.0,35.69,24.29,71.8,-0.31,0.7379998665635763,False,-0.10746692930292463,-0.4030120675784392,0.0,1.21127920641859,0.047668986557345784
2024-07-18,Kolar,Karnataka,Tomato,2450.22,10084.8,0.0,33.9,24.05,73.7,-0.428,0.7302353892983018,False,-0.08088901128651316,2.1932357200321797,0.0,1.1895113121601977,-0.04233006006292305
2024-07-19,Kolar,Karnataka,Tomato,2315.45,22625.9,0.0,35.33,24.56,67.4,-0.49,0.7219151186174553,False,-0.1437956851725651,5.421837489943685,0.0,1.1661852380158535,-0.08961769472781007
2024-07-20,Kolar,Karnataka,Tomato,2024.15,13231.5,0.0,37.1,23.36,70.4,-0.663,0.7131520187089474,False,-0.27976596122069836,3.003327433628318,0.0,1.141617681737822,-0.22156544951854323
2024-07-21,Kolar,Karnataka,Tomato,2024.15,0.0,0.0,35.36,23.51,74.6,-0.777,0.7040590537606887,True,-0.27976596122069836,-0.4030120675784392,0.0,1.116125341078368,-0.30851368099914195
2024-07-22,Kolar,Karnataka,Tomato,2545.03,14627.1,0.0,36.92,24.43,66.4,-0.815,0.6947491879605895,False,-0.03663449061324306,3.3626130329847146,0.0,1.0900249137897555,-0.3374964248260081
2024-07-23,Kolar,Karnataka,Tomato,2482.71,10366.7,3.82,35.36,23.21,79.5,-0.771,0.6853353854965606,False,-0.06572363446260693,2.2658085277554303,3.82,1.0636330976242498,-0.30393745828963675
2024-07-24,Kolar,Karnataka,Tomato,3119.91,16006.4,73.52,35.6,23.56,85.1,0.758,0.6759306105565123,False,0.2317025924439175,3.7177023330651653,73.52,1.0372665903341145,0.8622366288492707
2024-07-25,Kolar,Karnataka,Tomato,1224.53,25640.0,0.0,36.22,23.46,79.7,0.553,0.6666478273283553,False,-0.6530050691287259,6.197792437650844,0.0,1.011242089671615,0.7058823529411764
2024-07-26,Kolar,Karnataka,Tomato,1629.23,23420.3,0.0,37.96,22.83,75.0,0.367,0.6576,False,-0.46410300693621104,5.626349155269509,0.0,0.9858762933890153,0.5640194489465153
2024-07-27,Kolar,Karnataka,Tomato,2632.61,17890.6,6.33,34.16,25.24,71.5,0.329,0.6481940571718571,False,0.004245278615371808,4.202773934030571,6.33,0.9595065118971946,0.5350367051196492
2024-07-28,Kolar,Karnataka,Tomato,2632.61,0.0,0.0,33.81,25.23,68.0,0.154,0.637835862410947,True,0.004245278615371808,-0.4030120675784392,0.0,0.9304670697609246,0.4015635427590809
2024-07-29,Kolar,Karnataka,Tomato,2667.6,11385.2,73.74,36.39,23.04,89.6,1.592,0.6266367823550956,False,0.020577581941579007,2.5280128720836688,73.74,0.8990701859633099,1.4983315854704928
2024-07-30,Kolar,Karnataka,Tomato,1742.38,14711.0,0.0,37.91,23.44,69.3,1.136,0.6147081836421283,False,-0.4112879134420596,3.3842123893805307,0.0,0.8656280794874549,1.150538659548098
2024-07-31,Kolar,Karnataka,Tomato,1802.44,18915.2,9.2,38.08,22.89,72.5,1.143,0.6021614329098707,False,-0.38325367115077613,4.466548672566372,9.2,0.8304529693164633,1.1558775860425208
2024-08-01,Kolar,Karnataka,Tomato,2128.97,15709.9,11.16,35.79,25.89,79.6,0.978,0.5891078967961484,False,-0.23083906683221467,3.6413708769107003,11.16,0.7938570744334398,1.030031461531128
2024-08-02,Kolar,Karnataka,Tomato,1538.95,15053.7,11.68,35.7,23.9,83.3,0.908,0.5756589419387872,False,-0.5062430567873112,3.4724376508447303,11.68,0.756152613821489,0.9766421965869004
2024-08-03,Kolar,Karnataka,Tomato,1538.95,0.0,0.0,36.48,25.58,71.0,0.648,0.5619259349756124,False,-0.5062430567873112,-0.4030120675784392,0.0,0.7176518064637144,0.778339212508342
2024-08-04,Kolar,Karnataka,Tomato,1538.95,0.0,69.93,36.06,24.3,86.8,1.947,0.5480202425444497,True,-0.5062430567873112,-0.4030120675784392,69.93,0.6786668713432206,1.769091429116217
2024-08-05,Kolar,Karnataka,Tomato,3807.18,21670.1,4.28,36.4,25.5,68.6,1.496,0.5340532312831248,False,0.55250002333853,5.1757747385358,4.28,0.639510027443112,1.4251120221184097
2024-08-06,Kolar,Karnataka,Tomato,1527.23,17657.8,6.88,37.46,25.57,71.1,1.321,0.5201362678294631,False,-0.5117136082300991,4.142841512469831,6.88,0.6004934937464927,1.2916388597578414
2024-08-07,Kolar,Karnataka,Tomato,1286.9,22146.9,0.0,36.86,25.96,64.8,1.069,0.5063807188212902,False,-0.623892586749316,5.298522928399035,0.0,0.5619294892364667,1.0994375059586232
2024-08-08,Kolar,Karnataka,Tomato,1834.89,13797.5,12.34,35.71,23.77,67.8,1.119,0.492897950896432,False,-0.3681069651509068,3.149039420756235,12.34,0.5241302328961391,1.1375726952045
2024-08-09,Kolar,Karnataka,Tomato,1803.04,12467.8,0.0,35.53,24.7,80.5,0.806,0.47979933069271385,False,-0.3829736087902239,2.8067192276749795,0.0,0.4874079437086136,0.8988464105253122
2024-08-10,Kolar,Karnataka,Tomato,2831.44,15952.1,0.0,36.3,25.56,71.5,0.554,0.4671962248479612,False,0.09705327719638915,3.7037232502011266,0.0,0.452074840656994,0.706645056726094
2024-08-11,Kolar,Karnataka,Tomato,2831.44,0.0,20.42,35.45,24.77,72.0,0.746,0.4552,True,0.09705327719638915,-0.4030120675784392,20.42,0.41844314272438554,0.8530841834302603
2024-08-12,Kolar,Karnataka,Tomato,1440.76,14503.4,0.0,35.43,25.28,74.1,0.495,0.4432070750835567,False,-0.5520752620916923,3.330767497988737,0.0,0.3848206962272425,0.6616455334159594
2024-08-13,Kolar,Karnataka,Tomato,1182.33,20685.6,1.83,33.41,22.55,64.7,0.278,0.4306437182182869,False,-0.6727027884875698,4.922323411102171,1.83,0.3495990303725777,0.496138812088855
2024-08-14,Kolar,Karnataka,Tomato,1182.33,0.0,24.24,34.09,24.69,71.8,0.568,0.4176660698194087,False,-0.6727027884875698,-0.4030120675784392,24.24,0.3132158884793304,0.7173229097149393
2024-08-15,Kolar,Karnataka,Tomato,2461.65,14554.5,0.0,35.48,24.61,66.0,0.385,0.4044302703021406,False,-0.07555382331799203,3.3439227674979883,0.0,0.2761090138664411,0.577748117075031
2024-08-16,Kolar,Karnataka,Tomato,2940.12,14910.1,6.07,36.95,22.81,80.1,0.336,0.391092460081701,False,0.14778190610442593,3.435469026548673,6.07,0.23871614985284942,0.5403756316140719
2024-08-17,Kolar,Karnataka,Tomato,2129.79,23279.6,28.33,34.46,23.44,77.2,0.783,0.37780877957330833,False,-0.2304563149394598,5.590127111826226,28.33,0.20147503975749573,0.8813042234722089
2024-08-18,Kolar,Karnataka,Tomato,2129.79,0.0,0.0,35.53,23.19,57.8,0.563,0.3647353691921807,True,-0.2304563149394598,-0.4030120675784392,0.0,0.16482342689931917,0.7135093907903517
2024-08-19,Kolar,Karnataka,Tomato,2129.79,0.0,5.98,34.69,23.41,77.8,0.522,0.35202836935353676,False,-0.2304563149394598,-0.4030120675784392,5.98,0.12919905459726053,0.6822385356087329
2024-08-20,Kolar,Karnataka,Tomato,2600.49,9202.6,0.0,33.57,22.29,68.5,0.371,0.3398439204725949,False,-0.010747393086193902,1.9661206757843928,0.0,0.09503966617025965,0.5670702640861855
2024-08-21,Kolar,Karnataka,Tomato,1108.21,15283.6,0.0,37.37,24.84,60.8,0.089,0.3283381629645732,False,-0.7072998254277951,3.5316234915526956,0.0,0.06278300493725587,0.3519877967394413
2024-08-22,Kolar,Karnataka,Tomato,1479.24,15391.8,0.0,36.87,22.06,68.4,-0.108,0.31766723724469037,False,-0.5341139293682726,3.5594786806114236,0.0,0.03286681421718997,0.20173515111068738
2024-08-23,Kolar,Karnataka,Tomato,3625.72,17768.2,0.0,33.33,22.57,72.6,-0.247,0.30798728372816453,False,0.4677998300955012,4.171263073209976,0.0,0.005728837329001133,0.09571932500715034
2024-08-24,Kolar,Karnataka,Tomato,2756.21,10640.2,0.0,36.17,23.37,72.0,-0.357,0.2994544428302142,False,0.061938124889142056,2.3362188254223653,0.0,-0.01819318240837018,0.011821908666221766
2024-08-25,Kolar,Karnataka,Tomato,2756.21,0.0,29.36,34.46,23.07,87.8,0.129,0.29222485496605777,True,0.061938124889142056,-0.4030120675784392,29.36,-0.038461501675984146,0.3824959481361426
2024-08-26,Kolar,Karnataka,Tomato,2570.35,13881.4,45.75,37.32,23.08,79.5,0.993,0.28645466055091356,False,-0.024815858997936854,3.170638777152052,45.75,-0.054638377154900775,1.0414720183048907
2024-08-27,Kolar,Karnataka,Tomato,2108.04,9330.7,0.0,34.16,25.1,70.2,0.847,0.2823,False,-0.24060857550948006,1.9990989541432023,0.0,-0.06628606552618009,0.930117265706931
2024-08-28,Kolar,Karnataka,Tomato,3822.43,13404.0,79.42,33.83,24.49,90.3,2.295,0.27905487096449905,False,0.5596182750025672,3.0477361222847947,79.42,-0.07538386094578273,2.034512346267518
2024-08-29,Kolar,Karnataka,Tomato,2118.915,11924.0,20.25,35.26,21.84,68.4,2.313,0.27591843769148283,False,-0.23553244522446992,2.6667224456958967,20.25,-0.08417692524398909,2.048241014396034
2024-08-30,Kolar,Karnataka,Tomato,1723.19,34775.6,0.0,36.42,23.29,74.4,1.945,0.2729045904900046,False,-0.42024524127372354,8.549676588897828,0.0,-0.09262631661333975,1.7675660215463818
2024-08-31,Kolar,Karnataka,Tomato,1723.19,0.0,0.0,33.47,23.78,72.3,1.468,0.27002721966911764,False,-0.42024524127372354,-0.4030120675784392,0.0,-0.10069309324637513,1.4037563161407187
2024-09-01,Kolar,Karnataka,Tomato,1723.19,0.0,111.75,35.75,22.39,98.0,2.239,0.2673002155378753,True,-0.42024524127372354,-0.4030120675784392,111.75,-0.10833831333563547,1.9918009343121363
2024-09-02,Kolar,Karnataka,Tomato,1740.31,12100.5,0.0,32.78,23.17,72.1,3.01,0.26473746840533086,False,-0.4122541285859651,2.7121609010458565,0.0,-0.11552303507366138,2.5798455524835537
2024-09-03,Kolar,Karnataka,Tomato,1267.62,17295.4,0.0,36.59,24.91,66.6,2.7329999999999997,0.2623528685805377,False,-0.6328919239350629,4.049544650040225,0.0,-0.12220831665299295,2.3685766040613974
2024-09-04,Kolar,Karnataka,Tomato,3577.06,17321.8,23.05,32.76,22.32,71.9,2.456,0.260160306372549,False,0.44508677265471114,4.056341110217216,23.05,-0.1283552162661709,2.157307655639241
2024-09-05,Kolar,Karnataka,Tomato,1929.86,4339.5,4.9,36.46,22.28,71.7,2.088,0.2581736720904182,False,-0.3237777611814897,0.7141560740144811,4.9,-0.13392479210573538,1.876632662789589
2024-09-06,Kolar,Karnataka,Tomato,2359.48,14819.5,0.0,34.5,24.21,75.8,1.72,0.25640685604319846,False,-0.12324377561403665,3.412144810941271,0.0,-0.1388781023642271,1.5959576699399367
2024-09-07,Kolar,Karnataka,Tomato,1500.24,11756.8,0.0,34.25,21.38,78.0,1.323,0.2548737485399433,False,-0.5243117467489427,2.623678197908286,0.0,-0.1431762052341858,1.2931642673276764
2024-09-08,Kolar,Karnataka,Tomato,1500.24,0.0,0.0,36.55,23.89,74.0,1.144,0.25358823988970586,True,-0.5243117467489427,-0.4030120675784392,0.0,-0.14678015890815263,1.1566402898274382
2024-09-09,Kolar,Karnataka,Tomato,1286.74,15320.8,8.11,36.57,23.01,72.6,1.012,0.25256422040153953,False,-0.6239672700454634,3.5412003218020915,8.11,-0.14965102157866744,1.0559633902183239
2024-09-10,Kolar,Karnataka,Tomato,1555.21,24289.7,15.81,34.98,24.15,76.1,1.021,0.25181558038449753,False,-0.4986533668163443,5.85016894609815,15.81,-0.15174985143827102,1.0628277242825817
2024-09-11,Kolar,Karnataka,Tomato,1949.12,13212.9,8.11,32.57,22.38,72.5,0.926,0.25135621014763326,False,-0.31478775940776144,2.9985390185036205,8.11,-0.15303770667950348,0.990370864715416
2024-09-12,Kolar,Karnataka,Tomato,4158.27,15698.8,12.36,34.21,23.12,68.6,0.988,0.2512,False,0.7163785136156987,3.6385132743362827,12.36,-0.15347564549490536,1.037658499380303
2024-09-13,Kolar,Karnataka,Tomato,2900.69,19721.1,0.0,34.25,23.13,70.1,0.732,0.25222450828912324,False,0.1293771413101318,4.674020917135961,0.0,-0.15060341245943482,0.8424063304414148
2024-09-14,Kolar,Karnataka,Tomato,4924.92,7699.6,20.24,34.12,21.41,69.4,0.96,0.25517910177939335,False,1.074228194811378,1.5791858407079646,20.24,-0.1423201402602393,1.016302793402612
2024-09-15,Kolar,Karnataka,Tomato,4924.92,0.0,0.0,34.31,24.21,69.4,0.657,0.25988538340516115,True,1.074228194811378,-0.4030120675784392,0.0,-0.12912596925814204,0.7852035465725998
2024-09-16,Kolar,Karnataka,Tomato,2812.46,12476.0,0.0,31.76,21.39,78.2,0.524,0.26616495610077734,False,0.08819397119091858,2.808830249396621,0.0,-0.11152103981396677,0.683763943178568
2024-09-17,Kolar,Karnataka,Tomato,3345.85,8916.3,47.8,34.82,22.12,88.5,1.363,0.27383942280059254,False,0.33716474201588886,1.8924151246983103,47.8,-0.09000549228853733,1.3236724187243778
2024-09-18,Kolar,Karnataka,Tomato,3757.2,5894.2,0.0,34.76,20.6,65.4,1.12,0.28273038643895754,False,0.5291708287045248,1.1144006436041833,0.0,-0.06507946704267709,1.1383353989894176
2024-09-19,Kolar,Karnataka,Tomato,3228.7,9094.6,18.09,32.0,21.92,75.1,1.25,0.29265944995022297,False,0.28248256611805556,1.938316975060338,18.09,-0.0372431044372099,1.2374868910286967
2024-09-20,Kolar,Karnataka,Tomato,3219.07,11817.1,0.0,33.98,23.72,65.8,1.1265,0.3034482162687396,False,0.2779875652311916,2.6392019308125505,0.0,-0.006996544832959322,1.1432929735913815
2024-09-21,Kolar,Karnataka,Tomato,4340.96,8519.7,14.42,33.91,23.67,74.0,1.003,0.31491828832885804,False,0.8016528346978594,1.790313757039421,14.42,0.02516007140925096,1.049099056154066
2024-09-22,Kolar,Karnataka,Tomato,4340.96,0.0,0.0,34.35,20.69,75.2,0.7854999999999999,0.3268912690649292,True,0.8016528346978594,-0.4030120675784392,0.0,0.05872660392859771,0.8832109829345027
2024-09-23,Kolar,Karnataka,Tomato,1841.98,7963.2,0.0,31.6,20.77,73.3,0.568,0.3391887614113036,False,-0.3647975615903807,1.6470474658085277,0.0,0.09320291236425676,0.7173229097149393
2024-09-24,Kolar,Karnataka,Tomato,3777.11,8374.4,28.11,33.96,22.43,90.9,1.043,0.351632368302332,False,0.5384642313688516,1.7529074818986323,28.11,0.12808885635540473,1.0796072075507674
2024-09-25,Kolar,Karnataka,Tomato,2090.08,4201.3,10.5,32.34,21.41,79.1,0.936,0.3640436926723652,False,-0.24899177550201174,0.678577634754626,10.5,0.1628842955412181,0.9979979025645914
2024-09-26,Kolar,Karnataka,Tomato,2536.37,7685.1,6.01,33.28,21.79,72.8,0.826,0.3762443374557537,False,-0.04067672401721449,1.575452936444087,6.01,0.19708908956087284,0.9141004862236627
2024-09-27,Kolar,Karnataka,Tomato,4081.96,4938.6,14.85,34.41,20.04,77.8,0.878,0.38805590558684844,False,0.6807592490594573,0.8683893805309736,14.85,0.23020309805354588,0.9537610830393745
2024-09-28,Kolar,Karnataka,Tomato,2812.46,9741.9,31.32,34.03,20.03,78.4,1.256,0.3993,False,0.08819397119091858,2.1049589702333065,31.32,0.2617261806584132,1.2420631137382019
2024-09-29,Kolar,Karnataka,Tomato,2812.46,0.0,14.55,31.32,19.84,68.7,1.29,0.41060815095947667,True,0.08819397119091858,-0.4030120675784392,14.55,0.2934288472944167,1.267995042425398
2024-09-30,Kolar,Karnataka,Tomato,2429.69,10549.7,0.0,33.37,20.18,76.5,1.061,0.4226614736505269,False,-0.09047181172341032,2.312920353982301,0.0,0.32722062037030664,1.093335875679283
2024-10-01,Kolar,Karnataka,Tomato,2429.69,0.0,0.0,35.0,19.96,75.0,0.82,0.43535594838897124,False,-0.09047181172341032,-0.4030120675784392,0.0,0.3628098782599707,0.9095242635141575
2024-10-02,Kolar,Karnataka,Tomato,2429.69,0.0,0.0,31.27,22.31,68.8,0.565,0.4485875554906303,False,-0.09047181172341032,-0.4030120675784392,0.0,0.3999049993372972,0.7150347983601868
2024-10-03,Kolar,Karnataka,Tomato,2731.86,7671.5,20.85,34.33,20.08,77.6,0.828,0.4622522752713248,False,0.05057226075672861,1.571951729686243,20.85,0.4382143619761745,0.9156258937934978
2024-10-04,Kolar,Karnataka,Tomato,2985.38,4996.4,0.0,33.58,20.44,76.2,0.57,0.47624608804687524,False,0.16890794350208657,0.8832695092518101,0.0,0.47744634455049045,0.7188483172847744
2024-10-05,Kolar,Karnataka,Tomato,5165.136400000001,7291.4,0.0,33.83,19.47,84.2,1.086,0.49046497413310236,False,1.186354148190331,1.4740981496379726,0.0,0.5173093254341333,1.1124034703022214
2024-10-06,Kolar,Karnataka,Tomato,5165.136400000001,0.0,13.07,31.54,20.77,66.6,1.172,0.5048049138458267,True,1.186354148190331,-0.4030120675784392,13.07,0.5575116830009912,1.1779959958051291
2024-10-07,Kolar,Karnataka,Tomato,2207.86,5200.1,38.17,31.49,22.4,82.7,1.582,0.5191618875008691,False,-0.1940155341255985,0.9357103781174579,38.17,0.5977617956249526,1.4907045476213177
2024-10-08,Kolar,Karnataka,Tomato,2349.37,7117.3,0.0,34.19,20.53,69.2,1.2495,0.5334318754140499,False,-0.12796282638934267,1.429277554304103,0.0,0.637768041679905,1.237105539136238
2024-10-09,Kolar,Karnataka,Tomato,2349.37,0.0,0.0,31.66,20.14,75.6,0.917,0.5475108579011898,False,-0.12796282638934267,-0.4030120675784392,0.0,0.6772387995397366,0.9835065306511583
2024-10-10,Kolar,Karnataka,Tomato,1970.53,3789.8,13.85,30.25,21.69,79.3,1.03,0.5612948152781098,False,-0.3047942008420541,0.5726403861625101,13.85,0.7158824475783367,1.0696920583468394
2024-10-11,Kolar,Karnataka,Tomato,1209.23,6289.1,0.0,32.59,21.01,76.6,0.732,0.57467972786063,False,-0.6601466593228091,1.2160643604183428,0.0,0.7534073641695923,0.8424063304414148
2024-10-12,Kolar,Karnataka,Tomato,3943.82,5582.4,0.0,30.37,20.22,64.4,0.437,0.5875615759645715,False,0.6162795582483034,1.034130329847144,0.0,0.7895219276873922,0.6174087138907426
2024-10-13,Kolar,Karnataka,Tomato,3943.82,0.0,0.0,33.32,20.93,66.1,0.285,0.5998363399057546,True,0.6162795582483034,-0.4030120675784392,0.0,0.8239345165056239,0.5014777385832777
2024-10-14,Kolar,Karnataka,Tomato,4411.76,6037.8,0.0,32.55,20.85,75.6,0.133,0.6114,False,0.8347001932430289,1.1513692679002414,0.0,0.8563535089981761,0.3855467632758128
2024-10-15,Kolar,Karnataka,Tomato,3601.67,5369.4,0.0,33.52,21.62,67.0,-0.078,0.6229555092269973,False,0.456573997143364,0.9792952534191471,0.0,0.8887496503430834,0.22461626465821333
2024-10-16,Kolar,Karnataka,Tomato,2720.59,6364.9,21.24,33.04,18.71,68.8,0.17,0.6351479941310353,False,0.04531175608435491,1.2355784392598552,21.24,0.9229315679494531,0.41376680331776144
2024-10-17,Kolar,Karnataka,Tomato,1575.98,5204.4,0.0,29.93,19.3,72.7,0.001,0.6477866953748338,False,-0.48895854143522616,0.9368173773129524,0.0,0.9583644635377809,0.2848698636666984
2024-10-18,Kolar,Karnataka,Tomato,3240.06,2436.1,46.34,31.06,21.85,81.2,0.773,0.6606808536211131,False,0.2877850801445122,0.22414159292035402,46.34,0.9945135388285644,0.8736771856230335
2024-10-19,Kolar,Karnataka,Tomato,2284.62,2608.8,0.0,32.76,19.09,78.9,0.482,0.6736397095325926,False,-0.1581862227989432,0.26860176991150453,0.0,1.0308439955422983,0.6517303842120317
2024-10-20,Kolar,Karnataka,Tomato,2284.62,0.0,15.06,31.07,19.11,76.0,0.61,0.6864725037719926,True,-0.1581862227989432,-0.4030120675784392,15.06,1.0668210353994807,0.7493564686814758
2024-10-21,Kolar,Karnataka,Tomato,1776.1,4602.1,10.87,33.49,21.58,74.1,0.573,0.698988477002033,False,-0.3955484087790214,0.7817602574416735,10.87,1.1019098601206072,0.7211364286395271
2024-10-22,Kolar,Karnataka,Tomato,3173.47,6279.3,0.0,32.35,20.25,68.2,0.39,0.7109968698854338,False,0.25670282582921794,1.2135414320193083,0.0,1.1355756714261742,0.5815616359996185
2024-10-23,Kolar,Karnataka,Tomato,2647.62,3904.3,0.0,29.03,19.34,78.0,0.288,0.7223069230849145,False,0.011251505335187977,0.6021174577634756,0.0,1.1672836710366779,0.5037658499380303
2024-10-24,Kolar,Karnataka,Tomato,2106.6,4226.4,0.0,32.85,19.8,71.8,0.107,0.7327278772631957,False,-0.24128072517480556,0.6850394207562349,0.0,1.1964990606726158,0.3657164648679569
2024-10-25,Kolar,Karnataka,Tomato,2682.84,3603.2,29.46,29.26,18.59,76.8,0.585,0.7420689730829967,False,0.027691165899607104,0.5246017699115044,29.46,1.2226870420544829,0.7302888740585375
2024-10-26,Kolar,Karnataka,Tomato,2241.64,9802.5,15.02,29.36,19.74,70.5,0.807,0.7501394512070376,False,-0.1782480232265051,2.1205599356395815,15.02,1.2453128169027758,0.8996091143102297
2024-10-27,Kolar,Karnataka,Tomato,2241.64,0.0,48.05,31.96,20.62,84.0,1.52,0.7567485522980386,True,-0.1782480232265051,-0.4030120675784392,48.05,1.263841586937992,1.4434169129564305
2024-10-28,Kolar,Karnataka,Tomato,2465.8,3291.4,0.0,32.47,17.66,65.1,1.266,0.7617055170187194,False,-0.07361672532417203,0.44433145615446507,0.0,1.2777385538806267,1.2496901515873773
2024-10-29,Kolar,Karnataka,Tomato,2494.6,2182.3,0.0,30.91,20.15,75.1,1.035,0.7648195860317999,False,-0.06017373201766258,0.1588028962188255,0.0,1.2864689194511771,1.073505577271427
2024-10-30,Kolar,Karnataka,Tomato,2670.92,7609.6,0.0,29.73,18.41,61.0,0.821,0.7659,False,0.02212726033663505,1.5560160901045859,0.0,1.2894978853701389,0.9102869672990752
2024-10-31,Kolar,Karnataka,Tomato,2670.92,0.0,0.0,29.93,20.35,69.3,0.656,0.7656551529878213,False,0.02212726033663505,-0.4030120675784392,0.0,1.2888114510245292,0.7844408427876822
2024-11-01,Kolar,Karnataka,Tomato,2305.12,4761.0,0.0,29.82,19.62,38.1,0.455,0.7649404878211992,False,-0.14861742548007353,0.8226677393403058,0.0,1.2868078704555241,0.6311373820192583
2024-11-02,Kolar,Karnataka,Tomato,3555.13,4858.6,0.0,29.67,19.15,36.7,0.228,0.7637858183050054,False,0.43485049337652526,0.8477940466613034,0.0,1.2835707273648607,0.45800362284297835
2024-11-03,Kolar,Karnataka,Tomato,3555.13,0.0,0.0,29.22,19.95,31.4,0.124,0.7622209582441113,True,0.43485049337652526,-0.4030120675784392,0.0,1.279183605454276,0.3786824292115549
2024-11-04,Kolar,Karnataka,Tomato,2221.88,4392.8,0.0,30.79,18.97,38.3,0.034,0.7602757214433887,False,-0.1874714103006935,0.7278777152051489,0.0,1.2737300884255072,0.310039088568977
2024-11-05,Kolar,Karnataka,Tomato,2327.2,2760.6,0.0,32.02,19.92,30.6,-0.046,0.7579799217077088,False,-0.13831113061174957,0.30768141592920356,0.0,1.2672937599802903,0.2490227857755744
2024-11-06,Kolar,Karnataka,Tomato,2383.62,2370.0,0.0,29.28,18.44,34.9,-0.177,0.7553633728419433,False,-0.11197593330781652,0.20712469831053906,0.0,1.2599582038203632,0.14910858995137763
2024-11-07,Kolar,Karnataka,Tomato,2713.59,4953.9,0.0,28.66,18.0,38.3,-0.335,0.7524558886509637,False,0.04204436187791161,0.8723282381335479,0.0,1.2518070036474622,0.028601391934407455
2024-11-08,Kolar,Karnataka,Tomato,1696.17,3067.0,34.92,31.52,20.03,47.8,0.315,0.7492872829396414,False,-0.43285738291059467,0.3865615446500403,34.92,1.2429237431633242,0.5243588521308037
2024-11-09,Kolar,Karnataka,Tomato,1400.74,3824.4,0.0,31.02,17.13,31.6,0.192,0.7458873695128481,False,-0.5707554215405296,0.5815478680611424,0.0,1.2333920060696861,0.4305462865859472
2024-11-10,Kolar,Karnataka,Tomato,1400.74,0.0,0.0,31.79,19.46,41.0,0.088,0.7422859621754551,True,-0.5707554215405296,-0.4030120675784392,0.0,1.2232953760682848,0.35122509295452375
2024-11-11,Kolar,Karnataka,Tomato,3444.74,3865.8,0.0,28.28,19.24,35.4,-0.086,0.7385128747323341,False,0.38332368674091427,0.5922059533386967,0.0,1.2127174368608575,0.21851463437887308
2024-11-12,Kolar,Karnataka,Tomato,3253.47,1766.9,0.0,28.11,17.65,38.7,-0.196,0.7345979209883566,False,0.29404447390285565,0.051861625100563226,0.0,1.201741772149141,0.1346172180379445
2024-11-13,Kolar,Karnataka,Tomato,2601.42,2446.5,0.0,29.83,18.25,42.6,-0.385,0.7305709147483941,False,-0.010313296427337727,0.22681898632341116,0.0,1.1904519656348718,-0.009533797311469167
2024-11-14,Kolar,Karnataka,Tomato,3285.35,2643.0,0.0,30.08,18.07,40.6,-0.422,0.7264616698173181,False,0.30892512066020034,0.27740627514078847,0.0,1.1789316010197872,-0.037753837353417856
2024-11-15,Kolar,Karnataka,Tomato,3221.22,2183.3,0.0,29.41,19.3,40.6,-0.554,0.7223,False,0.27899112202317045,0.1590603378921964,0.0,1.167264262005624,-0.1384307369625322
2024-11-16,Kolar,Karnataka,Tomato,3315.66,3349.5,50.03,29.88,16.86,51.0,0.475,0.7176630076506979,False,0.3230729375740998,0.459288817377313,50.03,1.1542643451164327,0.6463914577176089
2024-11-17,Kolar,Karnataka,Tomato,3315.66,0.0,0.0,27.92,17.45,39.0,0.214,0.712150797798865,True,0.3230729375740998,-0.4030120675784392,0.0,1.1388107354160861,0.44732576985413286
2024-11-18,Kolar,Karnataka,Tomato,1622.29,4501.3,0.0,29.2,19.07,36.1,0.108,0.7058276882621668,False,-0.4673423949065991,0.755810136765889,0.0,1.1210837494160553,0.3664791686528744
2024-11-19,Kolar,Karnataka,Tomato,2124.73,2466.8,0.0,29.94,18.17,29.0,-0.026,0.6987579968582682,False,-0.23281817418011735,0.23204505229284,0.0,1.1012637036278101,0.26427686147392504
2024-11-20,Kolar,Karnataka,Tomato,2448.06,3041.4,18.98,28.86,16.57,42.2,0.196,0.6910060414048347,False,-0.08189723578450131,0.37997103781174585,18.98,1.0795309145628218,0.4335971017256173
2024-11-21,Kolar,Karnataka,Tomato,2249.14,3174.1,0.0,29.9,17.35,36.3,0.072,0.6826361397195312,False,-0.17474724371960157,0.41413354786806117,0.0,1.05606569873256,0.33902183239584327
2024-11-22,Kolar,Karnataka,Tomato,1209.11,3339.5,0.0,28.81,18.9,37.9,-0.108,0.6737126096200232,False,-0.6602026717949196,0.45671440064360425,0.0,1.0310483726484965,0.20173515111068738
2024-11-23,Kolar,Karnataka,Tomato,4748.38,1955.7,0.0,28.21,17.91,34.4,-0.192,0.6642997689239757,False,0.991824512924878,0.10046661303298478,0.0,1.0046592528221008,0.13766803317761464
2024-11-24,Kolar,Karnataka,Tomato,4748.38,0.0,0.0,28.01,18.3,31.2,-0.323,0.654461935449054,True,0.991824512924878,-0.4030120675784392,0.0,0.9770786557648439,0.037753837353417856
2024-11-25,Kolar,Karnataka,Tomato,2638.44,3607.6,0.0,28.43,17.27,38.3,-0.52,0.6442634270129232,False,0.006966551218738124,0.5257345132743363,0.0,0.9484868979881962,-0.11249880827533608
2024-11-26,Kolar,Karnataka,Tomato,3966.8,3607.8,0.0,26.63,16.07,28.4,-0.652,0.6337685614332484,False,0.6270059466574558,0.5257860016090106,0.0,0.919064296003628,-0.2131757078844504
2024-11-27,Kolar,Karnataka,Tomato,1108.21,3904.7,0.0,29.47,17.43,42.3,-0.736,0.6230416565276953,False,-0.7072998254277951,0.6022204344328238,0.0,0.8889911663226107,-0.2772428258175231
2024-11-28,Kolar,Karnataka,Tomato,2036.99,3063.6,0.0,30.2,17.38,33.8,-0.71,0.6121470301139286,False,-0.27377262670487956,0.38568624296057924,0.0,0.8584478254566139,-0.25741252740966725
2024-11-29,Kolar,Karnataka,Tomato,2136.64,1759.6,0.0,27.93,15.67,36.2,-0.712,0.6011490000096137,False,-0.2272589363231546,0.049982300884955776,0.0,0.8276145899171088,-0.2589379349795023
2024-11-30,Kolar,Karnataka,Tomato,2179.16,2383.1,0.0,26.49,16.76,37.8,-0.674,0.5901118840324158,False,-0.20741185037201618,0.21049718423169753,0.0,0.7966717762155656,-0.2299551911526361
2024-12-01,Kolar,Karnataka,Tomato,2179.16,0.0,64.4,30.66,16.74,57.3,0.722,0.5791,True,-0.20741185037201618,-0.4030120675784392,64.4,0.7657997008634547,0.8347792925922395
2024-12-02,Kolar,Karnataka,Tomato,4294.81,2852.2,40.52,27.35,17.75,40.1,1.323,0.5671582528575833,False,0.7801113714653798,0.3312630732099759,40.52,0.7323207324570227,1.2931642673276764
2024-12-03,Kolar,Karnataka,Tomato,3201.97,2309.4,0.0,26.68,16.48,39.1,1.015,0.5534921152130499,False,0.2700057879554514,0.19152373290426394,0.0,0.6940073948035934,1.0582515015730765
2024-12-04,Kolar,Karnataka,Tomato,3568.87,2400.6,8.35,27.71,16.53,39.0,0.907,0.538406756378065,False,0.44126392143317245,0.21500241351568788,8.35,0.6517152372312517,0.975879492801983
2024-12-05,Kolar,Karnataka,Tomato,2525.48,3688.8,0.0,29.32,17.11,31.8,0.622,0.5222073456642944,False,-0.04575985586123837,0.5466387771520516,0.0,0.6062998090680837,0.7585089141004862
2024-12-06,Kolar,Karnataka,Tomato,1458.02,2050.9,0.0,27.26,14.97,31.3,0.305,0.5051990523834033,False,-0.544018801519805,0.12497506033789227,0.0,0.5586166596421742,0.5167318142816283
2024-12-07,Kolar,Karnataka,Tomato,1458.02,0.0,0.0,28.48,15.3,33.3,0.129,0.4876870458470574,False,-0.544018801519805,-0.4030120675784392,0.0,0.5095213382816092,0.3824959481361426
2024-12-08,Kolar,Karnataka,Tomato,1458.02,0.0,0.0,27.71,15.71,28.5,-0.098,0.4699764953669223,True,-0.544018801519805,-0.4030120675784392,0.0,0.4598693943144747,0.20936218895986267
2024-12-09,Kolar,Karnataka,Tomato,2847.49,1244.6,0.0,26.32,16.41,43.6,-0.227,0.45237257025466343,False,0.10454494534116258,-0.08260016090104583,0.0,0.41051637706885585,0.11097340070550099
2024-12-10,Kolar,Karnataka,Tomato,2514.5,2149.1,0.0,27.22,16.62,42.4,-0.219,0.4351804398219463,False,-0.050884997059345155,0.15025583266291234,0.0,0.3623178358728384,0.11707503098484125
2024-12-11,Kolar,Karnataka,Tomato,2294.25,983.9,0.0,28.95,17.54,37.3,-0.36,0.4187052733804365,False,-0.153691221912079,-0.14971520514883344,0.0,0.3161293200545079,0.009533797311469167
2024-12-12,Kolar,Karnataka,Tomato,2160.76,1905.5,0.0,28.39,17.07,33.9,-0.445,0.40325224024179945,False,-0.21600042942895267,0.08754304102976675,0.0,0.2728063789419498,-0.05529602440652112
2024-12-13,Kolar,Karnataka,Tomato,2362.885,3142.7,0.0,26.13,15.38,34.0,-0.479,0.38912650971770085,False,-0.12165442171790235,0.4060498793242156,0.0,0.2332045618632502,-0.0812279530937172
2024-12-14,Kolar,Karnataka,Tomato,1819.03,2714.5,0.0,26.28,16.46,38.8,-0.544,0.376633251119806,False,-0.3755099468815056,0.29581335478680615,0.0,0.198179418146494,-0.13080369911335687
2024-12-15,Kolar,Karnataka,Tomato,1819.03,0.0,0.0,28.39,14.91,43.8,-0.601,0.3660776337597806,True,-0.3755099468815056,-0.4030120675784392,0.0,0.1685864971197673,-0.17427781485365618
2024-12-16,Kolar,Karnataka,Tomato,2489.75,2338.7,63.86,29.12,17.44,51.3,0.661,0.35776482694929,False,-0.062437569432126826,0.19906677393403058,63.86,0.14528134811115537,0.78825436171227
2024-12-17,Kolar,Karnataka,Tomato,2431.52,1577.7,0.0,26.99,16.14,29.4,0.43,0.352,False,-0.08961762152372589,0.003153660498793301,0.0,0.12911952044874425,0.6120697873963199
2024-12-18,Kolar,Karnataka,Tomato,3892.31,2289.9,97.67,28.05,15.61,72.0,2.249,0.34766623170109484,False,0.5922362045948898,0.18650362027353184,97.67,0.11696969930201384,1.9994279721613117
2024-12-19,Kolar,Karnataka,Tomato,4339.87,6373.7,0.0,26.1,16.03,26.1,1.888,0.34344477338695345,False,0.801144054742856,1.237843925985519,0.0,0.10513474183367073,1.7240919058060824
2024-12-20,Kolar,Karnataka,Tomato,2273.34,4349.3,0.0,26.7,14.68,30.0,1.425,0.3393380531870327,False,-0.16345139517732601,0.7166790024135158,0.0,0.09362145536163954,1.370960053389265
2024-12-21,Kolar,Karnataka,Tomato,3374.23,2316.3,0.0,25.35,14.29,33.8,1.17,0.33534849923078935,False,0.3504116916700119,0.19330008045052302,0.0,0.0824366472038446,1.176470588235294
2024-12-22,Kolar,Karnataka,Tomato,3374.23,0.0,0.0,28.68,17.32,27.2,0.811,0.3314785396476804,True,0.3504116916700119,-0.4030120675784392,0.0,0.07158712467821082,0.9026599294498998
2024-12-23,Kolar,Karnataka,Tomato,2498.43,1606.9,0.0,26.99,17.23,40.6,0.63,0.3277306025671627,False,-0.058386000616137204,0.010670957361222918,0.0,0.06107969510266253,0.7646105443798263
2024-12-24,Kolar,Karnataka,Tomato,2498.43,0.0,0.0,28.82,17.19,39.3,0.395,0.32410711611869314,False,-0.058386000616137204,-0.4030120675784392,0.0,0.05092116579512465,0.5853751549242063
2024-12-25,Kolar,Karnataka,Tomato,1918.87,2560.1,0.0,28.31,15.23,32.1,0.14,0.3206105084317286,False,-0.3289075700856057,0.25606436041834274,0.0,0.04111834407352166,0.3908856897702354
2024-12-26,Kolar,Karnataka,Tomato,2218.94,1873.5,0.0,28.82,16.28,41.4,0.017,0.31724320763572594,False,-0.1888437158673997,0.07930490748189868,0.0,0.03167803725577804,0.29707312422537896
2024-12-27,Kolar,Karnataka,Tomato,1999.44,3084.3,0.0,26.34,14.99,42.2,-0.071,0.314007641860142,False,-0.29129986276944325,0.3910152855993565,0.0,0.022607052659818383,0.22995519115263607
2024-12-28,Kolar,Karnataka,Tomato,3512.02,3887.3,0.0,25.86,16.11,34.4,-0.226,0.3109062392344338,False,0.41472801277084365,0.5977409493161706,0.0,0.013912197603567485,0.11173610449041851
2024-12-29,Kolar,Karnataka,Tomato,3512.02,0.0,0.0,29.37,15.3,32.7,-0.297,0.30794142788805806,True,0.41472801277084365,-0.4030120675784392,0.0,0.005600279404949816,0.05758413576127372
2024-12-30,Kolar,Karnataka,Tomato,1523.24,2319.1,0.0,28.2,14.78,46.3,-0.529,0.30511563595047175,False,-0.5135760229277718,0.1940209171359614,0.0,-0.002321894618110005,-0.11936314233959387
2024-12-31,Kolar,Karnataka,Tomato,1895.0,1241.1,0.0,28.7,15.53,38.6,-0.679,0.30243129155113174,False,-0.3400493843295773,-0.08350120675784391,0.0,-0.009847517147687354,-0.23376871007722377
2025-01-01,Kolar,Karnataka,Tomato,1895.0,0.0,0.0,25.0,15.55,36.3,-0.663,0.2998908228194948,False,-0.3400493843295773,-0.4030120675784392,0.0,-0.016969780865857917,-0.22156544951854323
2025-01-02,Kolar,Karnataka,Tomato,2067.78,1495.7,0.0,26.51,17.11,41.8,-0.735,0.297496657885018,False,-0.25940075990253814,-0.017956556717618605,0.0,-0.023681878454696607,-0.2764801220326056
2025-01-03,Kolar,Karnataka,Tomato,2531.55,1926.1,20.83,28.23,15.95,42.8,-0.45,0.29525122487715816,False,-0.042926558313651025,0.09284633950120678,20.83,-0.029977002596278956,-0.05910954333110879
2025-01-04,Kolar,Karnataka,Tomato,2370.1,3116.3,0.0,25.22,15.46,32.5,-0.574,0.29315695192537206,False,-0.1182866718322613,0.39925341914722456,0.0,-0.03584834597268065,-0.1536848126608828
2025-01-05,Kolar,Karnataka,Tomato,2370.1,0.0,0.0,27.4,15.73,35.4,-0.696,0.29121626715911664,True,-0.1182866718322613,-0.4030120675784392,0.0,-0.0412891012659769,-0.24673467442082175
2025-01-06,Kolar,Karnataka,Tomato,3106.2,1888.4,0.0,26.76,14.18,40.2,-0.761,0.2894315987078488,False,0.2253031675052978,0.08314078841512478,0.0,-0.046292461158243106,-0.2963104204404614
2025-01-07,Kolar,Karnataka,Tomato,3054.58,1925.3,0.0,24.89,14.14,25.0,-0.829,0.2878053747010254,False,0.2012084690857831,0.0926403861625101,0.0,-0.050851618331554625,-0.3481742778148536
2025-01-08,Kolar,Karnataka,Tomato,1337.44,1737.9,7.1,25.86,14.42,35.7,-0.708,0.28634002326810337,False,-0.6003020005787955,0.04439581657280779,7.1,-0.05495976546798684,-0.25588711983983214
2025-01-09,Kolar,Karnataka,Tomato,2174.43,1458.6,21.72,26.06,15.97,48.4,-0.307,0.28503797253853946,False,-0.20961967531437,-0.027507642799678173,21.72,-0.05861009524961544,0.04995709791209839
2025-01-10,Kolar,Karnataka,Tomato,2076.17,1775.2,0.0,25.27,14.76,32.4,-0.332,0.28390165064179074,False,-0.2554845545608154,0.05399839098954149,0.0,-0.061795800358515326,0.030889503289160056
2025-01-11,Kolar,Karnataka,Tomato,1853.12,1259.7,0.0,27.6,15.87,42.7,-0.407,0.28293348570731386,False,-0.3595977370961267,-0.07871279163314555,0.0,-0.06451007347676252,-0.026313280579654857
2025-01-12,Kolar,Karnataka,Tomato,1853.12,0.0,8.76,25.83,16.43,44.7,-0.286,0.2821359058645659,True,-0.3595977370961267,-0.4030120675784392,8.76,-0.06674610728643189,0.06597387739536659
2025-01-13,Kolar,Karnataka,Tomato,1257.02,2540.9,0.0,25.98,16.03,34.7,-0.325,0.2815113392430036,False,-0.6378396923048197,0.25112148028962195,0.0,-0.06849709446959917,0.03622842978358279
2025-01-14,Kolar,Karnataka,Tomato,1538.99,2691.6,0.0,28.77,16.98,32.2,-0.447,0.281062213972084,False,-0.5062243859632743,0.28991794046661307,0.0,-0.0697562277083394,-0.05682143197635619
2025-01-15,Kolar,Karnataka,Tomato,3484.15,1583.2,0.0,26.82,16.06,33.6,-0.603,0.2807909581812638,False,0.40171911612319017,0.004569589702333124,0.0,-0.07051669968472828,-0.17580322242349125
2025-01-16,Kolar,Karnataka,Tomato,2367.61,1454.7,0.0,26.48,15.6,48.3,-0.601,0.2807,False,-0.11944893062855316,-0.02851166532582456,0.0,-0.07077170308084116,-0.17427781485365618
2025-01-17,Kolar,Karnataka,Tomato,2062.41,2251.2,0.0,27.96,13.86,44.4,-0.66,0.28145409667216387,False,-0.26190731802948125,0.17654062751407884,0.0,-0.06865757536052668,-0.21927733816379064
2025-01-18,Kolar,Karnataka,Tomato,2495.2,2258.8,0.0,28.8,16.11,35.6,-0.712,0.2836358150760786,False,-0.05989366965711034,0.1784971842316976,0.0,-0.06254107660659217,-0.2589379349795023
2025-01-19,Kolar,Karnataka,Tomato,2495.2,0.0,0.0,24.81,14.04,32.0,-0.801,0.2871242977928785,True,-0.05989366965711034,-0.4030120675784392,0.0,-0.05276103342955223,-0.32681857183716273
2025-01-20,Kolar,Karnataka,Tomato,2504.92,1994.6,0.0,26.72,16.4,35.6,-0.878,0.29179868740369796,False,-0.05535665941616324,0.11048109412711185,0.0,-0.039656272439921335,-0.3855467632758128
2025-01-21,Kolar,Karnataka,Tomato,3071.33,4015.9,0.0,27.45,16.53,36.2,-0.864,0.2975381264896716,False,0.209026876651201,0.6308479485116654,0.0,-0.023565620248213136,-0.3748689102869673
2025-01-22,Kolar,Karnataka,Tomato,1813.35,2560.9,0.0,26.14,15.39,28.8,-0.843,0.3042217576319337,False,-0.37816120389473384,0.2562703137570395,0.0,-0.004827903464942237,-0.35885213080369904
2025-01-23,Kolar,Karnataka,Tomato,1977.66,4396.2,0.0,28.18,14.85,35.4,-0.837,0.31172872341161884,False,-0.3014661264574911,0.7287530168946098,0.0,0.016218051299377378,-0.35427590809419385
2025-01-24,Kolar,Karnataka,Tomato,2862.28,3438.1,0.0,29.08,17.06,41.6,-0.83,0.31993816640986134,False,0.11144848252877655,0.48209814963797265,0.0,0.03923341743423126,-0.34893698159977116
2025-01-25,Kolar,Karnataka,Tomato,2245.6850000000004,4001.8,19.36,28.96,16.44,31.8,-0.428,0.3287292292077956,False,-0.17635993614578155,0.6272180209171361,19.36,0.06387936832910512,-0.04233006006292305
2025-01-26,Kolar,Karnataka,Tomato,2245.6850000000004,0.0,0.0,25.92,15.63,39.1,-0.508,0.33798105438655623,True,-0.17635993614578155,-0.4030120675784392,0.0,0.08981707737348499,-0.10334636285632567
2025-01-27,Kolar,Karnataka,Tomato,3123.38,2712.4,0.0,25.75,16.07,41.9,-0.596,0.3475727845272776,False,0.23332228642911165,0.29527272727272735,0.0,0.11670771795685655,-0.1704642959290685
2025-01-28,Kolar,Karnataka,Tomato,2651.41,1894.9,0.0,29.05,14.75,32.2,-0.595,0.357383562211094,False,0.013020565912676547,0.08481415929203547,0.0,0.1442124634687054,-0.16970159214415098
2025-01-29,Kolar,Karnataka,Tomato,4263.33,1231.5,0.0,26.82,15.46,43.5,-0.683,0.36729253001914,False,0.7654174329484031,-0.0859726468222043,0.0,0.17199248729851718,-0.23681952521689392
2025-01-30,Kolar,Karnataka,Tomato,3386.24,3721.9,0.0,25.7,16.71,31.5,-0.719,0.3771788305325501,False,0.35601760658706666,0.5551600965406276,0.0,0.19970896283577824,-0.26427686147392504
2025-01-31,Kolar,Karnataka,Tomato,1108.21,1989.8,0.0,27.96,14.15,37.2,-0.817,0.38692160633245853,False,-0.7072998254277951,0.10924537409493165,0.0,0.22702306346997372,-0.3390218323958432
2025-02-01,Kolar,Karnataka,Tomato,1677.74,1524.7,0.0,26.08,16.27,33.5,-0.895,0.3964,False,-0.44145996508555896,-0.010490748189863175,0.0,0.2535959625905899,-0.39851272761941076
2025-02-02,Kolar,Karnataka,Tomato,1677.74,0.0,0.0,26.01,14.75,33.5,-0.939,0.4063515524067953,True,-0.44145996508555896,-0.4030120675784392,0.0,0.281495373342527,-0.4320716941557822
2025-02-03,Kolar,Karnataka,Tomato,1270.09,1670.1,0.0,28.79,14.6,31.9,-1.011,0.41748460792733155,False,-0.6317390005507892,0.02694127111826229,0.0,0.31270715580567976,-0.48698636666984446
2025-02-04,Kolar,Karnataka,Tomato,1780.94,1731.6,27.39,25.58,13.98,46.7,-0.404,0.4296345143970412,False,-0.3932892390705663,0.04277393403057122,27.39,0.3467697037720232,-0.024025169224902297
2025-02-05,Kolar,Karnataka,Tomato,1920.13,2043.3,0.0,25.16,15.62,39.2,-0.571,0.4426366196513573,False,-0.3283194391284458,0.12301850362027357,0.0,0.38322141103353374,-0.1513967013061302
2025-02-06,Kolar,Karnataka,Tomato,2272.94,4048.1,0.0,26.1,15.24,34.7,-0.635,0.45632627152571253,False,-0.16363810341769425,0.6391375703942076,0.0,0.4216006713821866,-0.2002097435408523
2025-02-07,Kolar,Karnataka,Tomato,2246.3,1750.0,0.0,27.65,16.24,28.2,-0.69,0.4705388178555399,False,-0.17607287222621554,0.04751086082059538,0.0,0.46144587860995817,-0.24215845171131656
2025-02-08,Kolar,Karnataka,Tomato,2245.07,3950.9,0.0,25.49,15.06,37.0,-0.848,0.48510960647627216,False,-0.17664700006534773,0.6141142397425584,0.0,0.502295426508824,-0.36266564972828674
2025-02-09,Kolar,Karnataka,Tomato,2245.07,0.0,14.88,27.09,15.84,41.6,-0.596,0.49987398522334214,True,-0.17664700006534773,-0.4030120675784392,14.88,0.5436877088707598,-0.1704642959290685
2025-02-10,Kolar,Karnataka,Tomato,2265.95,2541.5,0.0,27.81,15.96,33.9,-0.648,0.5146673019321827,False,-0.16690082991812846,0.25127594529364444,0.0,0.5851611194877415,-0.21012489274478025
2025-02-11,Kolar,Karnataka,Tomato,2165.63,2876.0,0.0,28.84,14.52,44.3,-0.685,0.5293249044382266,False,-0.21372725660247002,0.33739018503620277,0.0,0.6262540521517447,-0.23834493278672897
2025-02-12,Kolar,Karnataka,Tomato,1501.21,2225.2,0.0,26.08,17.37,27.2,-0.753,0.5436821405769067,False,-0.5238589792660499,0.16984714400643605,0.0,0.6665049006547454,-0.29020879016112117
2025-02-13,Kolar,Karnataka,Tomato,1998.02,3475.6,0.0,28.76,14.49,23.9,-0.763,0.557574358183656,False,-0.29196267702275036,0.49175221238938055,0.0,0.7054520587887197,-0.2978358280102965
2025-02-14,Kolar,Karnataka,Tomato,1942.46,2703.9,54.62,26.17,14.63,47.7,0.337,0.5708369050939069,False,-0.3178964516098917,0.29308447304907487,54.62,0.7426339203456425,0.5411383353989894
2025-02-15,Kolar,Karnataka,Tomato,1658.87,1239.0,0.0,28.19,15.87,38.6,0.159,0.5833051291430928,False,-0.45026792632492835,-0.08404183427192272,0.0,0.7775888791174906,0.40537706168366855
2025-02-16,Kolar,Karnataka,Tomato,1658.87,0.0,0.0,27.11,15.96,29.7,0.015,0.5948143781666462,True,-0.45026792632492835,-0.4030120675784392,0.0,0.809855328896239,0.2955477166555439
2025-02-17,Kolar,Karnataka,Tomato,1873.73,2923.5,0.0,25.73,16.45,30.1,-0.073,0.6052,False,-0.3499775950111557,0.34961866452131946,0.0,0.8389716634738641,0.228429783582801
2025-02-18,Kolar,Karnataka,Tomato,2053.58,2009.8,0.0,28.46,14.27,39.8,-0.241,0.6151886540674398,False,-0.26602890243560895,0.11439420756234919,0.0,0.8669750896022558,0.10029554771665554
2025-02-19,Kolar,Karnataka,Tomato,2766.92,2326.3,0.0,26.27,17.4,37.3,-0.378,0.6255254620308285,False,0.06693723802500032,0.1958744971842318,0.0,0.8959545733496909,-0.004194870817046433
2025-02-20,Kolar,Karnataka,Tomato,2215.61,1797.7,0.0,26.12,15.76,36.9,-0.509,0.6360734650819644,False,-0.19039806196846484,0.05979082864038622,0.0,0.9255261474827252,-0.10410906664124321
2025-02-21,Kolar,Karnataka,Tomato,2245.6850000000004,1377.0,0.0,26.98,15.48,38.9,-0.606,0.646695704412646,False,-0.17635993614578155,-0.048514883346741706,0.0,0.9553058447679151,-0.17809133377824385
2025-02-22,Kolar,Karnataka,Tomato,2438.28,1297.6,0.0,28.35,14.64,32.9,-0.591,0.6572552212146716,False,-0.0864622522615034,-0.06895575221238935,0.0,0.9849096979718157,-0.16665077700448086
2025-02-23,Kolar,Karnataka,Tomato,2438.28,0.0,0.0,26.5,15.22,33.1,-0.627,0.6676150566798396,True,-0.0864622522615034,-0.4030120675784392,0.0,1.0139537398609828,-0.19410811326151206
2025-02-24,Kolar,Karnataka,Tomato,1199.63,2828.4,9.7,26.32,15.74,42.0,-0.549,0.6776382519999484,False,-0.6646276570916456,0.32513596138374906,9.7,1.0420540032019727,-0.13461721803794455
2025-02-25,Kolar,Karnataka,Tomato,1809.17,937.3,0.0,25.58,17.63,28.3,-0.656,0.6871878483667966,False,-0.38011230500658133,-0.1617119871279163,0.0,1.068826520761341,-0.21622652302412051
2025-02-26,Kolar,Karnataka,Tomato,1660.2,1777.2,0.0,27.7,16.77,24.3,-0.695,0.6961268869721822,False,-0.449647121425704,0.054513274336283245,0.0,1.093887325305643,-0.24597197063590423
2025-02-27,Kolar,Karnataka,Tomato,1746.05,1719.3,32.28,27.56,17.64,42.5,-0.119,0.7043184090079038,False,-0.4095748653366816,0.039607401448109446,32.28,1.1168524496014347,0.1933454094765945
2025-02-28,Kolar,Karnataka,Tomato,2938.71,2039.6,0.0,26.73,15.09,39.7,-0.284,0.7116254556657599,False,0.14712375955712811,0.12206596942880131,0.0,1.1373379264152723,0.06749928496520165
2025-03-01,Kolar,Karnataka,Tomato,3719.63,1177.7,0.0,25.97,15.6,36.3,-0.313,0.7179110681375487,False,0.5116342572279429,-0.09982300884955746,0.0,1.154959788513711,0.045380875202593186
2025-03-02,Kolar,Karnataka,Tomato,3719.63,0.0,0.0,27.71,15.62,39.3,-0.449,0.7230382876150687,True,0.5116342572279429,-0.4030120675784392,0.0,1.1693340686633071,-0.058346839546191256
2025-03-03,Kolar,Karnataka,Tomato,2302.65,1450.0,0.0,29.37,16.04,24.9,-0.48,0.7268701552901183,False,-0.149770348864347,-0.029721641190667693,0.0,1.1800767996306163,-0.08199065687863474
2025-03-04,Kolar,Karnataka,Tomato,1974.85,3372.4,0.0,29.09,16.6,36.6,-0.49,0.7292697123544959,False,-0.3027777518460777,0.4651842316975061,0.0,1.186804014182194,-0.08961769472781007
2025-03-05,Kolar,Karnataka,Tomato,3832.08,1829.3,0.0,29.8,17.9,38.3,-0.612,0.7301,False,0.5641226113014498,0.06792598551890591,0.0,1.1891317450845966,-0.18266755648774904
2025-03-06,Kolar,Karnataka,Tomato,5165.136400000001,2204.5,0.0,26.03,17.33,28.2,-0.727,0.7300457575443742,False,1.186354148190331,0.16451810136765893,0.0,1.1889796750870891,-0.2703784917532653
2025-03-07,Kolar,Karnataka,Tomato,2642.15,2288.5,22.47,30.39,18.06,46.1,-0.319,0.7298848906656635,False,0.00869827014815309,0.1861432019308126,22.47,1.1885286810168105,0.04080465249308799
2025-03-08,Kolar,Karnataka,Tomato,3586.72,2496.3,0.0,27.63,16.06,34.4,-0.481,0.7296201900961187,False,0.4495957766596028,0.23963958165728086,0.0,1.187786586757129,-0.08275336066355228
2025-03-09,Kolar,Karnataka,Tomato,3586.72,0.0,0.0,30.61,18.09,50.4,-0.555,0.7292544465679895,True,0.4495957766596028,-0.4030120675784392,0.0,1.18676121619141,-0.13919344074744974
2025-03-10,Kolar,Karnataka,Tomato,3344.68,1985.4,0.0,27.34,16.25,24.1,-0.639,0.7287904508135268,False,0.3366186204128119,0.10811263073209983,0.0,1.1854603932030217,-0.20326055868052245
2025-03-11,Kolar,Karnataka,Tomato,1612.42,2608.2,0.0,28.39,16.34,41.8,-0.681,0.7282309935649804,False,-0.47194942073768414,0.2684473049074819,0.0,1.1838919416753297,-0.23529411764705885
2025-03-12,Kolar,Karnataka,Tomato,2084.97,2732.5,0.0,27.92,17.22,33.0,-0.659,0.727578865554601,False,-0.2513769732727154,0.30044730490748195,0.0,1.1820636854917022,-0.2185146343788731
2025-03-13,Kolar,Karnataka,Tomato,2916.83,1782.4,0.0,27.98,18.41,26.9,-0.673,0.7268368575146389,False,0.13691081880898814,0.055851971037811816,0.0,1.1799834485355054,-0.22919248736771858
2025-03-14,Kolar,Karnataka,Tomato,3978.59,2715.3,0.0,30.23,17.84,32.4,-0.703,0.7260077601773441,False,0.6325091720423082,0.2960193081255029,0.0,1.1776590546901062,-0.2520736009152445
2025-03-15,Kolar,Karnataka,Tomato,1839.04,3564.1,0.0,29.86,17.89,36.4,-0.868,0.7250943642749674,False,-0.36616986715708694,0.5145358004827032,0.0,1.175098327838872,-0.3779197254266374
2025-03-16,Kolar,Karnataka,Tomato,1839.04,0.0,0.0,31.03,16.62,40.2,-0.878,0.7240994605397588,True,-0.36616986715708694,-0.4030120675784392,0.0,1.1723090918651693,-0.3855467632758128
2025-03-17,Kolar,Karnataka,Tomato,2076.49,3284.2,0.0,29.39,18.73,43.6,-0.814,0.7230258397039687,False,-0.255335187968521,0.4424778761061947,0.0,1.1692991706523652,-0.3367337210410906
2025-03-18,Kolar,Karnataka,Tomato,3683.25,2529.0,0.0,28.78,16.29,42.1,-1.025,0.7218762924998475,False,0.49465314276645606,0.2480579243765085,0.0,1.1660763880838265,-0.4976642196586899
2025-03-19,Kolar,Karnataka,Tomato,1374.35,1724.9,0.0,27.17,16.6,30.2,-1.002,0.7206536096596454,False,-0.5830734976988209,0.04104907481898639,0.0,1.1626485680429202,-0.4801220326055867
2025-03-20,Kolar,Karnataka,Tomato,1604.06,1812.7,31.71,31.31,18.67,50.2,-0.359,0.7193605819156128,False,-0.47585162296137934,0.06365245374094937,31.71,1.159023534413013,0.010296501096386699
2025-03-21,Kolar,Karnataka,Tomato,2661.54,2707.1,0.0,29.37,16.87,37.0,-0.503,0.718,False,0.017748952100000975,0.29390828640386163,0.0,1.155209111077472,-0.099532843931738
2025-03-22,Kolar,Karnataka,Tomato,2400.0,3386.7,15.9,30.11,17.12,36.5,-0.2,0.7158461134143927,False,-0.10433023086473915,0.46886564762670957,15.9,1.1491706394794217,0.13156640289827437
2025-03-23,Kolar,Karnataka,Tomato,2400.0,0.0,7.84,28.86,16.91,36.3,-0.053,0.7122498237390421,True,-0.10433023086473915,-0.4030120675784392,7.84,1.139088356963676,0.24368385928115166
2025-03-24,Kolar,Karnataka,Tomato,1571.99,3478.0,6.16,29.56,18.93,33.3,-0.011,0.7073288998241962,False,-0.49082095613289883,0.4923700724054707,6.16,1.125292431266137,0.27571741824768803
2025-03-25,Kolar,Karnataka,Tomato,2215.78,1648.9,0.0,31.4,19.11,35.2,-0.17,0.7012011105201029,False,-0.19031871096630834,0.02148350764279975,0.0,1.1081130301227047,0.15444751644580035
2025-03-26,Kolar,Karnataka,Tomato,3947.53,1912.7,29.09,27.98,18.9,40.1,0.274,0.6939842246770105,False,0.6180112771777183,0.08939662107803707,29.09,1.0878803212692814,0.49308799694918487
2025-03-27,Kolar,Karnataka,Tomato,1592.69,5596.5,0.0,28.62,18.52,29.9,0.11,0.685796011145167,False,-0.48115880469384503,1.0377602574416733,0.0,1.064924472441768,0.3680045762227095
2025-03-28,Kolar,Karnataka,Tomato,4391.83,2357.5,0.0,28.06,17.09,37.4,0.007,0.6767542387748204,False,0.8253974551666837,0.2039066773934031,0.0,1.0395756513760657,0.2894460863762036
2025-03-29,Kolar,Karnataka,Tomato,1669.75,2605.4,0.0,31.01,17.36,38.1,-0.154,0.6669766764162189,False,-0.4451894621869135,0.2677264682220435,0.0,1.0121640258080757,0.16665077700448086
2025-03-30,Kolar,Karnataka,Tomato,1669.75,0.0,38.58,27.79,16.78,45.6,0.524,0.6565810929196106,True,-0.4451894621869135,-0.4030120675784392,38.58,0.9830197634737,0.683763943178568
2025-03-31,Kolar,Karnataka,Tomato,2172.91,4511.2,0.0,27.95,19.88,41.8,0.482,0.6456852571352436,False,-0.21032916662776913,0.7583588093322606,0.0,0.9524730321088393,0.6517303842120317
2025-04-01,Kolar,Karnataka,Tomato,1620.03,3137.3,0.0,29.0,20.12,33.7,0.346,0.6344069379133658,False,-0.4683972964646794,0.40465969428801296,0.0,0.9208539994493946,0.5480026694632472
2025-04-02,Kolar,Karnataka,Tomato,2071.74,2027.9,0.0,30.05,17.79,33.5,0.231,0.6228639041042255,False,-0.25755234832289325,0.1190539018503621,0.0,0.8884928332312683,0.46029173419773095
2025-04-03,Kolar,Karnataka,Tomato,3077.03,1897.5,0.0,29.63,19.33,38.3,-0.018,0.6111739245580707,False,0.21168746907644784,0.08548350764279973,0.0,0.8557197011903607,0.2703784917532653
2025-04-04,Kolar,Karnataka,Tomato,2494.14,3024.0,0.0,28.08,19.21,34.3,-0.194,0.5994547681251495,False,-0.060388446494086014,0.37549155269509255,0.0,0.8228647710625734,0.13614262560777957
2025-04-05,Kolar,Karnataka,Tomato,3823.63,2788.8,0.0,32.26,18.54,35.4,-0.306,0.5878242036557099,False,0.5601783997236719,0.31494127111826237,0.0,0.7902582105838073,0.05071980169701592
2025-04-06,Kolar,Karnataka,Tomato,3823.63,0.0,0.0,32.32,20.17,22.4,-0.464,0.5764,True,0.5601783997236719,-0.4030120675784392,0.0,0.7582301874899644,-0.06978739631995426
2025-04-07,Kolar,Karnataka,Tomato,1593.33,3404.2,0.0,29.36,18.35,35.1,-0.457,0.5641375529469075,False,-0.480860071509256,0.4733708769106999,0.0,0.7238521293565923,-0.06444846982553151
2025-04-08,Kolar,Karnataka,Tomato,1548.92,2594.3,0.0,31.47,19.54,25.9,-0.461,0.5501040190246217,False,-0.5015893538961341,0.2648688656476268,0.0,0.6845087876150825,-0.06749928496520165
2025-04-09,Kolar,Karnataka,Tomato,1519.92,2382.9,17.77,30.86,18.54,34.2,-0.199,0.5345848081923439,False,-0.5151257013228278,0.2104456958970234,17.77,0.641000315785102,0.1323291066831919
2025-04-10,Kolar,Karnataka,Tomato,1772.33,2761.8,0.0,29.4,17.91,28.3,-0.214,0.5178653304092754,False,-0.3973081339444916,0.30799034593724867,0.0,0.5941268673863183,0.12088854990942892
2025-04-11,Kolar,Karnataka,Tomato,3792.67,2441.8,0.0,29.59,20.31,29.8,-0.327,0.5002309956346171,False,0.545727181919174,0.22560901045856807,0.0,0.5446885959383975,0.03470302221374772
2025-04-12,Kolar,Karnataka,Tomato,3082.86,2869.0,0.0,30.69,17.72,32.3,-0.281,0.4819672138275706,False,0.21440874167981414,0.33558809332260664,0.0,0.4934856549610072,0.0697873963199542
2025-04-13,Kolar,Karnataka,Tomato,3082.86,0.0,0.0,30.45,19.2,32.6,-0.377,0.4633593949473367,True,0.21440874167981414,-0.4030120675784392,0.0,0.44131819797381405,-0.0034321670321288997
2025-04-14,Kolar,Karnataka,Tomato,2478.16,2258.3,0.0,29.95,17.91,38.3,-0.438,0.44469294895311673,False,-0.06784744069679516,0.17836846339501217,0.0,0.38898637849648504,-0.04995709791209839
2025-04-15,Kolar,Karnataka,Tomato,2478.16,0.0,0.0,32.35,20.49,36.1,-0.446,0.42625328580411187,False,-0.06784744069679516,-0.4030120675784392,0.0,0.3372903500486871,-0.05605872819143865
2025-04-16,Kolar,Karnataka,Tomato,5131.84,2801.8,0.0,30.96,19.17,25.5,-0.459,0.4083258154595233,False,1.170812367553842,0.31828801287208375,0.0,0.28703026615008725,-0.06597387739536659
2025-04-17,Kolar,Karnataka,Tomato,2740.88,2414.3,0.0,31.81,19.95,35.4,-0.514,0.39119594787855216,False,0.05478253157703126,0.21852936444086896,0.0,0.23900628032035234,-0.10792258556583087
2025-04-18,Kolar,Karnataka,Tomato,1108.21,2914.1,0.0,29.8,18.73,36.6,-0.599,0.37514909302039967,False,-0.7072998254277951,0.34719871279163317,0.0,0.19401854607914934,-0.17275240728382113
2025-04-19,Kolar,Karnataka,Tomato,2776.42,3648.6,0.0,31.42,19.4,33.4,-0.637,0.3604706608442671,False,0.0713715587337448,0.5362896218825423,0.0,0.15286721694614547,-0.20173515111068738
2025-04-20,Kolar,Karnataka,Tomato,2776.42,0.0,0.0,30.53,19.87,34.7,-0.745,0.3474460613093554,True,0.0713715587337448,-0.4030120675784392,0.0,0.11635244644100705,-0.28410715988178087
2025-04-21,Kolar,Karnataka,Tomato,2696.32,4024.3,0.0,31.54,18.48,36.0,-0.786,0.33636070437486604,False,0.033983233600015074,0.6330104585679808,0.0,0.08527438808340179,-0.31537801506339974
2025-04-22,Kolar,Karnataka,Tomato,3259.95,4841.0,0.0,32.77,20.43,38.8,-0.893,0.3275,False,0.29706914739682033,0.843263073209976,0.0,0.06043319539299618,-0.3969873200495757
2025-04-23,Kolar,Karnataka,Tomato,2830.32,5685.3,38.11,32.79,21.06,38.6,-0.219,0.3198616042013784,False,0.09653049412335826,1.0606210780370073,38.11,0.039018773485706926,0.11707503098484125
2025-04-24,Kolar,Karnataka,Tomato,1544.3,4054.7,0.0,31.0,19.78,33.8,-0.329,0.312291911541957,False,-0.5037458340723867,0.6408366854384554,0.0,0.017796962441742566,0.03317761464391265
2025-04-25,Kolar,Karnataka,Tomato,1761.12,2572.4,0.0,32.61,19.8,42.5,-0.357,0.30484943980043927,False,-0.4025406323808101,0.2592308930008046,0.0,-0.0030681817727924465,0.011821908666221766
2025-04-26,Kolar,Karnataka,Tomato,2180.66,3470.9,0.0,33.8,20.53,42.1,-0.401,0.29759270675552857,False,-0.20671169447063545,0.4905422365245375,0.0,-0.02341260319179349,-0.0217370578701497
2025-04-27,Kolar,Karnataka,Tomato,2180.66,0.0,0.0,32.46,20.44,39.3,-0.496,0.2905802301859285,True,-0.20671169447063545,-0.4030120675784392,0.0,-0.04307224584915549,-0.09419391743731527
2025-04-28,Kolar,Karnataka,Tomato,1837.46,7187.9,0.0,30.38,18.86,37.7,-0.477,0.28387052787034234,False,-0.36690736470654123,1.447452936444087,0.0,-0.06188305377877413,-0.07970254552388215
2025-04-29,Kolar,Karnataka,Tomato,2919.68,8121.2,0.0,32.85,19.73,43.3,-0.59,0.27752211758747347,False,0.13824111502161146,1.6877232502011263,0.0,-0.07968097101454495,-0.1658880732195633
2025-04-30,Kolar,Karnataka,Tomato,2752.19,5192.3,0.0,30.34,21.98,44.6,-0.766,0.2715935171160255,False,0.060061707073441765,0.933702333065165,0.0,-0.09630194159036287,-0.3001239393650491
2025-05-01,Kolar,Karnataka,Tomato,2752.19,0.0,0.0,33.87,21.7,34.4,-0.936,0.26614324423470165,False,0.060061707073441765,-0.4030120675784392,0.0,-0.11158190954012358,-0.4297835828010297
2025-05-02,Kolar,Karnataka,Tomato,2407.38,4709.1,0.0,32.35,19.11,30.2,-0.9670000000000001,0.2612298167222054,False,-0.10088546382994602,0.8093065164923573,0.0,-0.12535681889772246,-0.45342740013347316
2025-05-03,Kolar,Karnataka,Tomato,1253.81,5008.7,0.0,31.83,20.06,33.6,-0.998,0.25691175235724023,False,-0.6393380259337745,0.8864360418342719,0.0,-0.13746261369705476,-0.4770712174659166
2025-05-04,Kolar,Karnataka,Tomato,1253.81,0.0,0.0,30.43,19.47,50.5,-1.053,0.2532475689185095,True,-0.6393380259337745,-0.4030120675784392,0.0,-0.14773523797201585,-0.5190199256363809
2025-05-05,Kolar,Karnataka,Tomato,5165.136400000001,4484.5,0.0,31.96,21.69,27.2,-1.039,0.2502957841847167,False,1.186354148190331,0.7514851166532583,0.0,-0.1560106357565011,-0.5083420726475354
2025-05-06,Kolar,Karnataka,Tomato,3187.57,3455.9,0.0,34.39,20.23,32.6,-0.961,0.24811491593456528,False,0.26328429130219677,0.48668061142397434,0.0,-0.16212475108440563,-0.44885117742396796
2025-05-07,Kolar,Karnataka,Tomato,1799.77,5307.5,0.0,30.49,20.4,27.9,-1.046,0.24676348194675857,False,-0.38449994865523385,0.96335961383749,0.0,-0.16591352798962514,-0.5136809991419582
2025-05-08,Kolar,Karnataka,Tomato,1606.72,4816.8,0.0,32.61,21.94,35.6,-1.032,0.2463,False,-0.47461001316293083,0.8370329847144007,0.0,-0.16721291050605497,-0.5030031461531127
2025-05-09,Kolar,Karnataka,Tomato,1684.58,9942.3,0.0,34.74,21.12,29.0,-1.017,0.24678595070618325,False,-0.43826725417526297,2.15655028157683,0.0,-0.16585053629519889,-0.49156258937934966
2025-05-10,Kolar,Karnataka,Tomato,5165.136400000001,7090.7,10.9,32.4,20.93,37.7,-0.852,0.2481960909697509,False,1.186354148190331,1.4224296057924377,10.9,-0.16189717496794967,-0.3657164648679569
2025-05-11,Kolar,Karnataka,Tomato,5165.136400000001,0.0,0.0,32.62,21.51,25.2,-0.812,0.2504588530082295,True,1.186354148190331,-0.4030120675784392,0.0,-0.15555346848228643,-0.3352083134712556
2025-05-12,Kolar,Karnataka,Tomato,1870.94,4903.5,0.0,33.37,20.37,38.1,-0.869,0.2535026690391459,False,-0.35127988498772383,0.8593531777956557,0.0,-0.14702005879618757,-0.3786824292115549
2025-05-13,Kolar,Karnataka,Tomato,2261.74,9902.5,0.0,32.92,20.43,41.1,-0.925,0.25725597128002664,False,-0.16886593414800366,2.146304102976669,0.0,-0.13649758786763244,-0.42139384116693673
2025-05-14,Kolar,Karnataka,Tomato,2125.39,5576.5,0.0,31.67,20.43,33.1,-0.834,0.2616471919483986,False,-0.23251010558350993,1.0326114239742559,0.0,-0.12418669765459918,-0.35198779673944125
2025-05-15,Kolar,Karnataka,Tomato,4340.84,6475.5,0.0,31.07,20.67,34.3,-0.843,0.2666047632617883,False,0.801596822225749,1.2640514883346743,0.0,-0.11028803011506705,-0.35885213080369904
2025-05-16,Kolar,Karnataka,Tomato,1623.83,5987.2,0.0,33.8,21.85,34.2,-0.829,0.27205711743772243,False,-0.4666235681811816,1.138342719227675,0.0,-0.09500222720701484,-0.3481742778148536
2025-05-17,Kolar,Karnataka,Tomato,3731.47,5239.9,0.0,35.27,22.29,35.9,-0.792,0.2779326866937277,False,0.5171608211428411,0.9459565567176186,0.0,-0.07852993088842136,-0.31995423777290494
2025-05-18,Kolar,Karnataka,Tomato,3731.47,0.0,0.0,31.67,20.78,34.8,-0.872,0.284159903247331,True,0.5171608211428411,-0.4030120675784392,0.0,-0.061071783117265084,-0.3809705405663075
2025-05-19,Kolar,Karnataka,Tomato,3752.42,3179.9,0.0,32.21,22.05,38.8,-0.836,0.2906671993160587,False,0.5269396652321251,0.4156267095736123,0.0,-0.04282842585152525,-0.35351320430927635
2025-05-20,Kolar,Karnataka,Tomato,4318.16,3760.9,0.0,33.0,22.97,41.2,-0.902,0.29738300711743776,False,0.7910104649968726,0.5652003218020918,0.0,-0.024000501049180355,-0.40385165411383356
2025-05-21,Kolar,Karnataka,Tomato,2438.32,7474.6,0.0,35.04,22.12,30.9,-0.963,0.3042357588689947,False,-0.0864435814374666,1.5212614641995175,0.0,-0.004788650668209494,-0.450376584993803
2025-05-22,Kolar,Karnataka,Tomato,2089.56,11713.1,0.0,32.68,23.47,33.5,-1.009,0.31115388678825623,False,-0.24923449621449037,2.6124279967819795,0.0,0.014606483333408698,-0.48546095910000936
2025-05-23,Kolar,Karnataka,Tomato,2409.37,7817.2,0.0,35.5,21.61,39.5,-1.055,0.3180658230927491,False,-0.09995659033411439,1.6094609814963796,0.0,0.03398425899769543,-0.5205453332062159
2025-05-24,Kolar,Karnataka,Tomato,2260.74,5500.5,0.0,31.85,22.92,27.9,-1.021,0.3249,False,-0.16933270474892412,1.0130458567980691,0.0,0.05314403436667191,-0.4946134045190198
2025-05-25,Kolar,Karnataka,Tomato,2260.74,0.0,0.0,35.9,23.25,25.1,-1.022,0.33213550212294707,True,-0.16933270474892412,-0.4030120675784392,0.0,0.0734289343976228,-0.4953761083039374
2025-05-26,Kolar,Karnataka,Tomato,4205.78,9739.9,0.0,34.25,20.88,36.1,-1.066,0.34024408151700947,False,0.7385547848654299,2.1044440868865646,0.0,0.09616152705072123,-0.5289350748403089
2025-05-27,Kolar,Karnataka,Tomato,2552.94,6204.5,0.0,34.76,21.57,37.5,-1.039,0.3491431715634354,False,-0.0329423351599622,1.1942847948511666,0.0,0.12111033487232055,-0.5083420726475354
2025-05-28,Kolar,Karnataka,Tomato,1490.55,9688.2,0.0,33.51,21.6,31.4,-1.068,0.3587502056434731,False,-0.5288347538718621,2.091134352373291,0.0,0.14804388040877448,-0.5304604824101439
2025-05-29,Kolar,Karnataka,Tomato,1490.55,0.0,0.0,35.44,22.23,32.1,-1.097,0.3689826171383708,False,-0.5288347538718621,-0.4030120675784392,0.0,0.1767306862064365,-0.5525788921727524
2025-05-30,Kolar,Karnataka,Tomato,1490.55,0.0,0.0,32.73,21.54,66.2,-1.102,0.37975783942937685,False,-0.5288347538718621,-0.4030120675784392,0.0,0.2069392748116603,-0.5563924110973401
2025-05-31,Kolar,Karnataka,Tomato,3081.61,8351.9,0.0,32.26,21.88,65.7,-1.082,0.3909933058977393,False,0.21382527842866356,1.7471150442477876,0.0,0.23843816877079912,-0.5411383353989894
2025-06-01,Kolar,Karnataka,Tomato,3081.61,0.0,0.0,33.88,22.5,73.5,-1.069,0.4026064499247064,True,0.21382527842866356,-0.4030120675784392,0.0,0.2709958906302066,-0.5312231861950614
2025-06-02,Kolar,Karnataka,Tomato,1923.11,8258.5,0.0,36.0,21.29,64.1,-1.1,0.41451470489152653,False,-0.3269284627377029,1.7230699919549477,0.0,0.3043809629362366,-0.554867003527505
2025-06-03,Kolar,Karnataka,Tomato,4117.71,7039.6,42.27,35.61,24.04,81.4,-0.4700000000000001,0.42663550417944773,False,0.6974462980423641,1.4092743362831859,42.27,0.3383619082352422,-0.0743636190294595
2025-06-04,Kolar,Karnataka,Tomato,2805.87,6406.4,21.63,34.6,21.47,72.0,0.16,0.43888628116971834,False,0.08511795293085261,1.2462622687047464,21.63,0.37270724907357716,0.4061397654685861
2025-06-05,Kolar,Karnataka,Tomato,2788.13,3975.5,0.0,34.9,23.42,62.7,-0.035,0.4511844692435865,False,0.07683744247052354,0.6204473049074819,0.0,0.40718550799759495,0.25741252740966725
2025-06-06,Kolar,Karnataka,Tomato,3525.3,8772.8,23.29,32.97,23.03,81.3,0.24,0.4634475017823006,False,0.42092672635106765,1.8554722445695895,23.29,0.4415652075536493,0.46715606826198874
2025-06-07,Kolar,Karnataka,Tomato,3286.24,16227.6,53.11,36.22,24.51,83.3,1.25,0.4755928121671087,False,0.3093405464950195,3.7746484312148034,53.11,0.4756148702880935,1.2374868910286967
2025-06-08,Kolar,Karnataka,Tomato,3286.24,0.0,18.96,36.03,23.1,76.6,1.362,0.487537833779259,True,0.3093405464950195,-0.4030120675784392,18.96,0.509103018747281,1.3229097149394604
2025-06-09,Kolar,Karnataka,Tomato,2474.53,10736.0,28.5,35.5,22.9,71.0,1.674,0.4992,False,-0.06954181797813631,2.360881737731295,28.5,0.5417981754775659,1.5608732958337304
2025-06-10,Kolar,Karnataka,Tomato,2803.25,7815.2,9.75,34.69,21.6,69.2,1.599,0.5110465662308884,False,0.08389501395644103,1.608946098149638,9.75,0.5750103019644741,1.5036705119649156
2025-06-11,Kolar,Karnataka,Tomato,1714.96,14597.1,0.0,36.99,21.73,73.8,1.242,0.5235167603707753,False,-0.424086763319299,3.3548897827835886,0.0,0.6099707839318439,1.2313852607493565
2025-06-12,Kolar,Karnataka,Tomato,3501.94,10059.2,0.0,36.65,21.81,82.9,0.877,0.53648597454685,False,0.41002296511356534,2.1866452131938856,0.0,0.6463302802834962,0.9529983792544571
2025-06-13,Kolar,Karnataka,Tomato,2814.85,18535.0,21.13,35.64,24.02,66.5,1.083,0.5498296008863016,False,0.08930955292711845,4.368669348350764,21.13,0.6837394499232521,1.1101153589474686
2025-06-14,Kolar,Karnataka,Tomato,2823.83,7713.2,0.0,34.46,21.82,69.0,0.832,0.5634230315163193,False,0.09350115292338429,1.5826870474658086,0.0,0.721848951754932,0.918676708933168
2025-06-15,Kolar,Karnataka,Tomato,2823.83,0.0,22.24,35.62,23.74,78.7,1.048,0.5771416585640926,True,0.09350115292338429,-0.4030120675784392,22.24,0.760309444682358,1.083420726475355
2025-06-16,Kolar,Karnataka,Tomato,4377.53,8369.5,43.38,35.47,22.4,79.9,1.783,0.5908608741568103,False,0.818722635573521,1.751646017699115,43.38,0.7987715876093496,1.6440080083897415
2025-06-17,Kolar,Karnataka,Tomato,1778.3,6816.3,14.05,34.7,24.67,78.5,1.587,0.604456070421662,False,-0.3945215134569964,1.351787610619469,14.05,0.8368860394397293,1.4945180665459052
2025-06-18,Kolar,Karnataka,Tomato,2342.92,8387.0,0.0,34.35,23.7,65.7,1.321,0.6178026394858367,False,-0.13097349676527964,1.7561512469831055,0.0,0.8743034590773167,1.2916388597578414
2025-06-19,Kolar,Karnataka,Tomato,4650.92,12268.3,0.0,34.84,22.13,70.8,1.069,0.6307759734765237,False,0.9463330501591688,2.7553596138374896,0.0,0.9106745054259335,1.0994375059586232
2025-06-20,Kolar,Karnataka,Tomato,1767.78,9370.2,0.0,35.63,22.24,67.4,0.827,0.6432514645209121,False,-0.3994319401786797,2.0092679002413516,0.0,0.9456498373894003,0.9148631900085804
2025-06-21,Kolar,Karnataka,Tomato,1448.33,3166.5,0.0,35.02,23.2,76.1,0.401,0.6551045047461914,False,-0.5485418086427244,0.41217699115044254,0.0,0.978880113871539,0.5899513776337115
2025-06-22,Kolar,Karnataka,Tomato,1448.33,0.0,0.0,34.31,22.84,66.6,0.287,0.6662104862795506,True,-0.5485418086427244,-0.4030120675784392,0.0,1.0100159937761692,0.5030031461531127
2025-06-23,Kolar,Karnataka,Tomato,3019.2,6979.6,34.08,36.59,25.05,78.5,0.40149999999999997,0.6764448012481789,False,0.18469412522521678,1.3938278358809333,34.08,1.0387081360071126,0.5903327295261702
2025-06-24,Kolar,Karnataka,Tomato,1453.79,15691.8,0.0,35.59,23.18,74.7,0.516,0.6856828417792656,False,-0.5459932411616986,3.6367111826226868,0.0,1.0646071994681903,0.6776623128992277
2025-06-25,Kolar,Karnataka,Tomato,4008.37,13091.4,0.0,33.54,23.57,64.9,0.305,0.6938,False,0.6464096005377197,2.967259855189059,0.0,1.0873638430632229,0.5167318142816283
2025-06-26,Kolar,Karnataka,Tomato,2296.23,27546.2,0.0,34.93,25.45,70.3,0.153,0.7013821904269132,False,-0.1527670161222565,6.68852775543041,0.0,1.1086206918916939,0.40080083897416335
2025-06-27,Kolar,Karnataka,Tomato,4705.28,18861.0,35.24,37.28,25.41,71.5,0.776,0.7090459023215554,False,0.9717067000252055,4.45259533386967,35.24,1.1301060880683877,0.8759652969777862
2025-06-28,Kolar,Karnataka,Tomato,1876.21,11297.1,0.0,36.73,25.45,64.6,0.595,0.7167123899286443,False,-0.348820003920873,2.505332260659695,0.0,1.1515992660200765,0.7379159119077128
2025-06-29,Kolar,Karnataka,Tomato,1876.21,0.0,0.0,34.82,23.33,71.9,0.431,0.7243029074928977,True,-0.348820003920873,-0.4030120675784392,0.0,1.1728794601735326,0.6128324911812374
2025-06-30,Kolar,Karnataka,Tomato,1965.95,23382.0,21.08,37.61,25.4,71.4,0.7,0.7317387092590332,False,-0.30693201019426986,5.6164891391794045,21.08,1.193725904955528,0.8179998093240537
2025-07-01,Kolar,Karnataka,Tomato,1474.91,8342.0,0.0,33.76,24.28,67.3,0.501,0.7389410494717685,False,-0.5361350460702582,1.744566371681416,0.0,1.2139178347928352,0.6662217561254646
2025-07-02,Kolar,Karnataka,Tomato,3676.14,15121.6,23.25,37.77,24.7,79.4,0.732,0.7458311823758214,False,0.4913344037939114,3.489917940466613,23.25,1.2332344841122262,0.8424063304414148
2025-07-03,Kolar,Karnataka,Tomato,2522.86,13660.2,10.9,34.58,24.04,70.4,0.693,0.7523303622159091,False,-0.04698279483564995,3.1136926790024133,10.9,1.2514550873404724,0.8126608828296309
2025-07-04,Kolar,Karnataka,Tomato,2596.73,12818.8,17.5,33.54,23.52,79.4,0.892,0.7583598432367498,False,-0.012502450545654764,2.8970812550281573,17.5,1.268358878904347,0.96443893602822
2025-07-05,Kolar,Karnataka,Tomato,1819.96,16527.8,28.42,35.47,23.62,79.6,1.293,0.763840879683061,False,-0.3750758502226495,3.85193242156074,28.42,1.283725093230622,1.2702831537801504
2025-07-06,Kolar,Karnataka,Tomato,1819.96,0.0,0.0,35.15,24.23,72.2,1.04,0.7686947257995607,True,-0.3750758502226495,-0.4030120675784392,0.0,1.2973329647460698,1.0773190961960148
2025-07-07,Kolar,Karnataka,Tomato,1387.05,17474.2,0.0,35.98,24.43,76.2,0.748,0.7728426358309659,False,-0.5771455110671309,4.0955752212389385,0.0,1.3089617278774617,0.8546095910000954
2025-07-08,Kolar,Karnataka,Tomato,2380.12,15773.6,0.0,37.16,24.68,71.6,0.571,0.776205864021995,False,-0.11360963041103818,3.6577699115044253,0.0,1.3183906170515711,0.719611021069692
2025-07-09,Kolar,Karnataka,Tomato,2445.48,17540.8,0.0,37.39,23.08,77.7,0.298,0.7787056646173651,False,-0.0831015039348761,4.112720836685438,0.0,1.3253988666951688,0.5113928877872056
2025-07-10,Kolar,Karnataka,Tomato,1302.72,15788.1,0.0,35.42,24.95,74.6,0.184,0.7802632918617942,False,-0.6165082758427542,3.6615028157683027,0.0,1.3297657112350278,0.4244446563066069
2025-07-11,Kolar,Karnataka,Tomato,2931.53,12226.5,0.0,35.56,25.22,67.4,0.009,0.7808,False,0.1437723466425192,2.7445985518905873,0.0,1.3312703850979206,0.2909714939460387
2025-07-12,Kolar,Karnataka,Tomato,1931.005,15536.9,20.88,34.31,23.54,82.7,0.405,0.7800977949766356,False,-0.32324330884343566,3.5968334674175386,20.88,1.3293017368329985,0.5930021927733816
2025-07-13,Kolar,Karnataka,Tomato,1931.005,0.0,3.97,33.86,24.89,72.5,0.216,0.7780642679127726,True,-0.32324330884343566,-0.4030120675784392,3.97,1.3236006959791964,0.44885117742396796
2025-07-14,Kolar,Karnataka,Tomato,1896.06,11968.3,0.0,36.55,23.2,68.0,0.151,0.774809050817757,False,-0.33955460749260163,2.6781271118262264,0.0,1.3144746184479608,0.3992754314043283
2025-07-15,Kolar,Karnataka,Tomato,1785.29,14068.0,0.0,33.96,25.02,71.4,-0.027,0.7704417757009346,False,-0.39125878695656224,3.218677393403057,0.0,1.3022308601507386,0.2635141576890075
2025-07-16,Kolar,Karnataka,Tomato,1856.61,15264.0,0.0,36.98,23.72,75.6,-0.184,0.7650720745716512,False,-0.35796870769891426,3.526577634754626,0.0,1.2871767769989761,0.14376966345695488
2025-07-17,Kolar,Karnataka,Tomato,1503.15,16199.0,0.0,36.11,26.03,72.3,-0.289,0.7588095794392523,False,-0.522953444300264,3.767285599356396,0.0,1.2696197249041195,0.06368576604061399
2025-07-18,Kolar,Karnataka,Tomato,3468.0,22159.2,95.22,34.58,24.84,98.0,1.579,0.7517639223130842,False,0.39418077091832454,5.301689460981496,95.22,1.2498670597776163,1.4884164362665648
2025-07-19,Kolar,Karnataka,Tomato,1298.6,13565.6,0.0,36.12,24.99,75.4,1.247,0.7440447352024923,False,-0.6184313707185466,3.089338696701529,0.0,1.2282261375309116,1.235198779673944
2025-07-20,Kolar,Karnataka,Tomato,1298.6,0.0,0.0,34.52,23.34,72.6,0.917,0.7357616501168224,True,-0.6184313707185466,-0.4030120675784392,0.0,1.205004314075453,0.9835065306511583
2025-07-21,Kolar,Karnataka,Tomato,3417.72,16962.2,26.26,35.67,22.82,72.7,1.0314999999999999,0.7270242990654207,False,0.37071154510404314,3.963765084473049,26.26,1.1805089453226871,1.0708361140242157
2025-07-22,Kolar,Karnataka,Tomato,2011.35,13195.3,10.22,37.3,24.59,72.2,1.146,0.7179423140576324,False,-0.2857406249124805,2.9940080450522926,10.22,1.1550473871840596,1.1581656973972732
2025-07-23,Kolar,Karnataka,Tomato,1604.65,16801.5,0.0,35.78,23.31,70.4,0.819,0.7086253271028038,False,-0.4755762283068362,3.922394207562349,0.0,1.1289269955710177,0.9087615597292401
2025-07-24,Kolar,Karnataka,Tomato,1223.69,23311.9,13.47,34.37,23.75,77.5,0.823,0.6991829702102804,False,-0.653397156433499,5.598442477876106,13.47,1.1024551263950078,0.9118123748689102
2025-07-25,Kolar,Karnataka,Tomato,2223.04,17552.8,0.0,36.95,22.81,73.2,0.509,0.6897248753894081,False,-0.18692995640362584,4.115810136765889,0.0,1.0759391355674761,0.6723233864048049
2025-07-26,Kolar,Karnataka,Tomato,2154.1,17827.4,109.67,34.53,23.35,98.0,2.598,0.6803606746495328,False,-0.21910912163108315,4.186503620273532,109.67,1.0496863789998698,2.2656115930975305
2025-07-27,Kolar,Karnataka,Tomato,2154.1,0.0,0.0,37.0,25.91,70.6,2.221,0.6712,True,-0.21910912163108315,-0.4030120675784392,0.0,1.0240042126036348,1.978072266183621
2025-07-28,Kolar,Karnataka,Tomato,3891.25,32859.7,0.0,35.83,23.68,73.6,1.768,0.6616100444569387,False,0.5917414277579142,8.056444086886565,0.0,0.997118547146456,1.6325674516159785
2025-07-29,Kolar,Karnataka,Tomato,2548.56,13150.2,0.0,35.71,24.29,70.0,1.679,0.6509664342747521,False,-0.03498679039199391,2.982397425583266,0.0,0.9672789361774624,1.564686814758318
2025-07-30,Kolar,Karnataka,Tomato,1865.31,9202.0,31.96,37.48,26.1,88.1,2.025,0.6393914513201969,False,-0.3539078034709061,1.9659662107803701,31.96,0.9348281997802657,1.8285823243397843
2025-07-31,Kolar,Karnataka,Tomato,1226.44,22277.3,0.0,36.83,25.26,59.8,1.623,0.6270073774600308,False,-0.6521135372809678,5.332093322606597,0.0,0.9001091580384792,1.5219754028029364
2025-08-01,Kolar,Karnataka,Tomato,2110.03,15819.6,0.0,33.78,22.9,77.3,1.415,0.6139364945610108,False,-0.23967970201364822,3.6696122284794854,0.0,0.8634646310357159,1.3633330155400896
2025-08-02,Kolar,Karnataka,Tomato,1181.73,14788.8,0.0,34.95,22.87,69.8,1.097,0.6003010844898943,False,-0.672982850848122,3.4042413515687846,0.0,0.825237438855588,1.1207932119363142
2025-08-03,Kolar,Karnataka,Tomato,1181.73,0.0,10.85,37.52,23.3,78.3,1.075,0.5862234291134383,True,-0.672982850848122,-0.4030120675784392,10.85,0.7857704015817081,1.1040137286681284
2025-08-04,Kolar,Karnataka,Tomato,2443.64,31524.4,0.0,33.66,22.65,71.8,0.86,0.5718258102984,False,-0.08396036184056983,7.712682220434433,0.0,0.7454063392976885,0.9400324149108589
2025-08-05,Kolar,Karnataka,Tomato,2257.23,18485.6,0.0,36.02,23.24,71.7,0.67,0.5572305099115367,False,-0.17097106955815486,4.355951729686242,0.0,0.7044880720871425,0.7951186957765277
2025-08-06,Kolar,Karnataka,Tomato,2131.485,19729.1,48.82,36.82,26.01,87.4,1.496,0.5425598098196057,False,-0.22966513877089953,4.676080450522928,48.82,0.6633584200336827,1.4251120221184097
2025-08-07,Kolar,Karnataka,Tomato,2213.39,17166.6,0.0,36.32,25.02,74.0,1.169,0.527935991889364,False,-0.19143429270250842,4.016386162510056,0.0,0.6223602032209211,1.1757078844503766
2025-08-08,Kolar,Karnataka,Tomato,1956.47,17752.3,0.0,36.92,25.89,68.4,1.004,0.513481337987569,False,-0.3113569954909959,4.167169750603379,0.0,0.5818362417324708,1.0498617599389837
2025-08-09,Kolar,Karnataka,Tomato,1561.81,26233.5,0.0,36.74,25.65,75.2,0.739,0.49931812998097796,False,-0.4955726808502693,6.35058407079646,0.0,0.5421293556519449,0.8477452569358375
2025-08-10,Kolar,Karnataka,Tomato,1561.81,0.0,0.0,36.57,25.19,64.6,0.487,0.485568649736348,True,-0.4955726808502693,-0.4030120675784392,0.0,0.5035823650629554,0.6555439031366193
2025-08-11,Kolar,Karnataka,Tomato,2087.12,9557.9,0.0,37.12,24.16,70.0,0.253,0.4723551791204363,False,-0.25037341648073635,2.057589702333065,0.0,0.466538090049115,0.4770712174659166
2025-08-12,Kolar,Karnataka,Tomato,1669.1,21442.5,0.0,36.3,22.93,74.2,-0.013,0.4598,False,-0.4454928630775119,5.117181013676588,0.0,0.4313393506940362,0.274192010677853
2025-08-13,Kolar,Karnataka,Tomato,2152.94,18713.4,21.93,35.18,22.85,81.6,0.359,0.44716574218472604,False,-0.21965057552815084,4.414596942880129,21.93,0.3959189123618716,0.5579178186671752
2025-08-14,Kolar,Karnataka,Tomato,2064.21,16225.9,91.28,35.46,23.68,98.0,1.974,0.4337678939695913,False,-0.2610671309478243,3.7742107803700726,91.28,0.35835773042096064,1.7896844313089901
2025-08-15,Kolar,Karnataka,Tomato,2064.21,0.0,27.1,36.54,22.56,76.2,2.17,0.419808024949288,False,-0.2610671309478243,-0.4030120675784392,27.1,0.3192209099611964,1.9391743731528266
2025-08-16,Kolar,Karnataka,Tomato,2199.8,13526.4,17.12,37.22,24.03,79.6,2.121,0.4054877047185085,False,-0.1977777051690175,3.0792469831053904,17.12,0.2790735560724728,1.9018018876918676
2025-08-17,Kolar,Karnataka,Tomato,2199.8,0.0,0.0,34.47,22.63,66.7,1.854,0.391008502871945,True,-0.1977777051690175,-0.4030120675784392,0.0,0.23848077384468308,1.6981599771188864
2025-08-18,Kolar,Karnataka,Tomato,2418.62,14472.4,8.94,34.75,24.12,81.4,1.5270000000000001,0.3765719890042899,False,-0.09563896227560002,3.32278680611424,8.94,0.19800766836772088,1.4487558394508533
2025-08-19,Kolar,Karnataka,Tomato,2621.13,12215.1,0.0,37.36,24.7,69.6,1.2,0.3623797327102353,False,-0.0011132478831952144,2.7416637168141595,0.0,0.15821934473147922,1.19935170178282
2025-08-20,Kolar,Karnataka,Tomato,1108.21,22575.1,0.0,35.74,22.43,62.3,0.909,0.3486333035844736,False,-0.7072998254277951,5.408759452936444,0.0,0.11968090802585168,0.977404900371818
2025-08-21,Kolar,Karnataka,Tomato,1422.34,8997.0,0.0,33.9,24.24,64.0,0.65,0.3355342712216972,False,-0.5606731765606474,1.9131906677393404,0.0,0.08295746334073237,0.779864620078177
2025-08-22,Kolar,Karnataka,Tomato,2133.01,33368.7,0.0,36.05,23.8,70.2,0.403,0.3232842052165983,False,-0.22895331360449575,8.18748189863234,0.0,0.0486141157660142,0.5914767852035466
2025-08-23,Kolar,Karnataka,Tomato,1965.35,19650.9,6.35,37.48,24.37,72.6,0.345,0.31208467516386906,False,-0.3072120725548222,4.655948511665326,6.35,0.01721597039159053,0.5472399656783297
2025-08-24,Kolar,Karnataka,Tomato,1965.35,0.0,0.0,36.68,23.16,79.8,0.094,0.302137250658202,True,-0.3072120725548222,-0.4030120675784392,0.0,-0.010671867692644643,0.35580131566402895
2025-08-25,Kolar,Karnataka,Tomato,1979.09,13077.0,0.0,36.29,21.95,64.8,-0.036,0.2936435012942893,False,-0.3007986444981749,2.9635526950925177,0.0,-0.034484293396798274,0.25664982362474975
2025-08-26,Kolar,Karnataka,Tomato,3387.24,13182.2,0.0,33.83,25.3,70.2,-0.301,0.28680499666682313,False,0.35648437718798714,2.9906355591311344,0.0,-0.053656201630976987,0.054533320621603584
2025-08-27,Kolar,Karnataka,Tomato,1859.95,15850.1,0.0,36.79,22.2,64.7,-0.405,0.2818233063704959,False,-0.3564096938918398,3.6774641995172974,0.0,-0.06762248730528711,-0.02478787300981983
2025-08-28,Kolar,Karnataka,Tomato,1451.05,9655.2,0.0,35.17,25.29,67.5,-0.529,0.2789,False,-0.5472721926082207,2.082638777152052,0.0,-0.07581804532983498,-0.11936314233959387
2025-08-29,Kolar,Karnataka,Tomato,1412.03,13631.3,0.0,36.76,23.98,78.4,-0.547,0.2771157401480326,False,-0.5654855814561375,3.1062526146419946,0.0,-0.08082025970437186,-0.13309181046810947
2025-08-30,Kolar,Karnataka,Tomato,2806.54,12753.0,0.0,34.19,24.62,64.3,-0.521,0.2754193186690167,False,0.08543068923346936,2.8801415929203538,0.0,-0.08557621713862648,-0.1132615120602536
2025-08-31,Kolar,Karnataka,Tomato,2806.54,0.0,8.34,32.94,22.51,75.4,-0.44,0.2738144990502334,True,0.08543068923346936,-0.4030120675784392,8.34,-0.09007536660767099,-0.051482505481933456
2025-09-01,Kolar,Karnataka,Tomato,2718.49,9527.4,0.0,34.75,24.93,72.0,-0.447,0.27230504477896345,False,0.044331537822421746,2.049737731295253,0.0,-0.09430715708657861,-0.05682143197635619
2025-09-02,Kolar,Karnataka,Tomato,2706.6,17610.4,0.0,33.77,23.12,69.9,-0.55,0.2708947193424876,False,0.0387816353774774,4.130638777152051,0.0,-0.09826103755042227,-0.13537992182286207
2025-09-03,Kolar,Karnataka,Tomato,1533.46,6949.1,0.0,35.72,23.97,80.6,-0.112,0.2695872862280869,False,-0.5088056273863646,1.3859758648431215,0.0,-0.10192645697427428,0.19868433597101726
2025-09-04,Kolar,Karnataka,Tomato,2147.17,14655.7,27.36,36.76,24.48,72.4,0.439,0.26838650892304217,False,-0.22234384189546194,3.3699758648431213,27.36,-0.10529286433320773,0.6189341214605777
2025-09-05,Kolar,Karnataka,Tomato,1470.12,16143.1,0.0,35.51,22.2,78.3,0.277,0.2672961509146341,False,-0.5383708772486673,3.7528946098149643,0.0,-0.10834970860229566,0.4953761083039374
2025-09-06,Kolar,Karnataka,Tomato,1594.57,11137.4,0.0,36.33,24.08,79.6,0.105,0.2663199756901439,False,-0.48028127596411463,2.4642188254223654,0.0,-0.1110864387566101,0.3641910572981218
2025-09-07,Kolar,Karnataka,Tomato,1594.57,0.0,9.59,34.33,24.0,73.1,0.195,0.26546174673685213,True,-0.48028127596411463,-0.4030120675784392,9.59,-0.11349250377122443,0.4328343979406998
2025-09-08,Kolar,Karnataka,Tomato,3201.0,17494.2,0.0,35.7,23.77,82.1,0.049,0.2647252275420398,False,0.2695530204725586,4.1007240547063555,0.0,-0.11555735262121125,0.32147964534274
2025-09-09,Kolar,Karnataka,Tomato,3465.14,8947.3,0.0,35.97,22.62,68.0,-0.1,0.2641141815929878,False,0.3928458069996919,1.9003958165728077,0.0,-0.11727043428164334,0.20783678139002762
2025-09-10,Kolar,Karnataka,Tomato,1973.04,9120.8,0.0,35.31,22.3,72.0,-0.301,0.26363237237697695,False,-0.30362260663374374,1.9450619469026547,0.0,-0.11862119772759332,0.054533320621603584
2025-09-11,Kolar,Karnataka,Tomato,3059.78,9304.2,27.39,34.34,24.49,85.4,0.16,0.2632835633812881,False,0.2036356762105697,1.992276749798874,27.39,-0.11959909193413426,0.4061397654685861
2025-09-12,Kolar,Karnataka,Tomato,2580.86,16349.3,30.69,34.81,23.65,76.9,0.685,0.2630715180932022,False,-0.019910099982262598,3.805979082864038,30.69,-0.12019356587633877,0.8065592525502908
2025-09-13,Kolar,Karnataka,Tomato,2305.62,16789.3,4.23,35.08,22.92,64.4,0.547,0.263,False,-0.14838404017961332,3.919253419147224,4.23,-0.12039406852927963,0.7013061302316712
2025-09-14,Kolar,Karnataka,Tomato,2305.62,0.0,0.0,33.01,23.21,61.9,0.393,0.26370447712818995,True,-0.14838404017961332,-0.4030120675784392,0.0,-0.11841905036514924,0.5838497473543712
2025-09-15,Kolar,Karnataka,Tomato,3049.29,14642.7,0.0,35.45,21.21,80.3,0.229,0.26577177890347714,False,0.19873925260691383,3.3666291230893,0.0,-0.11262332131512062,0.4587663266278959
2025-09-16,Kolar,Karnataka,Tomato,3050.54,13458.2,0.0,36.02,21.49,67.4,0.013,0.2691327109119378,False,0.19932271585806444,3.0616894609814964,0.0,-0.10320086954273706,0.2940223090857088
2025-09-17,Kolar,Karnataka,Tomato,1108.21,17075.7,13.69,33.77,21.99,73.2,0.088,0.27371807873964804,False,-0.7072998254277951,3.9929847144006434,13.69,-0.09034568321154214,0.35122509295452375
2025-09-18,Kolar,Karnataka,Tomato,3229.03,11126.6,39.44,34.77,22.93,76.3,0.763,0.279458687972684,False,0.2826366004163595,2.46143845534996,39.44,-0.07425175048507948,0.8660501477738582
2025-09-19,Kolar,Karnataka,Tomato,3850.13,9388.1,0.0,34.87,21.6,74.7,0.503,0.2862853441971218,False,0.5725478206480644,2.0138761061946906,0.0,-0.05511305952689237,0.6677471636952997
2025-09-20,Kolar,Karnataka,Tomato,1932.89,13955.5,4.42,34.46,21.03,67.4,0.416,0.29412885299903757,False,-0.32236344626070057,3.189715205148833,4.42,-0.033123598500524716,0.6013919344074744
2025-09-21,Kolar,Karnataka,Tomato,1932.89,0.0,0.0,33.88,21.83,67.5,0.187,0.30292001996450757,True,-0.32236344626070057,-0.4030120675784392,0.0,-0.008477355569519512,0.4267327676613595
2025-09-22,Kolar,Karnataka,Tomato,2045.52,19692.5,0.0,35.32,21.1,71.5,-0.009,0.31258965067960776,False,-0.2697910734790279,4.666658085277554,0.0,0.018631681102579182,0.2772428258175231
2025-09-23,Kolar,Karnataka,Tomato,2464.07,12298.2,14.6,33.3,21.16,69.1,0.222,0.32306855073041446,False,-0.07442423846376446,2.763057119871279,14.6,0.048009523352228384,0.45342740013347316
2025-09-24,Kolar,Karnataka,Tomato,1501.6,9086.6,0.0,31.49,21.71,69.1,0.065,0.33428752570300374,False,-0.5236769387316909,1.936257441673371,0.0,0.07946218301588433,0.3336829059014205
2025-09-25,Kolar,Karnataka,Tomato,1528.05,5590.4,0.0,34.94,22.55,77.0,-0.122,0.34617738118345165,False,-0.5113308563373444,1.0361898632341109,0.0,0.11279567193000326,0.1910572981218419
2025-09-26,Kolar,Karnataka,Tomato,3066.43,6735.6,0.0,34.1,20.96,72.1,-0.245,0.35866892275783446,False,0.20673970070669065,1.3310120675784394,0.0,0.14781600193104205,0.0972447325769854
2025-09-27,Kolar,Karnataka,Tomato,4879.03,4887.5,29.65,34.82,22.78,79.5,0.35,0.37169295601222824,False,1.0528080919351375,0.8552341110217216,29.65,0.18432918485545693,0.5510534846029173
2025-09-28,Kolar,Karnataka,Tomato,4879.03,0.0,17.07,31.55,20.7,76.2,0.547,0.3851802865327092,True,1.0528080919351375,-0.4030120675784392,17.07,0.2221412325397046,0.7013061302316712
2025-09-29,Kolar,Karnataka,Tomato,2197.86,10696.3,78.01,31.0,20.54,91.5,2.024,0.39906171990535344,False,-0.1986832401348032,2.350661303298471,78.01,0.26105815682024147,1.827819620554867
2025-09-30,Kolar,Karnataka,Tomato,2395.22,7557.2,0.0,34.99,20.41,84.3,1.901,0.4132680617162371,False,-0.1065613943371391,1.5425261464199518,0.0,0.3008859695335239,1.7340070550100102
2025-10-01,Kolar,Karnataka,Tomato,3809.34,10583.1,18.19,31.38,21.56,71.4,1.976,0.4277301175514363,False,0.5535082478365184,2.3215189058728884,18.19,0.34143068251600855,1.7912098388788253
2025-10-02,Kolar,Karnataka,Tomato,3809.34,0.0,0.0,34.28,22.47,71.1,1.731,0.4423786929970272,False,0.5535082478365184,-0.4030120675784392,0.0,0.3824983076041517,1.6043474115740297
2025-10-03,Kolar,Karnataka,Tomato,3131.1,6146.5,86.36,34.27,22.72,96.5,3.165,0.4571445936390861,False,0.2369257554682176,1.1793531777956556,86.36,0.4238948566344104,2.6980646391457714
2025-10-04,Kolar,Karnataka,Tomato,1267.79,7135.8,15.12,33.68,20.39,79.6,2.899,0.4719586250636889,False,-0.6328125729329063,1.4340402252614644,15.12,0.46542634144324047,2.495185432357708
2025-10-05,Kolar,Karnataka,Tomato,1267.79,0.0,66.05,31.01,19.82,95.3,3.818,0.4867515928569118,True,-0.6328125729329063,-0.4030120675784392,66.05,0.5068987738670984,3.1961102106969204
2025-10-06,Kolar,Karnataka,Tomato,2156.39,6943.9,3.19,33.35,20.57,70.8,3.338,0.501454302604831,False,-0.2180402169549753,1.3846371681415928,3.19,0.5481181657424412,2.8300123939365047
2025-10-07,Kolar,Karnataka,Tomato,5090.3,6814.8,25.58,34.27,22.26,79.1,3.334,0.5159975598935226,False,1.1514227167916058,1.3514014481094128,25.58,0.5888905289057248,2.8269615787968347
2025-10-08,Kolar,Karnataka,Tomato,2678.26,4827.7,0.0,32.11,19.42,71.6,2.736,0.5303121703090627,False,0.025553356547391378,0.8398390989541432,0.0,0.629021875193406,2.3708647154161504
2025-10-09,Kolar,Karnataka,Tomato,1724.78,5307.5,0.0,31.98,19.16,58.6,2.263,0.5443289394375277,False,-0.41950307601826,0.96335961383749,0.0,0.6683182164419414,2.0101058251501573
2025-10-10,Kolar,Karnataka,Tomato,3655.28,13306.1,24.24,32.03,21.02,69.3,2.398,0.5579786728649935,False,0.48159756905871054,3.0225325824617864,24.24,0.7065855644877874,2.1130708361140242
2025-10-11,Kolar,Karnataka,Tomato,5165.136400000001,9068.5,52.37,30.34,20.38,82.7,3.055,0.5711921761775363,False,1.186354148190331,1.931597747385358,52.37,0.7436299311674005,2.614167222804843
2025-10-12,Kolar,Karnataka,Tomato,5165.136400000001,0.0,15.3,33.9,19.67,71.8,2.907,0.583900254961232,True,1.186354148190331,-0.4030120675784392,15.3,0.7792573283172365,2.501287062637048
2025-10-13,Kolar,Karnataka,Tomato,1643.47,2461.1,0.0,33.72,19.74,64.0,2.485,0.5960337148021573,False,-0.4574561935791035,0.23057763475462592,0.0,0.8132737677737533,2.179426065401849
2025-10-14,Kolar,Karnataka,Tomato,1334.45,5656.7,0.0,34.23,18.85,73.7,2.062,0.607523361286388,False,-0.6016976446755476,1.0532582461786002,0.0,0.8454852613734064,1.856802364381733
2025-10-15,Kolar,Karnataka,Tomato,2686.71,7360.2,0.0,32.29,21.76,77.8,2.22,0.6183,False,0.02949756812516928,1.491810136765889,0.0,0.8756978209526519,1.9773095623987034
2025-10-16,Kolar,Karnataka,Tomato,3087.37,4387.0,25.62,32.96,20.05,76.6,2.403,0.6292158330286087,False,0.21651387708996536,0.7263845534995977,25.62,0.9063006150611128,2.1168843550386116
2025-10-17,Kolar,Karnataka,Tomato,4934.08,7356.3,34.55,30.42,19.58,74.1,2.658,0.6410224665987319,False,1.0785038135158096,1.4908061142397426,34.55,0.9394007893962796,2.3113738201925824
2025-10-18,Kolar,Karnataka,Tomato,1607.07,5136.1,0.0,32.43,18.81,69.8,2.146,0.6534998125077986,False,-0.47444664345260873,0.9192341110217218,0.0,0.974381321516409,1.9208694823148058
2025-10-19,Kolar,Karnataka,Tomato,1607.07,0.0,75.86,32.27,18.79,79.6,2.5614999999999997,0.6664277825532386,True,-0.47444664345260873,-0.4030120675784392,75.86,1.0106251889797586,2.2377729049480406
2025-10-20,Kolar,Karnataka,Tomato,1485.8,6267.0,9.73,33.33,18.35,72.1,2.977,0.6795862885324816,False,-0.5310519142262343,1.2103748994368464,9.73,1.0475153693445867,2.554676327581275
2025-10-21,Kolar,Karnataka,Tomato,2381.74,3905.3,21.92,32.93,19.9,76.9,2.898,0.6927552422429569,False,-0.11285346203754706,0.6023748994368464,21.92,1.0844348401691504,2.4944227285727907
2025-10-22,Kolar,Karnataka,Tomato,4774.54,4162.6,0.0,33.34,18.71,71.2,2.515,0.7057145554820943,False,1.0040352318449575,0.6686146419951731,0.0,1.1207665790117074,2.2023071789493756
2025-10-23,Kolar,Karnataka,Tomato,2619.36,5693.0,0.0,32.95,20.04,62.2,2.197,0.7182441400473232,False,-0.0019394318468244406,1.062603378921963,0.0,1.1558935634305156,1.9597673753456002
2025-10-24,Kolar,Karnataka,Tomato,1329.5,4358.3,7.04,32.87,19.98,73.2,1.923,0.7301239077360734,False,-0.604008159150104,0.7189959774738537,7.04,1.1891987709838328,1.7507865382781962
2025-10-25,Kolar,Karnataka,Tomato,2438.67,8412.6,0.0,29.17,20.5,64.8,1.559,0.7411337703457741,False,-0.08628021172714448,1.7627417538214,0.0,1.2200651792299158,1.4731623605682143
2025-10-26,Kolar,Karnataka,Tomato,2438.67,0.0,0.0,32.62,18.44,65.9,1.223,0.7510536396738552,True,-0.08628021172714448,-0.4030120675784392,0.0,1.2478757657270227,1.2168938888359233
2025-10-27,Kolar,Karnataka,Tomato,1539.27,5153.3,0.0,31.47,17.78,73.6,1.2730000000000001,0.7596634275177462,False,-0.5060936901950167,0.9236621078037008,0.0,1.2720135080334116,1.2550290780818
2025-10-28,Kolar,Karnataka,Tomato,4088.52,3981.1,24.06,30.37,20.26,87.3,1.323,0.7667430456748765,False,0.6838212642014956,0.6218889782783589,24.06,1.2918613837073394,1.2931642673276764
2025-10-29,Kolar,Karnataka,Tomato,1831.97,5390.6,0.0,28.83,20.88,70.3,0.925,0.7720724059426759,False,-0.36946993530559463,0.9847530168946099,0.0,1.3068023703070641,0.9896081609304986
2025-10-30,Kolar,Karnataka,Tomato,1911.84,3474.6,0.0,31.55,18.15,65.9,0.702,0.7754314201185739,False,-0.3321889674100766,0.49149477071600967,0.0,1.3162194453908436,0.8195252168938888
2025-10-31,Kolar,Karnataka,Tomato,2324.81,4209.9,11.85,29.9,18.75,74.5,0.656,0.7766,False,-0.13942671234794943,0.6807916331456154,11.85,1.3194955865169349,0.7844408427876822
2025-11-01,Kolar,Karnataka,Tomato,2324.81,0.0,28.23,30.45,17.49,83.2,1.134,0.776434662765753,False,-0.13942671234794943,-0.4030120675784392,28.23,1.3190320596999838,1.1490132519782628
2025-11-02,Kolar,Karnataka,Tomato,2324.81,0.0,0.0,31.34,19.89,38.1,0.884,0.7759495118254781,True,-0.13942671234794943,-0.4030120675784392,0.0,1.3176719276516236,0.9583373057488797
2025-11-03,Kolar,Karnataka,Tomato,2056.74,3986.3,0.0,32.3,20.45,48.7,0.593,0.775160838322874,False,-0.2645539073367003,0.6232276749798875,0.0,1.315460862975594,0.7363905043378778
2025-11-04,Kolar,Karnataka,Tomato,2984.3,7075.1,22.39,31.84,18.9,38.1,0.843,0.7740849334016393,False,0.1684038312530925,1.4184135156878521,22.39,1.3124445382756347,0.9270664505672609
2025-11-05,Kolar,Karnataka,Tomato,2670.39,8019.8,0.0,30.07,20.25,36.3,0.586,0.772738088205473,False,0.021879871918147106,1.6616186645213196,0.0,1.3086686261554856,0.7310515778434549
2025-11-06,Kolar,Karnataka,Tomato,2892.24,4455.1,0.0,29.72,19.56,42.7,0.407,0.7711365938780738,False,0.12543292973235368,0.7439163314561547,0.0,1.3041787992188865,0.5945276003432166
2025-11-07,Kolar,Karnataka,Tomato,2980.41,3433.2,0.0,28.98,19.96,42.4,0.278,0.7692967415631403,False,0.1665880936155117,0.48083668543845537,0.0,1.2990207300695766,0.496138812088855
2025-11-08,Kolar,Karnataka,Tomato,3542.76,2366.7,0.0,29.5,19.54,25.2,0.041,0.7672348224043716,False,0.4290765410431391,0.20627514078841513,0.0,1.2932400913112965,0.3153780150633997
2025-11-09,Kolar,Karnataka,Tomato,3542.76,0.0,0.0,28.25,19.88,35.0,0.001,0.7649671275454661,True,0.4290765410431391,-0.4030120675784392,0.0,1.2868825555477852,0.2848698636666984
2025-11-10,Kolar,Karnataka,Tomato,2765.75,3433.3,0.0,32.05,16.84,42.4,-0.047,0.762509948130123,False,0.06639111642192334,0.4808624296057925,0.0,1.279993795382783,0.24826008199065686
2025-11-11,Kolar,Karnataka,Tomato,2598.54,3790.5,0.0,30.19,19.13,49.5,-0.23,0.7598795753020406,False,-0.011657595757988736,0.5728205953338698,0.0,1.272619483420029,0.10868528935074838
2025-11-12,Kolar,Karnataka,Tomato,2413.26,5665.0,0.0,28.11,18.48,38.5,-0.337,0.757092300204918,False,-0.0981408526965336,1.0553950120675786,0.0,1.2648052922632635,0.02707598436457239
2025-11-13,Kolar,Karnataka,Tomato,1800.22,2282.9,0.0,29.05,16.82,33.2,-0.339,0.7541644139824538,False,-0.3842899018848196,0.1847015285599357,0.0,1.2565968945162258,0.025550576794737323
2025-11-14,Kolar,Karnataka,Tomato,2489.41,2172.8,103.56,29.85,17.52,61.0,1.821,0.7511122077783471,False,-0.06259627143643985,0.1563572003218022,103.56,1.2480399627826566,1.6729907522166076
2025-11-15,Kolar,Karnataka,Tomato,2794.38,2725.7,0.0,29.72,17.66,46.1,1.445,0.7479519727362961,False,0.07975475872627649,0.2986967015285599,0.0,1.239180169666294,1.3862141290876155
2025-11-16,Kolar,Karnataka,Tomato,2794.38,0.0,0.0,27.41,17.28,38.6,1.178,0.7447,True,0.07975475872627649,-0.4030120675784392,0.0,1.2300631877708794,1.1825722185146343
2025-11-17,Kolar,Karnataka,Tomato,2734.26,3500.4,0.0,31.46,16.78,30.8,1.067,0.7407967349712993,False,0.05169251019893779,0.4981367658889784,0.0,1.2191202926467948,1.0979120983887882
2025-11-18,Kolar,Karnataka,Tomato,2338.47,2080.1,0.0,28.35,16.54,34.0,0.806,0.7357321343300094,False,-0.13305062593937586,0.13249235720032182,0.0,1.204921565874338,0.8988464105253122
2025-11-19,Kolar,Karnataka,Tomato,2501.71,3663.3,0.0,27.12,17.29,36.6,0.5740000000000001,0.7295967561367906,False,-0.056854993045117964,0.5400740144810943,0.0,1.1877208891021187,0.7218991324244447
2025-11-20,Kolar,Karnataka,Tomato,2072.8,1824.3,0.0,27.32,16.36,37.7,0.342,0.7224811584523037,False,-0.25705757148591735,0.06663877715205152,0.0,1.1677721439787472,0.5449518543235771
2025-11-21,Kolar,Karnataka,Tomato,2883.21,2048.1,0.0,29.52,17.53,30.5,0.176,0.7144758993372092,False,0.12121799120604194,0.12425422365245377,0.0,1.1453292121528345,0.41834302602726664
2025-11-22,Kolar,Karnataka,Tomato,2354.72,2608.2,0.0,27.46,18.37,31.9,-0.013,0.7056715368521678,False,-0.1254656036744182,0.2684473049074819,0.0,1.1206459752729898,0.274192010677853
2025-11-23,Kolar,Karnataka,Tomato,2354.72,0.0,0.0,26.96,16.2,26.7,-0.126,0.6961586290578399,True,-0.1254656036744182,-0.4030120675784392,0.0,1.0939763149878239,0.1880064829821718
2025-11-24,Kolar,Karnataka,Tomato,3750.29,3631.2,0.0,28.42,17.32,40.2,-0.32,0.6860277340148861,False,0.5259454438521645,0.531810136765889,0.0,1.0655741129459468,0.040041948708170454
2025-11-25,Kolar,Karnataka,Tomato,1959.08,2910.9,0.0,29.45,15.98,33.3,-0.458,0.6753694097839674,False,-0.31013872422259353,0.3463748994368464,0.0,1.0356932507959695,-0.06521117361044905
2025-11-26,Kolar,Karnataka,Tomato,3219.62,4839.0,0.0,27.09,18.94,37.3,-0.499,0.664274214425744,False,0.27824428906169774,0.8427481898632342,0.0,1.0045876101865017,-0.09648202879206788
2025-11-27,Kolar,Karnataka,Tomato,2600.25,2370.7,0.0,27.93,17.63,42.1,-0.677,0.6528327060008765,False,-0.010859418030414712,0.20730490748189864,0.0,0.9725110727661536,-0.2322433025073887
2025-11-28,Kolar,Karnataka,Tomato,2495.56,2455.2,0.0,28.34,15.64,36.1,-0.683,0.6411354425700257,False,-0.05972563224077891,0.22905872888173773,0.0,0.9397175201835359,-0.23681952521689392
2025-11-29,Kolar,Karnataka,Tomato,2367.11,3881.7,0.0,27.12,18.02,34.4,-0.853,0.6292729821938521,False,-0.1196823159290134,0.5962992759452936,0.0,0.9064608340872585,-0.3664791686528744
2025-11-30,Kolar,Karnataka,Tomato,2367.11,0.0,0.0,28.62,15.54,36.0,-0.987,0.6173358829330161,True,-0.1196823159290134,-0.4030120675784392,0.0,0.8729948961259316,-0.4686814758318238
2025-12-01,Kolar,Karnataka,Tomato,2587.03,4220.4,18.33,26.66,15.44,40.8,-0.648,0.6054147028481786,False,-0.017030125374583253,0.6834947707160096,18.33,0.8395735879481657,-0.21012489274478025
2025-12-02,Kolar,Karnataka,Tomato,1518.17,3001.3,0.0,26.43,15.63,41.2,-0.693,0.5936,False,-0.5159425498744385,0.3696476267095737,0.0,0.8064507912025712,-0.24444656306606916
2025-12-03,Kolar,Karnataka,Tomato,2111.85,1082.6,0.0,28.5,16.69,36.6,-0.674,0.5815915035266933,False,-0.2388301795199731,-0.12430571198712789,0.0,0.7727846894802712,-0.2299551911526361
2025-12-04,Kolar,Karnataka,Tomato,3597.93,3700.1,0.0,27.22,16.34,32.3,-0.729,0.5690399958665058,False,0.45482827509592133,0.5495478680611424,0.0,0.7375962431501751,-0.2719038993231004
2025-12-05,Kolar,Karnataka,Tomato,2185.17,3351.3,0.0,26.48,15.51,40.2,-0.794,0.5559626150301491,False,-0.20460655906048403,0.45975221238938063,0.0,0.7009334990275707,-0.32147964534274004
2025-12-06,Kolar,Karnataka,Tomato,1108.21,3376.6,0.0,27.9,15.78,41.2,-0.805,0.542376499028335,False,-0.7072998254277951,0.46626548672566376,0.0,0.662844503927746,-0.3298693869768329
2025-12-07,Kolar,Karnataka,Tomato,1108.21,0.0,0.0,30.06,16.24,28.3,-0.896,0.5282987858717755,True,-0.7072998254277951,-0.4030120675784392,0.0,0.6233773046659897,-0.39927543140432836
2025-12-08,Kolar,Karnataka,Tomato,1702.29,1897.9,0.0,29.15,14.95,42.7,-0.919,0.5137466135711823,False,-0.4300007468329614,0.0855864843121481,0.0,0.58257994805759,-0.41681761845743154
2025-12-09,Kolar,Karnataka,Tomato,2711.34,1937.9,0.0,29.51,15.94,36.8,-1.015,0.49873712013726723,False,0.04099412802584054,0.09588415124698317,0.0,0.5405004809178344,-0.49003718180951455
2025-12-10,Kolar,Karnataka,Tomato,4650.93,1765.4,0.0,29.71,14.87,36.4,-1.027,0.4832874435807422,False,0.9463377178651782,0.05147546259050691,0.0,0.497186950062012,-0.499189627228525
2025-12-11,Kolar,Karnataka,Tomato,3456.64,4339.9,0.0,30.11,18.04,40.0,-1.05,0.467414721912319,False,0.3888782568918679,0.7142590506838294,0.0,0.45268740230541055,-0.5167318142816283
2025-12-12,Kolar,Karnataka,Tomato,4627.84,2338.9,0.0,29.12,17.7,32.2,-1.108,0.45113609314270936,False,0.9355599846899244,0.19911826226870483,0.0,0.4070498844633183,-0.5609686338068453
2025-12-13,Kolar,Karnataka,Tomato,2085.56,2309.2,0.0,28.38,16.56,39.8,-1.105,0.4344686952826252,False,-0.2511015786181723,0.1914722445695897,0.0,0.36032244335102354,-0.5586805224520925
2025-12-14,Kolar,Karnataka,Tomato,2085.56,0.0,0.0,27.24,16.75,33.1,-1.102,0.41742966634277834,True,-0.2511015786181723,-0.4030120675784392,0.0,0.31255312578381444,-0.5563924110973401
2025-12-15,Kolar,Karnataka,Tomato,1736.73,2833.0,0.0,26.36,15.31,27.6,-1.042,0.4000361443338806,False,-0.4139251673372603,0.3263201930812551,0.0,0.2637899785769793,-0.5106301840022881
2025-12-16,Kolar,Karnataka,Tomato,1992.08,719.9,0.0,28.59,17.44,30.0,-1.146,0.38230526726664366,False,-0.29473529439221796,-0.21767980691874494,0.0,0.21408104854580598,-0.5899513776337113
2025-12-17,Kolar,Karnataka,Tomato,1816.87,1838.8,0.0,29.94,14.54,37.8,-1.152,0.36425417315177955,False,-0.3765181713794938,0.07037168141592924,0.0,0.16347438250558316,-0.5945276003432165
2025-12-18,Kolar,Karnataka,Tomato,1573.01,1401.8,0.0,27.52,16.81,30.3,-1.195,0.3459,False,-0.49034485011996,-0.042130329847143974,0.0,0.1120180272715988,-0.6273238630946706
2025-12-19,Kolar,Karnataka,Tomato,4343.91,2636.4,0.0,28.63,16.37,43.1,-1.141,0.32725988582201687,False,0.8030298079705748,0.27570716009654067,0.0,0.05976002965914133,-0.5861378587091238
2025-12-20,Kolar,Karnataka,Tomato,4343.91,0.0,0.0,27.56,16.87,40.9,-1.101,0.30835096862854183,False,0.8030298079705748,-0.4030120675784392,0.0,0.006748436483498392,-0.5556297073124224
2025-12-21,Kolar,Karnataka,Tomato,4343.91,0.0,0.0,27.24,15.77,41.7,-1.079,0.2891903864302869,True,0.8030298079705748,-0.4030120675784392,0.0,-0.04696870544004125,-0.5388502240442367
2025-12-22,Kolar,Karnataka,Tomato,4152.99,1098.7,0.0,27.1,17.55,35.6,-1.128,0.2697952772379638,False,0.7139139648428383,-0.12016090104585674,0.0,-0.10134334929618947,-0.5762227095051957
2025-12-23,Kolar,Karnataka,Tomato,3128.11,2035.7,0.0,27.49,17.2,36.3,-1.081,0.2501827790622845,False,0.23553011137146548,0.12106194690265493,0.0,-0.156327448269658,-0.5403756316140718
2025-12-24,Kolar,Karnataka,Tomato,1694.13,3344.9,0.0,26.84,15.08,29.0,-1.176,0.2303700299139606,False,-0.43380959493647236,0.458104585679807,0.0,-0.21187295554515886,-0.6128324911812374
2025-12-25,Kolar,Karnataka,Tomato,1694.13,0.0,0.0,28.52,17.0,40.0,-1.272,0.21037416780370405,False,-0.43380959493647236,-0.4030120675784392,0.0,-0.2679318243074038,-0.6860520545333205
2025-12-26,Kolar,Karnataka,Tomato,2101.45,2900.5,30.62,29.05,16.79,46.1,-0.683,0.19021233074222665,False,-0.24368459376954604,0.3436975060337893,30.62,-0.3244560077411045,-0.23681952521689392
2025-12-27,Kolar,Karnataka,Tomato,3282.91,1410.7,0.0,29.06,14.81,37.8,-0.741,0.16990165674024021,False,0.3077862003939544,-0.03983909895414314,0.0,-0.38139745903097283,-0.2810563447421108
2025-12-28,Kolar,Karnataka,Tomato,3282.91,0.0,0.0,26.08,17.23,43.4,-0.753,0.14945928380845658,True,0.3077862003939544,-0.4030120675784392,0.0,-0.4387081313617205,-0.29020879016112117
2025-12-29,Kolar,Karnataka,Tomato,1741.88,2891.4,0.0,29.06,15.99,32.0,-0.969,0.12890234995758748,False,-0.41152129874251986,0.3413547868061143,0.0,-0.4963399779180596,-0.4549528077033082
2025-12-30,Kolar,Karnataka,Tomato,4006.69,2150.9,0.0,26.53,17.42,34.4,-0.917,0.10824799319834492,False,0.6456254259281734,0.15071922767497994,0.0,-0.5542449518847014,-0.4152922108875965
2024-01-01,Ujjain,Madhya Pradesh,Soybean,4453.12,991.6,0.0,21.12,11.66,38.3,-0.439,0.2773044555664063,False,0.8540058252970995,-0.14773290426387767,0.0,-0.08029119159949637,-0.05071980169701592
2024-01-02,Ujjain,Madhya Pradesh,Soybean,5612.36,749.7,0.0,21.24,12.07,35.5,-0.491,0.27467705078125004,False,1.395104976708147,-0.21000804505229279,0.0,-0.08765718258424215,-0.09038039851272761
2024-01-03,Ujjain,Madhya Pradesh,Soybean,3703.47,2558.1,0.0,21.9,12.77,31.6,-0.518,0.2719316284179688,False,0.5040912443170679,0.255549477071601,0.0,-0.09535403861933013,-0.110973400705501
2024-01-04,Ujjain,Madhya Pradesh,Soybean,4012.95,1594.0,0.0,23.16,10.41,36.4,-0.63,0.26908203125,False,0.6485474098899354,0.007349959774738583,0.0,-0.10334295116451558,-0.19639622461626466
2024-01-05,Ujjain,Madhya Pradesh,Soybean,4342.68,1309.3,0.0,23.27,13.28,37.8,-0.68,0.26614210205078126,False,0.8024556801314428,-0.06594368463395009,0.0,-0.11158511167955334,-0.23453141386214132
2024-01-06,Ujjain,Madhya Pradesh,Soybean,6305.13,659.6,0.0,20.93,12.18,36.3,-0.663,0.26312568359375,False,1.7184696459078221,-0.2332035398230088,0.0,-0.12004171162419856,-0.22156544951854323
2024-01-07,Ujjain,Madhya Pradesh,Soybean,6305.13,0.0,0.0,21.5,13.19,41.2,-0.766,0.2600466186523438,True,1.7184696459078221,-0.4030120675784392,0.0,-0.12867394245820607,-0.3001239393650491
2024-01-08,Ujjain,Madhya Pradesh,Soybean,5516.45,715.9,0.0,22.95,12.87,29.9,-0.791,0.25691875000000003,False,1.3503370083738644,-0.21870957361222843,0.0,-0.13744299564133136,-0.31919153398798744
2024-01-09,Ujjain,Madhya Pradesh,Soybean,4723.16,1037.8,0.0,23.34,12.13,31.5,-0.684,0.25375592041015627,False,0.9800525583696635,-0.13583909895414317,0.0,-0.1463100626333292,-0.23758222900181145
2024-01-10,Ujjain,Madhya Pradesh,Soybean,4039.98,707.6,0.0,21.31,12.95,40.5,-0.711,0.25057197265625003,False,0.6611642192328159,-0.22084633950120672,0.0,-0.15523633489395464,-0.25817523119458474
2024-01-11,Ujjain,Madhya Pradesh,Soybean,6587.596800000006,764.4,0.0,22.41,11.03,27.6,-0.667,0.24738074951171876,False,1.8503168438839075,-0.2062236524537409,0.0,-0.16418300388296286,-0.22461626465821338
2024-01-12,Ujjain,Madhya Pradesh,Soybean,4877.59,696.9,0.0,24.66,12.79,32.3,-0.654,0.24419609375000004,False,1.0521359422698122,-0.2236009654062751,0.0,-0.1731112610601087,-0.21470111545428544
2024-01-13,Ujjain,Madhya Pradesh,Soybean,5004.66,868.9,0.0,25.06,10.61,31.3,-0.693,0.24103184814453127,False,1.1114484825287763,-0.17932099758648426,0.0,-0.18198229788514753,-0.24444656306606916
2024-01-14,Ujjain,Madhya Pradesh,Soybean,5004.66,0.0,0.0,24.99,12.87,27.2,-0.719,0.23790185546875,True,1.1114484825287763,-0.4030120675784392,0.0,-0.19075730581783415,-0.26427686147392504
2024-01-15,Ujjain,Madhya Pradesh,Soybean,5064.35,860.3,0.0,24.5,12.83,34.1,-0.724,0.23481995849609377,False,1.1393100196977195,-0.18153499597747383,0.0,-0.19939747631792365,-0.2680903803985127
2024-01-16,Ujjain,Madhya Pradesh,Soybean,6422.42,1571.9,0.0,22.3,11.95,38.7,-0.855,0.2318,False,1.7732171696897843,0.0016604987932422263,0.0,-0.20786400084517118,-0.3680045762227095
2024-01-17,Ujjain,Madhya Pradesh,Soybean,6102.98,1211.6,0.0,23.6,9.87,35.8,-0.798,0.22885582275390626,False,1.6241119689317485,-0.09109573612228478,0.0,-0.2161180708593317,-0.32453046048241013
2024-01-18,Ujjain,Madhya Pradesh,Soybean,4172.64,688.7,0.0,22.38,10.76,39.0,-0.809,0.22600126953125002,False,0.7230860071509257,-0.22571198712791626,0.0,-0.22412087782016027,-0.33292020211650303
2024-01-19,Ujjain,Madhya Pradesh,Soybean,6307.95,1008.6,0.0,23.42,10.31,41.0,-0.756,0.22325018310546874,False,1.7197859390024177,-0.14335639581657275,0.0,-0.23183361318741208,-0.29249690151587376
2024-01-20,Ujjain,Madhya Pradesh,Soybean,4311.89,700.2,0.0,21.89,12.5,33.1,-0.743,0.22061640624999998,False,0.7880838133291015,-0.22275140788415118,0.0,-0.23921746842084202,-0.2825817523119458
2024-01-21,Ujjain,Madhya Pradesh,Soybean,4311.89,0.0,0.0,23.23,10.08,48.2,-0.763,0.21811378173828125,True,0.7880838133291015,-0.4030120675784392,0.0,-0.24623363498020512,-0.2978358280102965
2024-01-22,Ujjain,Madhya Pradesh,Soybean,3882.85,1047.5,0.0,22.86,12.98,33.3,-0.76,0.21575615234375,False,0.5878205547101821,-0.13334191472244564,0.0,-0.25284330432525653,-0.2955477166555439
2024-01-23,Ujjain,Madhya Pradesh,Soybean,5501.86,1113.2,0.0,20.62,12.27,33.9,-0.758,0.21355736083984372,False,1.3435268253064347,-0.11642799678197903,0.0,-0.2590076679157514,-0.2940223090857088
2024-01-24,Ujjain,Madhya Pradesh,Soybean,4559.01,715.2,0.0,24.08,10.87,31.5,-0.682,0.21153125,False,0.9034321642285683,-0.21888978278358803,0.0,-0.26468791721144447,-0.23605682143197637
2024-01-25,Ujjain,Madhya Pradesh,Soybean,4052.66,594.6,0.0,20.59,11.72,37.7,-0.697,0.20969166259765623,False,0.6670828704524874,-0.2499372485921158,0.0,-0.2698452436720912,-0.2474973782057393
2024-01-26,Ujjain,Madhya Pradesh,Soybean,4052.66,0.0,0.0,21.87,9.61,33.5,-0.697,0.20805244140625,False,0.6670828704524874,-0.4030120675784392,0.0,-0.2744408387574462,-0.2474973782057393
2024-01-27,Ujjain,Madhya Pradesh,Soybean,5822.25,1012.9,0.0,20.6,12.96,34.6,-0.786,0.20662742919921875,False,1.4930754581353447,-0.142249396621078,0.0,-0.2784358939272649,-0.31537801506339974
2024-01-28,Ujjain,Madhya Pradesh,Soybean,5822.25,0.0,0.0,22.28,9.59,34.0,-0.794,0.20543046874999998,True,1.4930754581353447,-0.4030120675784392,0.0,-0.28179160064130226,-0.32147964534274004
2024-01-29,Ujjain,Madhya Pradesh,Soybean,3848.58,1152.1,0.0,20.9,10.93,33.9,-0.715,0.20447540283203128,False,0.5718243262166376,-0.10641351568785194,0.0,-0.2844691503593131,-0.2612260463342549
2024-01-30,Ujjain,Madhya Pradesh,Soybean,5937.89,1080.5,0.0,24.75,11.18,35.8,-0.705,0.20377607421875,False,1.5470528104257883,-0.12484633950120672,0.0,-0.2864297345410528,-0.25359900848507955
2024-01-31,Ujjain,Madhya Pradesh,Soybean,4568.23,686.1,0.0,22.54,12.96,32.7,-0.783,0.20334632568359373,False,0.9077357891690548,-0.22638133547868056,0.0,-0.28763454464627625,-0.31308990370864714
2024-02-01,Ujjain,Madhya Pradesh,Soybean,6350.56,1278.5,0.0,22.77,12.25,33.0,-0.845,0.2032,False,1.7396750343076393,-0.07387288817377308,0.0,-0.28804477213473845,-0.36037753837353415
2024-02-02,Ujjain,Madhya Pradesh,Soybean,5201.56,1290.4,0.0,22.31,10.0,40.4,-0.887,0.2032488119521345,False,1.2033556138500174,-0.07080933226065962,0.0,-0.28790792668123166,-0.3924110973400705
2024-02-03,Ujjain,Madhya Pradesh,Soybean,4937.12,1770.1,0.0,23.6,12.03,33.5,-0.823,0.20339233545463548,False,1.0799227961426077,0.05268543845534998,0.0,-0.2875055551732349,-0.3435980551053484
2024-02-04,Ujjain,Madhya Pradesh,Soybean,4937.12,0.0,0.0,24.34,11.0,36.9,-0.774,0.20362620197664918,True,1.0799227961426077,-0.4030120675784392,0.0,-0.2868499048895332,-0.30622556964438935
2024-02-05,Ujjain,Madhya Pradesh,Soybean,4758.52,624.5,0.0,23.77,9.86,30.6,-0.98,0.2039460429873217,False,0.9965575668182117,-0.2422397425583266,0.0,-0.28595322310891236,-0.463342549337401
2024-02-06,Ujjain,Madhya Pradesh,Soybean,4335.52,1182.9,0.0,24.27,12.48,32.8,-0.967,0.20434748995579932,False,0.7991136026288522,-0.09848431214802889,0.0,-0.2848277571101573,-0.45342740013347316
2024-02-07,Ujjain,Madhya Pradesh,Soybean,4106.48,1163.3,0.0,25.03,11.44,28.8,-0.943,0.20482617435122819,False,0.692204464194027,-0.10353016894609811,0.0,-0.2834857541720536,-0.4351225092954524
2024-02-08,Ujjain,Madhya Pradesh,Soybean,4533.27,756.3,0.0,24.89,11.07,44.3,-0.985,0.20537772764275455,False,0.8914174889608755,-0.208308930008045,0.0,-0.2819394615733863,-0.46715606826198874
2024-02-09,Ujjain,Madhya Pradesh,Soybean,5635.35,1001.2,0.0,24.09,12.98,41.9,-0.99,0.20599778129952456,False,1.4058360328233088,-0.14526146419951724,0.0,-0.280201126592941,-0.47096958718657633
2024-02-10,Ujjain,Madhya Pradesh,Soybean,3923.27,442.3,0.0,22.08,13.09,38.0,-0.894,0.20668196679068443,False,0.6066874223993877,-0.28914561544650036,0.0,-0.2782829965095029,-0.3977500238344933
2024-02-11,Ujjain,Madhya Pradesh,Soybean,3923.27,0.0,0.0,24.04,12.08,45.8,-0.864,0.20742591558538034,True,0.6066874223993877,-0.4030120675784392,0.0,-0.27619731860185737,-0.3748689102869673
2024-02-12,Ujjain,Madhya Pradesh,Soybean,4868.38,467.8,0.0,23.51,12.38,38.9,-0.889,0.20822525915275852,False,1.0478369850353346,-0.282580852775543,0.0,-0.27395634014878967,-0.39393650490990556
2024-02-13,Ujjain,Madhya Pradesh,Soybean,5323.91,976.6,0.0,24.53,11.3,34.1,-0.893,0.20907562896196513,False,1.260464996872637,-0.15159452936444082,0.0,-0.2715723084290852,-0.3969873200495757
2024-02-14,Ujjain,Madhya Pradesh,Soybean,5363.19,992.6,0.0,25.11,13.62,36.9,-0.899,0.2099726564821464,False,1.2787997460767928,-0.14747546259050678,0.0,-0.26905747072152914,-0.4015635427590809
2024-02-15,Ujjain,Madhya Pradesh,Soybean,5435.75,773.8,0.0,24.78,10.53,41.8,-0.875,0.2109119731824485,False,1.3126686208795826,-0.20380370072405468,0.0,-0.266424074304907,-0.38325865192106007
2024-02-16,Ujjain,Madhya Pradesh,Soybean,4788.79,1555.2,0.0,25.32,13.96,30.6,-0.953,0.21188921053201762,False,1.010686712908074,-0.0026387771520514297,0.0,-0.2636843664580041,-0.44274954714462766
2024-02-17,Ujjain,Madhya Pradesh,Soybean,4809.45,1202.6,0.0,21.87,11.98,29.1,-0.977,0.2129,False,1.020330193523091,-0.09341271118262266,0.0,-0.2608505944596055,-0.4610544379826485
2024-02-18,Ujjain,Madhya Pradesh,Soybean,4809.45,0.0,0.0,21.8,12.19,37.0,-0.9,0.2144015609523574,True,1.020330193523091,-0.4030120675784392,0.0,-0.2566409330855386,-0.4023262465439985
2024-02-19,Ujjain,Madhya Pradesh,Soybean,4127.61,801.3,0.0,22.9,13.77,32.1,-0.897,0.2167657611925515,False,0.7020673269914767,-0.19672405470635557,0.0,-0.2500128422204427,-0.4000381351892458
2024-02-20,Ujjain,Madhya Pradesh,Soybean,4040.49,612.4,0.0,25.87,13.79,23.7,-0.938,0.2198602048459786,False,0.6614022722392852,-0.2453547868061142,0.0,-0.24133749680632063,-0.4313089903708646
2024-02-21,Ujjain,Madhya Pradesh,Soybean,4475.62,983.4,0.0,25.61,11.63,28.8,-0.972,0.22355249603803487,False,0.86450816381781,-0.14984392598551888,0.0,-0.2309860717851756,-0.45724091905806075
2024-02-22,Ujjain,Madhya Pradesh,Soybean,4973.6,841.6,0.0,25.06,11.38,33.4,-0.914,0.22771023889411648,False,1.0969505876641867,-0.1863491552695092,0.0,-0.21932974209901085,-0.41300409953284395
2024-02-23,Ujjain,Madhya Pradesh,Soybean,6251.64,624.4,0.0,25.23,13.59,35.2,-0.934,0.23220103753961965,False,1.6935020864645862,-0.24226548672566367,0.0,-0.20673968268982945,-0.42825817523119464
2024-02-24,Ujjain,Madhya Pradesh,Soybean,4810.25,1538.9,0.0,25.44,13.14,35.4,-0.893,0.23689249609994056,False,1.0207036100038276,-0.006835076427996712,0.0,-0.19358706849963458,-0.3969873200495757
2024-02-25,Ujjain,Madhya Pradesh,Soybean,4810.25,0.0,0.0,26.51,13.52,45.0,-0.922,0.24165221870047546,True,1.0207036100038276,-0.4030120675784392,0.0,-0.18024307447042923,-0.41910572981218425
2024-02-26,Ujjain,Madhya Pradesh,Soybean,5136.73,735.1,0.0,26.11,14.61,34.0,-0.977,0.24634780946662044,False,1.173094875792343,-0.2137666934835076,0.0,-0.16707887554421685,-0.4610544379826485
2024-02-27,Ujjain,Madhya Pradesh,Soybean,4485.62,778.2,0.0,25.26,12.6,36.4,-0.946,0.2508468725237718,False,0.8691758698270148,-0.2026709573612228,0.0,-0.15446564666300025,-0.43741062065020486
2024-02-28,Ujjain,Madhya Pradesh,Soybean,5612.87,1498.3,0.0,25.55,12.17,26.9,-0.938,0.2550170119973257,False,1.3953430297146163,-0.01728720836685435,0.0,-0.14277456276878275,-0.4313089903708646
2024-02-29,Ujjain,Madhya Pradesh,Soybean,4620.86,1169.6,0.0,23.62,14.09,34.8,-0.886,0.2587258320126783,False,0.9323019258954992,-0.1019082864038616,0.0,-0.13237679880356748,-0.391648393555153
2024-03-01,Ujjain,Madhya Pradesh,Soybean,4952.34,803.2,0.0,25.72,11.8,36.7,-0.829,0.2618409366952258,False,1.0870270446886174,-0.19623491552695085,0.0,-0.12364352970935766,-0.3481742778148536
2024-03-02,Ujjain,Madhya Pradesh,Soybean,3965.8,600.8,0.0,24.78,15.11,28.1,-0.85,0.2642299301703645,False,0.6265391760565354,-0.2483411102172164,0.0,-0.11694593042815607,-0.3641910572981218
2024-03-03,Ujjain,Madhya Pradesh,Soybean,3965.8,0.0,0.0,23.67,13.17,30.3,-0.828,0.2657604165634905,True,0.6265391760565354,-0.4030120675784392,0.0,-0.11265517590196626,-0.34741157402993605
2024-03-04,Ujjain,Madhya Pradesh,Soybean,5168.23,718.1,0.0,26.72,14.03,37.4,-0.851,0.2663,False,1.1877981497213377,-0.2181432019308125,0.0,-0.11114244107279117,-0.36495376108303934
2024-03-05,Ujjain,Madhya Pradesh,Soybean,5582.57,1015.2,0.0,25.5,14.14,32.3,-0.813,0.26583602558857683,False,1.381199880506726,-0.14165728077232495,0.0,-0.1124432042254671,-0.33597101725617307
2024-03-06,Ujjain,Madhya Pradesh,Soybean,6281.63,1107.8,0.0,27.72,14.22,34.5,-0.802,0.26452355803068694,False,1.707500536786191,-0.11781818181818178,0.0,-0.11612273782980785,-0.3275812756220803
2024-03-07,Ujjain,Madhya Pradesh,Soybean,4271.79,659.4,0.0,24.71,15.03,37.7,-0.842,0.2624817808408995,False,0.7693663122321903,-0.23325502815768298,0.0,-0.12184690810528342,-0.35808942701878155
2024-03-08,Ujjain,Madhya Pradesh,Soybean,5873.08,1125.0,0.0,25.72,13.55,45.2,-0.882,0.2598298775337838,False,1.5168014077801324,-0.11339018503620268,0.0,-0.12928158127136363,-0.3885975784154829
2024-03-09,Ujjain,Madhya Pradesh,Soybean,5752.22,618.5,46.5,25.7,13.65,47.8,0.143,0.25668703162390905,False,1.4603875129528843,-0.24378439259855184,46.5,-0.1380926235475181,0.393173801124988
2024-03-10,Ujjain,Madhya Pradesh,Soybean,5752.22,0.0,0.0,24.35,15.31,43.8,0.093,0.2531724266258446,True,1.4603875129528843,-0.4030120675784392,0.0,-0.1479459011532165,0.35503861187911145
2024-03-11,Ujjain,Madhya Pradesh,Soybean,5813.09,511.8,0.0,25.85,13.5,25.2,0.033,0.24940524605415962,False,1.4887998394309134,-0.2712534191472244,0.0,-0.15850728030792893,0.30927638478405944
2024-03-12,Ujjain,Madhya Pradesh,Soybean,5463.45,506.5,0.0,25.35,15.45,35.7,-0.125,0.24550467342342341,False,1.3255981665250796,-0.27261786001609006,0.0,-0.16944262723112494,0.18876918676708931
2024-03-13,Ujjain,Madhya Pradesh,Soybean,5617.6,616.1,0.0,24.9,14.14,33.3,-0.258,0.24158989224820523,False,1.3975508546569704,-0.24440225261464193,0.0,-0.1804178081422743,0.08732958337305748
2024-03-14,Ujjain,Madhya Pradesh,Soybean,6485.3,842.4,0.0,25.58,16.39,32.3,-0.358,0.23778008604307432,False,1.8025677050756637,-0.18614320193081252,0.0,-0.1910986892608469,0.011059204881304232
2024-03-15,Ujjain,Madhya Pradesh,Soybean,6485.3,0.0,0.0,25.49,16.35,38.3,-0.458,0.23419443832259995,False,1.8025677050756637,-0.4030120675784392,0.0,-0.2011511368063124,-0.06521117361044905
2024-03-16,Ujjain,Madhya Pradesh,Soybean,6485.3,0.0,0.0,27.88,15.97,33.9,-0.608,0.23095213260135136,False,1.8025677050756637,-0.4030120675784392,0.0,-0.21024101699814066,-0.17961674134807892
2024-03-17,Ujjain,Madhya Pradesh,Soybean,6485.3,0.0,15.56,24.85,15.13,29.5,-0.253,0.22817235239389783,True,1.8025677050756637,-0.4030120675784392,15.56,-0.21803419605580143,0.09114310229764515
2024-03-18,Ujjain,Madhya Pradesh,Soybean,3846.6,906.5,0.0,27.63,15.09,27.1,-0.349,0.22597428121480856,False,0.570900120426815,-0.1696411906677393,0.0,-0.2241965401987646,0.01792353894556203
2024-03-19,Ujjain,Madhya Pradesh,Soybean,4893.23,1349.3,0.0,28.41,16.1,38.6,-0.381,0.22447710257865286,False,1.059436234468208,-0.05564601769911501,0.0,-0.22839391564649977,-0.0064829821717990324
2024-03-20,Ujjain,Madhya Pradesh,Soybean,4854.31,878.0,0.0,27.29,17.35,26.8,-0.454,0.2238,False,1.0412695226803836,-0.17697827835880928,0.0,-0.23029218861847672,-0.06216035847077892
2024-03-21,Ujjain,Madhya Pradesh,Soybean,4415.63,748.4,0.0,29.46,16.46,38.7,-0.501,0.22357885445259712,False,0.8365065954685911,-0.21034271922767495,0.0,-0.2309121753512745,-0.09800743636190294
2024-03-22,Ujjain,Madhya Pradesh,Soybean,4150.01,894.9,0.0,28.6,15.5,35.6,-0.58,0.22337025003519145,False,0.7125229884520955,-0.17262751407884147,0.0,-0.2314970027317639,-0.158261035370388
2024-03-23,Ujjain,Madhya Pradesh,Soybean,4449.71,698.3,0.0,28.92,15.71,34.1,-0.612,0.22317442494985218,False,0.8524141375479607,-0.22324054706355587,0.0,-0.23204600295485303,-0.18266755648774904
2024-03-24,Ujjain,Madhya Pradesh,Soybean,4449.71,0.0,0.0,26.59,17.64,34.6,-0.689,0.22299161739864864,True,0.8524141375479607,-0.4030120675784392,0.0,-0.2325585082154494,-0.24139574792639903
2024-03-25,Ujjain,Madhya Pradesh,Soybean,4706.12,1053.3,0.0,29.34,18.32,37.6,-0.708,0.22282206558365006,False,0.9720987873299788,-0.13184875301689458,0.0,-0.23303385070846103,-0.25588711983983214
2024-03-26,Ujjain,Madhya Pradesh,Soybean,4865.51,693.1,0.0,29.74,15.86,29.1,-0.639,0.22266600770692568,False,1.046497353410693,-0.22457924376508442,0.0,-0.23347136262879573,-0.20326055868052245
2024-03-27,Ujjain,Madhya Pradesh,Soybean,5204.14,1179.8,6.27,27.77,18.27,37.1,-0.497,0.22252368197054476,False,1.2045598820003922,-0.09928238133547865,6.27,-0.23387037617136142,-0.0949566212222328
2024-03-28,Ujjain,Madhya Pradesh,Soybean,4589.95,1123.2,0.0,27.25,18.5,29.3,-0.5660000000000001,0.22239532657657657,False,0.9178740466210475,-0.11385358004827026,0.0,-0.2342302235310658,-0.1475831823815426
2024-03-29,Ujjain,Madhya Pradesh,Soybean,5736.71,900.9,0.0,28.18,18.93,35.8,-0.635,0.22228117972709038,False,1.4531479009326076,-0.17108286403861622,0.0,-0.23455023690281673,-0.2002097435408523
2024-03-30,Ujjain,Madhya Pradesh,Soybean,4770.69,1194.0,0.0,29.92,17.58,38.2,-0.626,0.2221814796241554,False,1.0022381650314134,-0.09562670957361218,0.0,-0.23482974848152216,-0.1933454094765945
2024-03-31,Ujjain,Madhya Pradesh,Soybean,4770.69,0.0,0.0,28.63,17.49,35.8,-0.613,0.22209646446984094,True,1.0022381650314134,-0.4030120675784392,0.0,-0.23506809046208985,-0.1834302602726666
2024-04-01,Ujjain,Madhya Pradesh,Soybean,4597.14,1118.3,0.0,30.22,17.17,38.0,-0.624,0.2220263724662162,False,0.921230127241666,-0.11511504424778758,0.0,-0.2352645950394277,-0.19182000190675946
2024-04-02,Ujjain,Madhya Pradesh,Soybean,4738.405,1116.3,0.0,27.57,18.52,31.5,-0.637,0.22197144181535047,False,0.9871684761806961,-0.11562992759452934,0.0,-0.2354185944084435,-0.20173515111068738
2024-04-03,Ujjain,Madhya Pradesh,Soybean,5122.77,764.9,0.0,30.84,17.23,34.7,-0.669,0.22193191071931306,False,1.1665787582034934,-0.20609493161705547,0.0,-0.23552942076404496,-0.22614167222804846
2024-04-04,Ujjain,Madhya Pradesh,Soybean,6033.51,731.3,0.0,28.51,19.28,33.8,-0.651,0.2219080173801731,False,1.5916854152858038,-0.21474497184231695,0.0,-0.23559640630114026,-0.21241300409953284
2024-04-05,Ujjain,Madhya Pradesh,Soybean,4355.08,953.7,0.0,28.65,17.11,33.5,-0.593,0.2219,False,0.8082436355828564,-0.1574899436846339,0.0,-0.23561888321463684,-0.1681761845743159
2024-04-06,Ujjain,Madhya Pradesh,Soybean,4508.67,1692.8,0.0,30.34,18.18,31.0,-0.603,0.22209541015624998,False,0.8799349321782317,0.03278519710378121,0.0,-0.2350710462549886,-0.17580322242349125
2024-04-07,Ujjain,Madhya Pradesh,Soybean,4508.67,0.0,0.0,28.16,18.3,32.8,-0.686,0.22264765625,True,0.8799349321782317,-0.4030120675784392,0.0,-0.23352281136902614,-0.23910763657164652
2024-04-08,Ujjain,Madhya Pradesh,Soybean,4683.360000000001,725.9,0.0,28.12,19.77,29.4,-0.756,0.22350576171874997,False,0.9614750884530292,-0.21613515687851967,0.0,-0.231117092546223,-0.29249690151587376
2024-04-09,Ujjain,Madhya Pradesh,Soybean,4660.6,1283.9,0.0,29.34,20.4,26.5,-0.723,0.22461874999999998,False,0.9508513895760792,-0.07248270313757033,0.0,-0.22799680377605255,-0.26732767661359513
2024-04-10,Ujjain,Madhya Pradesh,Soybean,4279.16,870.5,0.0,30.74,19.2,31.5,-0.792,0.22593564453124998,False,0.7728064115609742,-0.17890909090909085,0.0,-0.22430485904798828,-0.31995423777290494
2024-04-11,Ujjain,Madhya Pradesh,Soybean,5761.93,1151.0,0.0,32.57,18.83,38.1,-0.786,0.22740546875,False,1.464919855487822,-0.1066967015285599,0.0,-0.22018417235150356,-0.31537801506339974
2024-04-12,Ujjain,Madhya Pradesh,Soybean,4842.76,1424.2,0.0,32.46,20.81,36.2,-0.811,0.22897724609374998,False,1.035878322239752,-0.036363636363636306,0.0,-0.2157776576760721,-0.3344456096863381
2024-04-13,Ujjain,Madhya Pradesh,Soybean,4659.11,436.1,0.0,31.02,17.98,28.7,-0.876,0.23059999999999997,False,0.9501559013807073,-0.29074175382139983,0.0,-0.2112282290111671,-0.38402135570597773
2024-04-14,Ujjain,Madhya Pradesh,Soybean,4659.11,0.0,0.0,29.14,18.04,33.0,-0.823,0.23222275390625,True,0.9501559013807073,-0.4030120675784392,0.0,-0.20667880034626204,-0.3435980551053484
2024-04-15,Ujjain,Madhya Pradesh,Soybean,5144.94,784.3,0.0,31.54,19.72,38.5,-0.784,0.23379453125,False,1.1769270624259,-0.20110056315366046,0.0,-0.2022722856708305,-0.3138526074935647
2024-04-16,Ujjain,Madhya Pradesh,Soybean,5575.92,606.9,21.52,32.47,18.47,39.2,-0.403,0.23526435546875,False,1.3780958560106051,-0.24677071600965403,21.52,-0.19815159897434587,-0.023262465439984763
2024-04-17,Ujjain,Madhya Pradesh,Soybean,5366.23,434.3,0.0,30.99,21.33,27.9,-0.427,0.23658125000000002,False,1.280218728703591,-0.2912051488334674,0.0,-0.1944596542462815,-0.04156735627800552
2024-04-18,Ujjain,Madhya Pradesh,Soybean,4494.24,487.0,0.0,30.12,22.03,46.3,-0.457,0.23769423828125,False,0.8731994324069492,-0.27763797264682216,0.0,-0.19133936547611113,-0.06444846982553151
2024-04-19,Ujjain,Madhya Pradesh,Soybean,4185.95,881.6,0.0,31.04,22.15,34.2,-0.454,0.23855234375,False,0.729298723849177,-0.17605148833467413,0.0,-0.18893364665330795,-0.06216035847077892
2024-04-20,Ujjain,Madhya Pradesh,Soybean,4185.95,0.0,0.0,33.42,20.39,29.2,-0.49,0.23910458984375002,False,0.729298723849177,-0.4030120675784392,0.0,-0.18738541176734547,-0.08961769472781007
2024-04-21,Ujjain,Madhya Pradesh,Soybean,4185.95,0.0,0.0,31.69,22.4,35.9,-0.449,0.2393,True,0.729298723849177,-0.4030120675784392,0.0,-0.18683757480769722,-0.058346839546191256
2024-04-22,Ujjain,Madhya Pradesh,Soybean,4564.17,878.6,0.0,33.93,19.42,34.6,-0.503,0.23897578125000002,False,0.9058407005293179,-0.17682381335478675,0.0,-0.18774652968327551,-0.099532843931738
2024-04-23,Ujjain,Madhya Pradesh,Soybean,4769.2,667.1,0.0,31.88,22.44,27.3,-0.558,0.23805500000000002,False,1.001542676836042,-0.2312727272727272,0.0,-0.1903279615299179,-0.14148155210220234
2024-04-24,Ujjain,Madhya Pradesh,Soybean,4630.38,1335.2,0.0,31.34,22.04,35.5,-0.648,0.23661546875000003,False,0.9367455820162623,-0.05927594529364435,0.0,-0.19436372117748552,-0.21012489274478025
2024-04-25,Ujjain,Madhya Pradesh,Soybean,6587.596800000006,684.0,0.0,32.73,20.39,39.9,-0.724,0.234735,False,1.8503168438839075,-0.2269219629927594,0.0,-0.19963565945583975,-0.2680903803985127
2024-04-26,Ujjain,Madhya Pradesh,Soybean,5152.9,1439.6,0.0,32.96,22.66,33.8,-0.796,0.23249140625,False,1.1806425564092269,-0.03239903459372483,0.0,-0.20592562719484156,-0.3230050529125751
2024-04-27,Ujjain,Madhya Pradesh,Soybean,4045.5,841.1,0.0,31.16,22.74,24.7,-0.788,0.22996250000000001,False,0.6637407929498969,-0.18647787610619465,0.0,-0.21301547522435227,-0.31690342263323484
2024-04-28,Ujjain,Madhya Pradesh,Soybean,4045.5,0.0,0.0,31.78,21.5,36.7,-0.809,0.22722609375,True,0.6637407929498969,-0.4030120675784392,0.0,-0.22068705437423317,-0.33292020211650303
2024-04-29,Ujjain,Madhya Pradesh,Soybean,5082.99,659.6,0.0,32.25,22.95,38.0,-0.793,0.22436,False,1.1480106236988767,-0.2332035398230088,0.0,-0.22872221547434532,-0.3207169415578225
2024-04-30,Ujjain,Madhya Pradesh,Soybean,5082.99,0.0,0.0,32.09,23.31,32.1,-0.868,0.22144203125,False,1.1480106236988767,-0.4030120675784392,0.0,-0.23690280935455002,-0.3779197254266374
2024-05-01,Ujjain,Madhya Pradesh,Soybean,5011.53,1084.4,27.05,33.27,23.35,40.2,-0.329,0.21855,False,1.1146551965570999,-0.12384231697506026,27.05,-0.2450106868447085,0.03317761464391265
2024-05-02,Ujjain,Madhya Pradesh,Soybean,5184.32,651.6,0.0,36.24,22.68,46.3,-0.44,0.21576171875,False,1.1953084886901482,-0.2352630732099758,0.0,-0.25282769877468186,-0.051482505481933456
2024-05-03,Ujjain,Madhya Pradesh,Soybean,5556.43,886.2,31.49,34.35,21.18,41.2,0.317,0.213155,False,1.3689984969986653,-0.1748672566371681,31.49,-0.26013569597433134,0.5258842597006387
2024-05-04,Ujjain,Madhya Pradesh,Soybean,3754.81,372.3,0.0,35.04,21.8,29.4,0.17,0.21080765625,False,0.528055246968325,-0.30716653258246174,0.0,-0.2667165292735183,0.41376680331776144
2024-05-05,Ujjain,Madhya Pradesh,Soybean,3754.81,0.0,14.61,33.98,23.88,39.5,0.361,0.2087975,True,0.528055246968325,-0.4030120675784392,14.61,-0.27235204950210373,0.5594432262370101
2024-05-06,Ujjain,Madhya Pradesh,Soybean,5866.37,653.7,0.0,33.99,23.76,37.9,0.213,0.20720234375000002,False,1.513669377047956,-0.23472244569589695,0.0,-0.27682410748994896,0.44656306606921536
2024-05-07,Ujjain,Madhya Pradesh,Soybean,6272.86,648.1,0.0,32.79,23.56,37.7,0.177,0.2061,False,1.7034069586161182,-0.23616411906677387,0.0,-0.2799145540669152,0.41910572981218414
2024-05-08,Ujjain,Madhya Pradesh,Soybean,4056.88,1299.6,0.0,35.1,21.92,22.7,-0.038,0.20527729492187502,False,0.6690526423883719,-0.0684408688656476,0.0,-0.28222102706369506,0.25512441605491465
2024-05-09,Ujjain,Madhya Pradesh,Soybean,4719.67,435.0,0.0,35.18,24.9,31.7,-0.137,0.204472421875,False,0.9784235289724512,-0.29102493966210774,0.0,-0.28447750754231826,0.17961674134807892
2024-05-10,Ujjain,Madhya Pradesh,Soybean,4784.64,515.7,0.0,33.87,24.41,40.8,-0.314,0.20369024414062503,False,1.0087496149142543,-0.270249396621078,0.0,-0.28667036117965083,0.044618171417675656
2024-05-11,Ujjain,Madhya Pradesh,Soybean,5296.05,995.9,0.0,36.75,23.26,36.6,-0.513,0.20293562500000004,False,1.2474607679309928,-0.1466259050683829,0.0,-0.2887859536525593,-0.10715988178091335
2024-05-12,Ujjain,Madhya Pradesh,Soybean,5296.05,0.0,0.0,35.68,22.59,28.8,-0.594,0.202213427734375,True,1.2474607679309928,-0.4030120675784392,0.0,-0.29081065063791006,-0.16893888835923346
2024-05-13,Ujjain,Madhya Pradesh,Soybean,4359.9,752.1,0.0,35.14,25.57,41.2,-0.599,0.201528515625,False,0.8104934698792929,-0.2093901850362027,0.0,-0.29273081781256927,-0.17275240728382113
2024-05-14,Ujjain,Madhya Pradesh,Soybean,4968.49,1743.5,0.0,34.43,25.47,39.8,-0.673,0.200885751953125,False,1.0945653898934828,0.04583748994368468,0.0,-0.2945328208534032,-0.22919248736771858
2024-05-15,Ujjain,Madhya Pradesh,Soybean,4597.76,1055.1,8.31,36.4,25.62,36.0,-0.491,0.20029,False,0.9215195250142366,-0.131385358004827,8.31,-0.29620302543727833,-0.09038039851272761
2024-05-16,Ujjain,Madhya Pradesh,Soybean,5215.5,1304.1,0.0,37.45,26.49,39.4,-0.526,0.199746123046875,False,1.2098623960268486,-0.06728238133547866,0.0,-0.2977277972410609,-0.11707503098484127
2024-05-17,Ujjain,Madhya Pradesh,Soybean,4304.65,835.1,6.31,35.48,24.6,46.9,-0.435,0.199258984375,False,0.784704394178437,-0.1880225261464199,6.31,-0.2990935019416173,-0.047668986557345784
2024-05-18,Ujjain,Madhya Pradesh,Soybean,4178.78,702.8,6.69,35.34,24.51,31.7,-0.265,0.198833447265625,False,0.7259519786405773,-0.22208205953338694,6.69,-0.30028650521581385,0.08199065687863474
2024-05-19,Ujjain,Madhya Pradesh,Soybean,4178.78,0.0,0.0,36.85,24.89,37.8,-0.368,0.198474375,True,0.7259519786405773,-0.4030120675784392,0.0,-0.3012931727405168,0.0034321670321288997
2024-05-20,Ujjain,Madhya Pradesh,Soybean,6587.596800000006,1176.2,0.0,35.34,26.89,44.9,-0.402,0.19818663085937502,False,1.8503168438839075,-0.10020917135961378,0.0,-0.3020998701925925,-0.022499761655067233
2024-05-21,Ujjain,Madhya Pradesh,Soybean,6225.06,1114.2,0.0,37.79,27.04,38.3,-0.558,0.19797507812500004,False,1.6810953238921202,-0.11617055510860815,0.0,-0.3026929632489073,-0.14148155210220234
2024-05-22,Ujjain,Madhya Pradesh,Soybean,4775.52,787.5,0.0,37.65,26.69,31.2,-0.585,0.197844580078125,False,1.0044926670338596,-0.20027674979887364,0.0,-0.3030588175863277,-0.16207455429497566
2024-05-23,Ujjain,Madhya Pradesh,Soybean,5592.34,1002.8,0.0,35.46,26.55,36.2,-0.63,0.1978,False,1.3857602292777191,-0.14484955752212386,0.0,-0.30318379888171965,-0.19639622461626466
2024-05-24,Ujjain,Madhya Pradesh,Soybean,4382.89,1190.8,0.0,35.37,24.95,41.8,-0.723,0.19809532670798982,False,0.821224525994455,-0.096450522928399,0.0,-0.3023558435240612,-0.26732767661359513
2024-05-25,Ujjain,Madhya Pradesh,Soybean,5181.22,698.0,0.0,38.13,27.28,29.9,-0.713,0.198946928043162,False,1.193861499827295,-0.22331777956556714,0.0,-0.2999683591924063,-0.25970063876441984
2024-05-26,Ujjain,Madhya Pradesh,Soybean,5181.22,0.0,0.0,36.8,27.82,34.8,-0.77,0.20030323582232057,True,1.193861499827295,-0.4030120675784392,0.0,-0.29616591849873586,-0.3031747545047192
2024-05-27,Ujjain,Madhya Pradesh,Soybean,5754.71,994.2,0.0,35.99,26.73,33.8,-0.678,0.20211268186226963,False,1.461549771749176,-0.14706355591311338,0.0,-0.29109309405503064,-0.23300600629230625
2024-05-28,Ujjain,Madhya Pradesh,Soybean,5649.12,454.7,0.0,39.15,26.78,31.8,-0.837,0.2043236979798133,False,1.4122634639979834,-0.2859533386967015,0.0,-0.28489445847327133,-0.35427590809419385
2024-05-29,Ujjain,Madhya Pradesh,Soybean,6455.65,1001.0,0.0,37.28,26.79,36.2,-0.822,0.20688471599175556,False,1.7887279567583714,-0.14531295253419144,0.0,-0.277714584365439,-0.34283535132043086
2024-05-30,Ujjain,Madhya Pradesh,Soybean,4675.45,573.7,0.0,38.06,25.6,34.5,-0.821,0.2097441677149006,False,0.9577829329997478,-0.2553177795655671,0.0,-0.2696980443435142,-0.3420726475355133
2024-05-31,Ujjain,Madhya Pradesh,Soybean,6023.08,1182.7,0.0,37.19,28.28,38.2,-0.839,0.21285048496605236,False,1.586816997918203,-0.09853580048270308,0.0,-0.2609894110194779,-0.35580131566402895
2024-06-01,Ujjain,Madhya Pradesh,Soybean,5183.83,1804.1,18.88,39.07,26.28,46.4,-0.462,0.21615209956201503,False,1.1950797710956973,0.0614384553499598,18.88,-0.2517332570053108,-0.06826198875011918
2024-06-02,Ujjain,Madhya Pradesh,Soybean,5183.83,0.0,0.0,37.72,27.68,28.6,-0.502,0.21959744331959263,True,1.1950797710956973,-0.4030120675784392,0.0,-0.24207415491299372,-0.09877014014682048
2024-06-03,Ujjain,Madhya Pradesh,Soybean,5063.36,530.6,0.0,40.84,27.9,35.3,-0.481,0.22313494805558926,False,1.1388479168028078,-0.26641351568785193,0.0,-0.23215667735450748,-0.08275336066355228
2024-06-04,Ujjain,Madhya Pradesh,Soybean,6126.83,799.2,0.0,39.77,25.84,34.7,-0.495,0.22671304558680894,False,1.635244447763702,-0.19726468222043436,0.0,-0.222125396941833,-0.09343121365239775
2024-06-05,Ujjain,Madhya Pradesh,Soybean,4742.62,775.8,8.45,37.34,28.35,38.6,-0.509,0.23028016773005577,False,0.9891359142635759,-0.2032888173773129,8.45,-0.21212488628695098,-0.10410906664124321
2024-06-06,Ujjain,Madhya Pradesh,Soybean,4777.01,1073.1,0.0,38.71,27.09,34.9,-0.609,0.23378474630213386,False,1.0051881552292312,-0.12675140788415123,0.0,-0.2022997180018422,-0.18037944513299645
2024-06-07,Ujjain,Madhya Pradesh,Soybean,3618.53,924.5,0.0,38.68,28.49,30.1,-0.699,0.23717521311984724,False,0.4644437494748832,-0.1650072405470635,0.0,-0.19279446469848754,-0.24902278577557435
2024-06-08,Ujjain,Madhya Pradesh,Soybean,4734.06,768.1,62.32,39.46,27.78,61.0,0.65,0.2404,False,0.985140357919697,-0.20527111826226865,62.32,-0.18375369898886776,0.779864620078177
2024-06-09,Ujjain,Madhya Pradesh,Soybean,4734.06,0.0,0.0,40.96,26.91,44.4,0.506,0.24356860876788464,True,0.985140357919697,-0.4030120675784392,0.0,-0.1748704299355854,0.6700352750500524
2024-06-10,Ujjain,Madhya Pradesh,Soybean,4344.27,575.7,0.0,39.9,26.69,37.7,0.406,0.24682416791206518,False,0.8031978453869064,-0.25480289621882535,0.0,-0.1657433934614875,0.5937648965582991
2024-06-11,Ujjain,Madhya Pradesh,Soybean,4197.86,1140.3,0.0,37.65,26.94,38.0,0.292,0.25016554924425294,False,0.7348579617061398,-0.10945132743362829,0.0,-0.1563757524689219,0.5068166650777004
2024-06-12,Ujjain,Madhya Pradesh,Soybean,3730.72,1503.6,0.0,40.43,27.94,35.7,0.196,0.2535916245761592,False,0.5168107431921507,-0.015922767497988714,0.0,-0.14677066986023649,0.4335971017256173
2024-06-13,Ujjain,Madhya Pradesh,Soybean,4454.97,561.6,105.32,37.62,29.21,98.0,2.265,0.25710126571949526,False,0.8548693509088025,-0.25843282381335475,105.32,-0.13693130853777896,2.0116312327199926
2024-06-14,Ujjain,Madhya Pradesh,Soybean,5899.89,491.7,0.0,41.19,27.86,57.8,1.978,0.2606933444859726,False,1.5293155275908104,-0.27642799678197905,0.0,-0.1268608314038968,1.7927352464486603
2024-06-15,Ujjain,Madhya Pradesh,Soybean,3929.87,742.9,10.52,40.77,27.79,73.1,1.856,0.2643667326873023,False,0.6097681083654627,-0.21175864843121475,10.52,-0.11656240136093829,1.6996853846887214
2024-06-16,Ujjain,Madhya Pradesh,Soybean,3929.87,0.0,7.13,39.25,30.33,69.3,1.746,0.2681203021351959,True,0.6097681083654627,-0.4030120675784392,7.13,-0.10603918131125083,1.615787968347793
2024-06-17,Ujjain,Madhya Pradesh,Soybean,5470.44,548.1,44.45,39.27,28.92,84.1,2.317,0.2719529246413646,False,1.3288608930255135,-0.26190828640386155,44.45,-0.0952943341571822,2.051291829535704
2024-06-18,Ujjain,Madhya Pradesh,Soybean,6587.596800000006,525.1,0.0,41.63,27.59,75.5,1.925,0.27586347201751976,False,1.8503168438839075,-0.26782944489139177,0.0,-0.08433102280108035,1.752311945848031
2024-06-19,Ujjain,Madhya Pradesh,Soybean,5594.59,802.4,0.0,41.65,28.91,70.1,1.648,0.2798508160753726,False,1.3868104631297904,-0.19644086886564757,0.0,-0.07315241014529317,1.5410429974258744
2024-06-20,Ujjain,Madhya Pradesh,Soybean,5529.83,744.6,0.0,39.8,29.62,72.4,1.656,0.28391382862663467,False,1.3565823990141805,-0.21132099758648426,0.0,-0.06176165909216781,1.5471446277052148
2024-06-21,Ujjain,Madhya Pradesh,Soybean,5094.07,981.4,19.01,39.64,27.74,68.7,1.724,0.2880513814830171,False,1.1531824419570755,-0.15035880933226062,19.01,-0.050161932544052525,1.599008485079607
2024-06-22,Ujjain,Madhya Pradesh,Soybean,4839.44,708.4,0.0,40.89,30.33,69.5,1.493,0.29226234645623117,False,1.034328643844696,-0.22064038616251003,0.0,-0.03835639340329538,1.422823910763657
2024-06-23,Ujjain,Madhya Pradesh,Soybean,4839.44,0.0,0.0,38.48,30.22,73.4,1.146,0.2965455953579884,True,1.034328643844696,-0.4030120675784392,0.0,-0.026348204572243367,1.1581656973972732
2024-06-24,Ujjain,Madhya Pradesh,Soybean,5764.09,861.1,0.0,38.89,28.62,65.8,0.907,0.3009,False,1.4659280799858103,-0.1813290426387771,0.0,-0.014140528953244726,0.975879492801983
2024-06-25,Ujjain,Madhya Pradesh,Soybean,4956.84,599.4,4.64,39.16,29.86,61.4,0.835,0.30528677997454967,False,1.0891275123927595,-0.2487015285599356,4.64,-0.0018420883295726708,0.9209648202879206
2024-06-26,Ujjain,Madhya Pradesh,Soybean,5799.82,1041.5,0.0,39.49,28.66,81.4,0.755,0.3096826881185777,False,1.4826057935566985,-0.1348865647626709,0.0,0.010481943331485244,0.859948517494518
2024-06-27,Ujjain,Madhya Pradesh,Soybean,4964.21,487.3,0.0,41.03,30.67,71.7,0.538,0.3141098961107801,False,1.0925676117215433,-0.2775607401448109,0.0,0.022893724851559598,0.6944417961674135
2024-06-28,Ujjain,Madhya Pradesh,Soybean,4889.04,410.6,0.0,43.25,30.41,68.9,0.358,0.31859057562985305,False,1.0574804656503514,-0.2973065164923572,0.0,0.035455415052281114,0.5571551148822576
2024-06-29,Ujjain,Madhya Pradesh,Soybean,4908.58,500.5,44.55,41.79,30.8,90.3,1.151,0.3231468983544926,False,1.0666011631923376,-0.2741625100563153,44.55,0.04822917275528054,1.161979216321861
2024-06-30,Ujjain,Madhya Pradesh,Soybean,4908.58,0.0,0.0,39.18,28.07,70.7,0.926,0.32780103596339477,True,1.0666011631923376,-0.4030120675784392,0.0,0.061277156782188126,0.990370864715416
2024-07-01,Ujjain,Madhya Pradesh,Soybean,4932.89,802.0,0.0,41.33,30.04,76.7,0.749,0.3325751601352557,False,1.0779483565007144,-0.19654384553499593,0.0,0.07466152595463477,0.8553722947850128
2024-07-02,Ujjain,Madhya Pradesh,Soybean,5745.75,934.9,13.09,41.25,30.34,80.2,0.904,0.3374914425487714,False,1.4573675071649288,-0.1623298471440064,13.09,0.08844443909425104,0.9735913814472303
2024-07-03,Ujjain,Madhya Pradesh,Soybean,4900.96,735.3,0.0,39.72,31.52,63.6,0.739,0.34257205488263803,False,1.0630443712133235,-0.21371520514883344,0.0,0.10268805502266766,0.8477452569358375
2024-07-04,Ujjain,Madhya Pradesh,Soybean,4971.58,670.3,0.0,43.26,31.08,72.3,0.522,0.34783916881555155,False,1.0960077110503272,-0.23044891391794042,0.0,0.11745453256151492,0.6822385356087329
2024-07-05,Ujjain,Madhya Pradesh,Soybean,4675.32,1498.4,40.26,41.14,30.18,90.7,1.275,0.3533149560262082,False,0.9577222528216282,-0.017261464199517226,40.26,0.132806030532424,1.2565544856516349
2024-07-06,Ujjain,Madhya Pradesh,Soybean,5184.65,1375.8,0.0,43.68,31.46,65.0,1.027,0.359021588193304,False,1.195462522988452,-0.04882381335478677,0.0,0.14880470775702517,1.0674039469920868
2024-07-07,Ujjain,Madhya Pradesh,Soybean,5184.65,0.0,7.16,41.13,29.95,67.2,1.001,0.364981236995535,True,1.195462522988452,-0.4030120675784392,7.16,0.16551272305694917,1.047573648584231
2024-07-08,Ujjain,Madhya Pradesh,Soybean,4077.6,1035.2,0.0,42.01,30.18,65.9,0.827,0.37121607411159724,False,0.6787241292394439,-0.1365084473049074,0.0,0.18299223525382657,0.9148631900085804
2024-07-09,Ujjain,Madhya Pradesh,Soybean,5154.08,1074.4,7.5,39.78,29.13,76.7,0.883,0.3777482712201869,False,1.1811933457183132,-0.12641673370876905,7.5,0.20130540316928808,0.9575746019639623
2024-07-10,Ujjain,Madhya Pradesh,Soybean,6386.31,714.8,0.0,41.39,29.53,71.4,0.657,0.3846,False,1.7563620832905462,-0.21899275945293642,0.0,0.2205143856249643,0.7852035465725998
2024-07-11,Ujjain,Madhya Pradesh,Soybean,4647.65,1007.6,52.31,40.44,30.31,76.0,1.576,0.3920534019348019,False,0.9448067102941586,-0.14361383748994364,52.31,0.24141017289292135,1.4861283249118125
2024-07-12,Ujjain,Madhya Pradesh,Soybean,4183.21,697.8,0.0,43.16,31.11,71.7,1.312,0.40032069316702773,False,0.728019772402655,-0.2233692679002413,0.0,0.2645877179095417,1.2847745256935836
2024-07-13,Ujjain,Madhya Pradesh,Soybean,4946.105,679.4,0.0,42.95,29.37,68.7,1.123,0.4093191573633779,False,1.084116729991878,-0.22810619469026544,0.0,0.2898151234929302,1.14062351034417
2024-07-14,Ujjain,Madhya Pradesh,Soybean,4965.45,0.0,30.31,43.15,29.46,78.5,1.545,0.41896607819055304,True,1.0931464072666845,-0.4030120675784392,30.31,0.31686049246119224,1.4624845075793687
2024-07-15,Ujjain,Madhya Pradesh,Soybean,5521.43,1165.5,35.73,42.71,31.42,76.5,2.103,0.4291787393152537,False,1.3526615259664487,-0.10296379726468217,35.73,0.3454919276324327,1.888073219563352
2024-07-16,Ujjain,Madhya Pradesh,Soybean,4367.31,1088.1,0.0,43.22,28.77,71.7,1.79,0.43987442440418045,False,0.813952240032114,-0.12288978278358807,0.0,0.3754775318247569,1.6493469348841643
2024-07-17,Ujjain,Madhya Pradesh,Soybean,4842.08,940.3,33.43,40.39,31.76,85.3,2.185,0.4509704171240337,False,1.035560918231126,-0.16093966210780367,33.43,0.40658540785626934,1.9506149299265898
2024-07-18,Ujjain,Madhya Pradesh,Soybean,5881.43,914.9,0.0,41.52,31.8,66.8,1.855,0.4623840011415141,False,1.5206989422978183,-0.16747868061142393,0.0,0.4385836585450756,1.6989226809038038
2024-07-19,Ujjain,Madhya Pradesh,Soybean,4922.15,572.4,54.69,42.61,31.34,78.0,2.688,0.47403246012332223,False,1.0729352402468282,-0.25565245374094925,54.69,0.47124038670928053,2.334254933740109
2024-07-20,Ujjain,Madhya Pradesh,Soybean,4929.15,1213.2,0.0,42.37,28.82,68.5,2.279,0.4858330777361586,False,1.0762026344532714,-0.09068382944489134,0.0,0.5043236951669893,2.0223090857088377
2024-07-21,Ujjain,Madhya Pradesh,Soybean,4929.15,0.0,6.91,42.72,30.18,75.9,1.993,0.4977031376467237,True,1.0762026344532714,-0.4030120675784392,6.91,0.5376016867363068,1.8041758032224233
2024-07-22,Ujjain,Madhya Pradesh,Soybean,5390.05,1588.4,0.0,40.51,29.24,67.9,1.65,0.5095599235217181,False,1.291337204417517,0.005908286403861695,0.0,0.5708424642353382,1.5425684049957096
2024-07-23,Ujjain,Madhya Pradesh,Soybean,4322.84,1252.4,0.0,39.94,31.19,62.5,1.409,0.5213207190278424,False,0.7931949514091805,-0.08059211584875295,0.0,0.6038141304821887,1.3587567928305844
2024-07-24,Ujjain,Madhya Pradesh,Soybean,5641.87,1563.5,0.0,43.61,30.27,73.8,1.184,0.5329028078317971,False,1.4088793771413102,-0.0005020112630731631,0.0,0.6362847882949632,1.1871484412241395
2024-07-25,Ujjain,Madhya Pradesh,Soybean,4959.32,1252.0,0.0,41.99,30.72,77.1,0.978,0.5442234736002829,False,1.090285103483042,-0.08069509251810132,0.0,0.6680225404917671,1.030031461531128
2024-07-26,Ujjain,Madhya Pradesh,Soybean,5018.51,1376.4,33.41,40.15,29.06,80.1,1.498,0.5552,False,1.117913255351525,-0.04866934835076421,33.41,0.6987954898907047,1.4266374296882447
2024-07-27,Ujjain,Madhya Pradesh,Soybean,5365.0,1843.5,47.87,43.01,31.86,76.3,2.261,0.566348761739414,False,1.279644600864459,0.07158165728077237,47.87,0.7300513051071322,2.008580417580322
2024-07-28,Ujjain,Madhya Pradesh,Soybean,5365.0,0.0,17.1,43.54,31.07,73.5,2.186,0.5781440582697374,True,1.279644600864459,-0.4030120675784392,17.1,0.7631196957851213,1.9513776337115072
2024-07-29,Ujjain,Madhya Pradesh,Soybean,6116.01,1672.6,0.0,40.16,31.37,70.8,1.811,0.5904400603717922,False,1.6301939898617426,0.027584875301689484,0.0,0.7975918262858519,1.6653637143674325
2024-07-30,Ujjain,Madhya Pradesh,Soybean,5977.1,1255.5,0.0,43.06,28.87,66.0,1.504,0.6030909388264001,False,1.56535488568788,-0.07979404666130326,0.0,0.8330588609705033,1.43121365239775
2024-07-31,Ujjain,Madhya Pradesh,Soybean,4048.13,1449.9,0.0,43.55,30.21,78.3,1.548,0.6159508644143831,False,0.6649683996303177,-0.029747385358004756,0.0,0.8691119642002556,1.4647726189341215
2024-08-01,Ujjain,Madhya Pradesh,Soybean,4682.55,2748.0,19.53,43.54,30.4,71.3,1.583,0.6288740079165631,False,0.9610970042662834,0.3044376508447305,19.53,0.905342300336289,1.491467251406235
2024-08-02,Ujjain,Madhya Pradesh,Soybean,5386.3,2042.3,0.0,43.4,30.21,70.1,1.358,0.6417145401137617,False,1.2895868146640652,0.12276106194690269,0.0,0.9413410337397823,1.3198588997997902
2024-08-03,Ujjain,Madhya Pradesh,Soybean,4194.22,1402.4,10.38,41.71,28.35,72.0,1.322,0.6543266317868011,False,0.7331589167187895,-0.04197586484312141,10.38,0.9766993287719159,1.292401563542759
2024-08-04,Ujjain,Madhya Pradesh,Soybean,4194.22,0.0,3.56,40.81,28.74,74.1,1.152,0.6665644537165029,True,0.7331589167187895,-0.4030120675784392,3.56,1.0110083497938696,1.1627419201067783
2024-08-05,Ujjain,Madhya Pradesh,Soybean,4292.49,1171.0,27.64,39.2,29.2,78.2,1.542,0.6782821766836891,False,0.779028463671244,-0.10154786806114235,27.64,1.043859261166823,1.4601963962246163
2024-08-06,Ujjain,Madhya Pradesh,Soybean,4692.0,1766.0,0.0,39.4,30.61,69.0,1.2,0.6893339714691813,False,0.9655079864449818,0.05162992759452941,0.0,1.0748432272519552,1.19935170178282
2024-08-07,Ujjain,Madhya Pradesh,Soybean,3122.0757000000003,1424.0,0.0,41.01,31.0,66.0,0.933,0.6995740088538015,False,0.23271347753433116,-0.03641512469831049,0.0,1.1035514124104464,0.9957097912098389
2024-08-08,Ujjain,Madhya Pradesh,Soybean,4067.98,2427.8,0.0,40.83,28.3,70.2,0.807,0.7088564596183717,False,0.6742337960585891,0.2220048270313758,0.0,1.129574981003477,0.8996091143102297
2024-08-09,Ujjain,Madhya Pradesh,Soybean,3700.66,2023.6,11.84,39.81,30.0,72.3,0.838,0.7170354945437137,False,0.5027796189284813,0.11794690265486728,11.84,1.1525050973922264,0.9232529316426732
2024-08-10,Ujjain,Madhya Pradesh,Soybean,5564.22,2491.7,0.0,40.7,30.45,65.6,0.622,0.7239652844106492,False,1.3726346399798357,0.23845534995977474,0.0,1.1719329259378737,0.7585089141004862
2024-08-11,Ujjain,Madhya Pradesh,Soybean,5564.22,0.0,0.0,39.65,29.72,70.8,0.409,0.7295,True,1.3726346399798357,-0.4030120675784392,0.0,1.187449631001599,0.5960530079130517
2024-08-12,Ujjain,Madhya Pradesh,Soybean,4909.4,2094.4,5.19,42.62,28.09,73.4,0.329,0.7342407175661388,False,1.0669839150850922,0.13617377312952542,5.19,1.200740343970795,0.5350367051196492
2024-08-13,Ujjain,Madhya Pradesh,Soybean,4778.67,2215.7,0.0,40.08,29.89,68.3,0.253,0.7388698295029614,False,1.005962994426759,0.1674014481094127,0.0,1.2137181679386333,0.4770712174659166
2024-08-14,Ujjain,Madhya Pradesh,Soybean,4778.67,0.0,0.0,41.37,29.21,74.7,-0.02,0.7433634808005743,False,1.005962994426759,-0.4030120675784392,0.0,1.226316224824961,0.26885308418343024
2024-08-15,Ujjain,Madhya Pradesh,Soybean,4079.92,2077.2,8.69,40.87,28.3,73.9,0.043,0.7476978164490843,False,0.6798070370335796,0.13174577634754625,8.69,1.238467636549625,0.3169034226332348
2024-08-16,Ujjain,Madhya Pradesh,Soybean,5578.51,2922.6,131.31,38.77,29.54,98.0,2.786,0.7518489814385979,False,1.3793047918669892,0.3493869670152856,131.31,1.250105525032473,2.4089999046620267
2024-08-17,Ujjain,Madhya Pradesh,Soybean,4730.8,3111.6,146.21,42.71,30.15,98.0,5.605,0.755793120759222,False,0.9836186857606961,0.39804344328238134,146.21,1.2611630121933524,4.559061874344551
2024-08-18,Ujjain,Madhya Pradesh,Soybean,4730.8,0.0,0.0,40.76,27.41,73.8,4.767,0.759506379401063,True,0.9836186857606961,-0.4030120675784392,0.0,1.27157321995211,3.9199161025836586
2024-08-19,Ujjain,Madhya Pradesh,Soybean,5251.53,3879.0,27.71,39.78,27.46,83.3,4.618,0.7629649023542278,False,1.226680140778013,0.5956041834271923,27.71,1.281269270228593,3.8062732386309466
2024-08-20,Ujjain,Madhya Pradesh,Soybean,4991.77,1996.7,43.25,38.94,27.78,85.0,4.848,0.7661448346088229,False,1.1054318094829116,0.11102172164119073,43.25,1.2901842849426493,3.9816951091619783
2024-08-21,Ujjain,Madhya Pradesh,Soybean,4825.39,2331.3,0.0,39.67,28.24,58.3,4.206,0.7690223211549552,False,1.0277705169017637,0.19716170555108617,0.0,1.2982513860141263,3.492039279244923
2024-08-22,Ujjain,Madhya Pradesh,Soybean,4760.77,2537.1,37.6,38.16,29.53,86.7,4.42,0.771573506982731,False,0.9976078006702828,0.2501432019308126,37.6,1.3054036953628703,3.6552578892172747
2024-08-23,Ujjain,Madhya Pradesh,Soybean,4549.56,4116.3,0.0,39.61,27.28,70.3,3.7935,0.7737745370822573,False,0.89902118204987,0.6566950925181014,0.0,1.3115743349087294,3.1774239679664404
2024-08-24,Ujjain,Madhya Pradesh,Soybean,4894.72,3764.7,0.0,40.28,29.42,71.8,3.167,0.7756015564436407,False,1.0601317226635798,0.566178600160901,0.0,1.3166964265715508,2.6995900467156067
2024-08-25,Ujjain,Madhya Pradesh,Soybean,4894.72,0.0,0.0,41.72,27.49,72.7,2.776,0.7770307100569879,True,1.0601317226635798,-0.4030120675784392,0.0,1.320703092271182,2.401372866812851
2024-08-26,Ujjain,Madhya Pradesh,Soybean,4243.44,8940.8,0.0,40.79,26.99,79.7,2.358,0.7780381429124054,False,0.7561333656960948,1.8987224456958969,0.0,1.3235274539274695,2.082562684717323
2024-08-27,Ujjain,Madhya Pradesh,Soybean,4929.51,2349.6,0.0,38.11,27.99,67.3,1.985,0.7786,False,1.0763706718696031,0.20187288817377316,0.0,1.3251026334602614,1.7980741729430831
2024-08-28,Ujjain,Madhya Pradesh,Soybean,4689.61,4961.7,38.54,38.17,27.19,79.0,2.491,0.7789224665823699,False,0.9643924047087816,0.8743362831858407,38.54,1.3260066760927622,2.1840022881113548
2024-08-29,Ujjain,Madhya Pradesh,Soybean,5320.31,6224.0,0.0,39.33,27.13,65.7,2.116,0.7792273362235066,False,1.2587846227093236,1.1993049074818987,0.0,1.3268613852874866,1.89798836876728
2024-08-30,Ujjain,Madhya Pradesh,Soybean,3471.78,4132.3,10.23,38.18,29.12,67.7,1.91,0.7795141663656069,False,0.395945163789804,0.6608141592920355,10.23,1.3276655203232455,1.740871389074268
2024-08-31,Ujjain,Madhya Pradesh,Soybean,4477.42,6914.5,0.0,37.32,27.36,67.6,1.772,0.7797825144508671,False,0.865348350899467,1.3770683829444892,0.0,1.3284178404788483,1.6356182667556485
2024-09-01,Ujjain,Madhya Pradesh,Soybean,4477.42,0.0,0.0,40.71,29.26,60.7,1.449,0.7800319379214835,True,0.865348350899467,-0.4030120675784392,0.0,1.329117105033105,1.3892649442272857
2024-09-02,Ujjain,Madhya Pradesh,Soybean,4107.78,6329.7,0.0,37.06,27.7,72.1,1.147,0.7802619942196531,False,0.6928112659752237,1.2265164923572003,0.0,1.3297620732648276,1.1589284011821908
2024-09-03,Ujjain,Madhya Pradesh,Soybean,4755.26,2883.4,15.1,40.6,28.8,84.5,1.275,0.7804722407875722,False,0.9950358946592109,0.3392952534191473,15.1,1.3303515044528251,1.2565544856516349
2024-09-04,Ujjain,Madhya Pradesh,Soybean,4755.26,0.0,11.07,37.4,27.79,83.6,1.224,0.7806622350674374,False,0.9950358946592109,-0.4030120675784392,11.07,1.330884157875909,1.217656592620841
2024-09-05,Ujjain,Madhya Pradesh,Soybean,4438.5,6644.4,0.0,41.02,26.22,65.7,0.956,0.780831534501445,False,0.8471816391116422,1.3075333869670152,0.0,1.331358792812889,1.013251978262942
2024-09-06,Ujjain,Madhya Pradesh,Soybean,4354.5,3934.6,0.0,39.23,25.56,68.6,0.669,0.780979696531792,False,0.8079729086343226,0.6099179404666131,0.0,1.3317741685425757,0.7943559919916102
2024-09-07,Ujjain,Madhya Pradesh,Soybean,3725.31,8861.2,47.3,39.7,27.78,90.4,1.531,0.7811062786006744,False,0.5142855142411711,1.8782300884955754,47.3,1.3321290443437792,1.4518066545905233
2024-09-08,Ujjain,Madhya Pradesh,Soybean,3725.31,0.0,0.0,36.77,26.91,72.2,1.302,0.7812108381502889,True,0.5142855142411711,-0.4030120675784392,0.0,1.3324221794953102,1.2771474878444085
2024-09-09,Ujjain,Madhya Pradesh,Soybean,3840.99,5486.1,38.69,40.03,26.86,82.3,1.86,0.7812929326228324,False,0.5682815373556511,1.0093386967015288,38.69,1.3326523332759797,1.7027361998283914
2024-09-10,Ujjain,Madhya Pradesh,Soybean,4314.745,7272.0,17.72,39.8,25.18,74.0,1.965,0.781352119460501,False,0.7894164433947292,1.4691037811745777,17.72,1.332818264964597,1.7828200972447323
2024-09-11,Ujjain,Madhya Pradesh,Soybean,5006.0,6737.5,0.0,38.84,26.72,75.9,1.621,0.7813879561054913,False,1.1120739551340098,1.331501206757844,0.0,1.3329187338399728,1.5204499952331012
2024-09-12,Ujjain,Madhya Pradesh,Soybean,4249.24,6345.0,0.0,38.03,25.82,64.6,1.181,0.7814,False,0.7588406351814336,1.2304553499597748,0.0,1.3329524991809183,1.184860329869387
2024-09-13,Ujjain,Madhya Pradesh,Soybean,3942.54,6291.9,0.0,38.89,24.91,72.4,0.936,0.7803803448354598,False,0.6156820918791251,1.216785197103781,0.0,1.3300938719941273,0.9979979025645914
2024-09-14,Ujjain,Madhya Pradesh,Soybean,4471.76,7007.7,24.09,35.53,26.7,79.0,1.233,0.7774515165523831,False,0.8627064292982572,1.4010619469026548,24.09,1.3218828331580508,1.2245209266850987
2024-09-15,Ujjain,Madhya Pradesh,Soybean,4471.76,0.0,0.0,38.04,24.71,70.2,0.991,0.772808720966586,True,0.8627064292982572,-0.4030120675784392,0.0,1.3088666467591346,1.0399466107350557
2024-09-16,Ujjain,Madhya Pradesh,Soybean,4274.99,8173.1,0.0,39.05,24.53,73.9,0.787,0.7666471638938849,False,0.7708599781551358,1.701084473049075,0.0,1.2915925768838243,0.884355038611879
2024-09-17,Ujjain,Madhya Pradesh,Soybean,4274.99,0.0,45.2,36.71,24.34,83.7,1.529,0.7591620511500955,False,0.7708599781551358,-0.4030120675784392,45.2,1.2706078876185656,1.4502812470206883
2024-09-18,Ujjain,Madhya Pradesh,Soybean,3966.5,12686.9,0.0,35.45,26.51,67.3,1.33,0.7505485885510342,False,0.6268659154771796,2.863124698310539,0.0,1.2464598430498044,1.2985031938220994
2024-09-19,Ujjain,Madhya Pradesh,Soybean,4109.4,12580.6,0.0,36.71,25.92,70.5,1.066,0.7410019819125169,False,0.6935674343487148,2.835758648431215,0.0,1.2196957072639854,1.0971493946038706
2024-09-20,Ujjain,Madhya Pradesh,Soybean,4213.11,5942.6,8.11,37.95,24.13,64.5,1.002,0.7307174370503596,False,0.7419762133701769,1.126860820595334,8.11,1.1908627443475543,1.0483363523691487
2024-09-21,Ujjain,Madhya Pradesh,Soybean,4206.94,8431.8,0.0,35.02,25.78,73.1,0.824,0.7198901597803788,False,0.7390962387624976,1.7676846339501204,0.0,1.160508218386958,0.9125750786538277
2024-09-22,Ujjain,Madhya Pradesh,Soybean,4206.94,0.0,21.84,35.32,24.79,80.9,1.0275,0.7087153559183903,True,0.7390962387624976,-0.4030120675784392,21.84,1.1291793934686405,1.0677852988845458
2024-09-23,Ujjain,Madhya Pradesh,Soybean,4814.6,11959.2,10.09,34.91,26.33,69.7,1.231,0.6973882312802102,False,1.0227340621178318,2.675784392598552,10.09,1.0974235336790483,1.2229955191152637
2024-09-24,Ujjain,Madhya Pradesh,Soybean,4577.94,12349.1,0.0,37.69,26.4,65.5,0.971,0.6861039916816547,False,0.9122681317039926,2.776160901045857,0.0,1.0657879031046267,1.0246925350367049
2024-09-25,Ujjain,Madhya Pradesh,Soybean,4297.21,12147.1,0.0,34.23,25.01,66.9,0.775,0.6750578429385398,False,0.7812316209075888,2.72415768302494,0.0,1.034819765831821,0.8752025931928686
2024-09-26,Ujjain,Madhya Pradesh,Soybean,3304.36,10358.3,0.0,36.89,24.28,69.7,0.539,0.6644449908666816,False,0.3177984297836986,2.2636460176991147,0.0,1.0050663859470774,0.6952044999523309
2024-09-27,Ujjain,Madhya Pradesh,Soybean,4634.81,11357.9,0.0,35.3,24.78,36.1,0.424,0.6544606412818964,False,0.9388133757783401,2.520984714400644,0.0,0.9770750275368415,0.6074935646868147
2024-09-28,Ujjain,Madhya Pradesh,Soybean,4386.47,10143.4,0.0,36.9,23.98,43.1,0.291,0.6453,False,0.8228955647457502,2.2083218020917137,0.0,0.951392954687558,0.5060539612927829
2024-09-29,Ujjain,Madhya Pradesh,Soybean,4386.47,0.0,20.09,37.69,24.05,48.5,0.57,0.6365916687238261,True,0.8228955647457502,-0.4030120675784392,20.09,0.9269789435557859,0.7188483172847744
2024-09-30,Ujjain,Madhya Pradesh,Soybean,3901.95,10430.8,0.0,33.71,23.29,39.2,0.351,0.6278375914880159,False,0.5967358731877631,2.2823105390185034,0.0,0.9024366825524396,0.5518161883878349
2024-10-01,Ujjain,Madhya Pradesh,Soybean,3901.95,0.0,0.0,34.46,23.27,35.6,0.133,0.6190429876060959,False,0.5967358731877631,-0.4030120675784392,0.0,0.8777808041454966,0.3855467632758128
2024-10-02,Ujjain,Madhya Pradesh,Soybean,3901.95,0.0,0.0,36.53,23.9,30.4,0.041,0.6102130763915937,False,0.5967358731877631,-0.4030120675784392,0.0,0.8530259408029378,0.3153780150633997
2024-10-03,Ujjain,Madhya Pradesh,Soybean,3122.0757000000003,10997.4,0.0,33.93,23.74,43.4,-0.144,0.6013530771580361,False,0.23271347753433116,2.4281769911504427,0.0,0.8281867249927412,0.1742778148536562
2024-10-04,Ujjain,Madhya Pradesh,Soybean,3122.0757000000003,0.0,0.0,33.54,24.58,33.8,-0.151,0.5924682092189505,False,0.23271347753433116,-0.4030120675784392,0.0,0.8032777891828868,0.16893888835923349
2024-10-05,Ujjain,Madhya Pradesh,Soybean,3122.0757000000003,0.0,0.0,36.13,23.12,36.4,-0.306,0.5835636918878635,False,0.23271347753433116,-0.4030120675784392,0.0,0.7783137658413528,0.05071980169701592
2024-10-06,Ujjain,Madhya Pradesh,Soybean,3122.0757000000003,0.0,0.0,36.7,22.7,38.1,-0.38,0.5746447444783027,True,0.23271347753433116,-0.4030120675784392,0.0,0.7533092874361196,-0.0057202783868815
2024-10-07,Ujjain,Madhya Pradesh,Soybean,3275.67,11287.8,0.0,34.6,22.93,35.3,-0.485,0.5657165863037948,False,0.30440678124329024,2.5029380530973446,0.0,0.7282789864351651,-0.08580417580322242
2024-10-08,Ujjain,Madhya Pradesh,Soybean,4486.92,10520.4,0.0,33.19,23.3,40.8,-0.525,0.556784436677867,False,0.8697826716082114,2.3053773129525346,0.0,0.703237495306469,-0.11631232719992374
2024-10-09,Ujjain,Madhya Pradesh,Soybean,4090.85,9931.1,0.0,33.57,21.75,37.3,-0.561,0.5478535149140464,False,0.6849088397016402,2.1536669348350768,0.0,0.6781994465180102,-0.14376966345695494
2024-10-10,Ujjain,Madhya Pradesh,Soybean,4090.85,0.0,4.47,32.38,23.85,41.3,-0.471,0.5389290403258603,False,0.6849088397016402,-0.4030120675784392,4.47,0.6531794725377688,-0.07512632281437694
2024-10-11,Ujjain,Madhya Pradesh,Soybean,3469.33,18209.0,0.0,34.88,20.75,37.2,-0.603,0.5300162322268354,False,0.3948015758175487,4.2847433628318585,0.0,0.6281922058337225,-0.17580322242349125
2024-10-12,Ujjain,Madhya Pradesh,Soybean,4538.79,15852.2,0.0,34.77,23.72,34.8,-0.675,0.5211203099304991,False,0.8939940626779563,3.678004827031376,0.0,0.6032522788738518,-0.23071789493755365
2024-10-13,Ujjain,Madhya Pradesh,Soybean,4538.79,0.0,0.0,35.07,20.26,35.4,-0.638,0.5122464927503783,True,0.8939940626779563,-0.4030120675784392,0.0,0.5783743241261351,-0.20249785489560493
2024-10-14,Ujjain,Madhya Pradesh,Soybean,3864.45,10920.7,0.0,31.09,21.85,34.7,-0.624,0.5034,False,0.5792319756532454,2.408431214802896,0.0,0.5535729740585512,-0.19182000190675946
2024-10-15,Ujjain,Madhya Pradesh,Soybean,4516.33,10113.0,0.0,33.33,21.86,28.6,-0.793,0.4943768889565267,False,0.8835103949812825,2.2004955752212387,0.0,0.5282764704607507,-0.3207169415578225
2024-10-16,Ujjain,Madhya Pradesh,Soybean,4516.33,0.0,0.0,31.61,22.25,30.0,-0.776,0.48502156510861266,False,0.8835103949812825,-0.4030120675784392,0.0,0.5020486004681133,-0.3077509772142244
2024-10-17,Ujjain,Madhya Pradesh,Soybean,3968.34,13780.1,0.0,32.01,22.94,38.7,-0.843,0.47541177008702296,False,0.6277247733828734,3.144559935639582,0.0,0.4751073145672144,-0.35885213080369904
2024-10-18,Ujjain,Madhya Pradesh,Soybean,3968.34,0.0,0.0,33.85,21.85,28.7,-0.876,0.4656252455225228,False,0.6277247733828734,-0.4030120675784392,0.0,0.4476705632446299,-0.38402135570597773
2024-10-19,Ujjain,Madhya Pradesh,Soybean,3669.15,25038.5,0.0,31.02,22.27,33.0,-0.884,0.45573973304587717,False,0.48807167729347745,6.042941271118262,0.0,0.4199562969869345,-0.39012298598531797
2024-10-20,Ujjain,Madhya Pradesh,Soybean,3669.15,0.0,0.0,32.86,20.18,29.7,-0.788,0.4458329742878513,True,0.48807167729347745,-0.4030120675784392,0.0,0.3921824662807041,-0.31690342263323484
2024-10-21,Ujjain,Madhya Pradesh,Soybean,3669.15,0.0,0.0,32.77,21.21,32.7,-0.854,0.43598271087921014,False,0.48807167729347745,-0.4030120675784392,0.0,0.36456702161251353,-0.36724187243779194
2024-10-22,Ujjain,Madhya Pradesh,Soybean,4232.05,8823.4,0.0,33.96,19.48,34.2,-0.932,0.426266684450719,False,0.7508168485516109,1.868498793242156,0.0,0.3373279134689388,-0.4267327676613596
2024-10-23,Ujjain,Madhya Pradesh,Soybean,4346.92,10104.8,0.0,32.99,21.28,33.0,-0.895,0.4167626366331429,False,0.8044347874793455,2.198384553499597,0.0,0.3106830923365548,-0.39851272761941076
2024-10-24,Ujjain,Madhya Pradesh,Soybean,4518.64,14365.0,0.0,32.95,18.69,27.9,-0.889,0.4075483090572469,False,0.884588635069409,3.2951375703942074,0.0,0.28485050870193707,-0.39393650490990556
2024-10-25,Ujjain,Madhya Pradesh,Soybean,4190.62,14746.2,0.0,31.57,19.84,34.1,-0.813,0.3987014433537961,False,0.7314785425554756,3.3932743362831856,0.0,0.2600481130516606,-0.33597101725617307
2024-10-26,Ujjain,Madhya Pradesh,Soybean,4190.62,31611.6,0.0,29.85,21.11,30.2,-0.836,0.39029978115355574,False,0.7314785425554756,7.735131134352373,0.0,0.23649385587230132,-0.35351320430927635
2024-10-27,Ujjain,Madhya Pradesh,Soybean,4190.62,0.0,0.0,30.76,19.95,31.8,-0.766,0.3824210640872908,True,0.7314785425554756,-0.4030120675784392,0.0,0.21440568765043427,-0.3001239393650491
2024-10-28,Ujjain,Madhya Pradesh,Soybean,4190.62,0.0,0.0,31.16,20.46,38.7,-0.773,0.37514303378576647,False,0.7314785425554756,-0.4030120675784392,0.0,0.19400155887263482,-0.3054628658594718
2024-10-29,Ujjain,Madhya Pradesh,Soybean,4231.3,8491.7,0.0,31.58,20.33,39.8,-0.75,0.3685434318797478,False,0.7504667706009206,1.7831053901850364,0.0,0.1754994200254784,-0.28792067880636857
2024-10-30,Ujjain,Madhya Pradesh,Soybean,4351.99,11969.3,22.57,31.1,19.09,35.2,-0.18,0.3627,False,0.8068013144260121,2.6783845534995976,22.57,0.1591172215955405,0.14682047859662503
2024-10-31,Ujjain,Madhya Pradesh,Soybean,4351.99,0.0,0.0,29.98,18.35,42.8,-0.268,0.35740019850295396,False,0.8068013144260121,-0.4030120675784392,0.0,0.14425910370341616,0.07970254552388215
2024-11-01,Ujjain,Madhya Pradesh,Soybean,3929.1,13744.1,14.92,29.24,17.35,36.9,0.047,0.3523674571429868,False,0.609408695002754,3.1352920353982303,14.92,0.13014969517393807,0.31995423777290494
2024-11-02,Ujjain,Madhya Pradesh,Soybean,4090.17,6516.5,0.0,28.64,18.63,32.0,-0.095,0.347583471647783,False,0.6845914356930144,1.2746065969428801,0.0,0.11673767955003807,0.21165030031461526
2024-11-03,Ujjain,Madhya Pradesh,Soybean,4090.17,0.0,0.0,30.85,16.84,30.5,-0.17,0.3430299377450269,True,0.6845914356930144,-0.4030120675784392,0.0,0.10397174037464713,0.15444751644580035
2024-11-04,Ujjain,Madhya Pradesh,Soybean,4651.24,4529.9,0.0,30.47,16.77,35.3,-0.333,0.33868855116240293,False,0.9464824167514633,0.7631729686242961,0.0,0.09180056119069722,0.030126799504242522
2024-11-05,Ujjain,Madhya Pradesh,Soybean,3847.18,4025.4,0.0,30.5,16.88,44.9,-0.422,0.3345410076275955,False,0.5711708473753488,0.6332936444086887,0.0,0.08017282554111962,-0.037753837353417856
2024-11-06,Ujjain,Madhya Pradesh,Soybean,4288.27,8270.9,0.0,28.93,18.0,27.3,-0.533,0.33056900286828894,False,0.77705869173536,1.7262622687047466,0.0,0.06903721696884585,-0.12241395747926401
2024-11-07,Ujjain,Madhya Pradesh,Soybean,4541.58,10881.0,0.0,28.28,19.1,24.7,-0.499,0.3267542326121679,False,0.8952963526545243,2.3982107803700723,0.0,0.058342419016807916,-0.09648202879206788
2024-11-08,Ujjain,Madhya Pradesh,Soybean,4107.32,9656.1,0.0,30.36,18.68,42.8,0.028,0.32307839258691645,False,0.6925965514988003,2.0828704746580855,0.0,0.04803711522793645,0.3054628658594718
2024-11-09,Ujjain,Madhya Pradesh,Soybean,3992.75,16188.0,0.0,30.27,17.02,37.8,-0.096,0.3195231785202193,False,0.639118643751342,3.764453740949316,0.0,0.038069989145163775,0.21088759652969774
2024-11-10,Ujjain,Madhya Pradesh,Soybean,3992.75,0.0,0.0,28.68,17.66,35.3,-0.229,0.3160702861397606,True,0.639118643751342,-0.4030120675784392,0.0,0.028389724311420964,0.10944799313566592
2024-11-11,Ujjain,Madhya Pradesh,Soybean,4174.85,7539.9,0.0,29.23,18.47,38.0,-0.377,0.3127014111732249,False,0.7241175701789601,1.5380724054706356,0.0,0.018945004269639566,-0.0034321670321288997
2024-11-12,Ujjain,Madhya Pradesh,Soybean,3638.43,11367.8,0.0,28.01,17.15,29.3,-0.417,0.3093982493482967,False,0.47373248443320043,2.523533386967015,0.0,0.009684512562751437,-0.03394031842883019
2024-11-13,Ujjain,Madhya Pradesh,Soybean,5240.98,6446.4,0.0,29.34,18.62,30.3,-0.502,0.3061424963926601,False,1.2217557109383022,1.2565599356395816,0.0,0.0005569327336875045,-0.09877014014682048
2024-11-14,Ujjain,Madhya Pradesh,Soybean,3733.27,8147.3,0.0,29.79,15.96,35.6,-0.573,0.3029158480339998,False,0.518001008224498,1.6944424778761062,0.0,-0.008489051674620218,-0.15292210887596525
2024-11-15,Ujjain,Madhya Pradesh,Soybean,4310.92,8045.3,9.88,28.98,18.12,46.8,-0.297,0.2997,False,0.7876310458462085,1.6681834271922769,9.88,-0.017504757119240495,0.05758413576127372
2024-11-16,Ujjain,Madhya Pradesh,Soybean,4592.26,4727.3,0.0,28.04,16.03,37.8,-0.379,0.2964930441647578,False,0.9189522867091741,0.8139919549477073,0.0,-0.026495533075929292,-0.004957574601963967
2024-11-17,Ujjain,Madhya Pradesh,Soybean,4592.26,0.0,0.0,27.65,15.31,38.0,-0.4,0.29331101364936785,True,0.9189522867091741,-0.4030120675784392,0.0,-0.03541643031337355,-0.020974354085232166
2024-11-18,Ujjain,Madhya Pradesh,Soybean,4538.99,13288.6,0.0,28.34,17.48,29.6,-0.449,0.29016251605201165,False,0.8940874167981403,3.018027353177796,0.0,-0.044243317228036795,-0.058346839546191256
2024-11-19,Ujjain,Madhya Pradesh,Soybean,4484.0,8874.6,0.0,28.36,15.99,37.1,-0.573,0.28705615897087067,False,0.8684197014535237,1.881679806918745,0.0,-0.05295206221638271,-0.15292210887596525
2024-11-20,Ujjain,Madhya Pradesh,Soybean,4054.64,4280.6,0.0,27.68,14.94,29.1,-0.711,0.28400055000412633,False,0.6680070762423099,0.6989927594529366,0.0,-0.061518533674874976,-0.25817523119458474
2024-11-21,Ujjain,Madhya Pradesh,Soybean,4684.06,12530.5,0.0,27.83,16.61,43.8,-0.698,0.28100429674995997,False,0.9618018278736734,2.822860820595334,0.0,-0.06991859999997758,-0.24826008199065683
2024-11-22,Ujjain,Madhya Pradesh,Soybean,4444.97,6766.6,0.0,25.32,16.81,29.9,-0.616,0.2780760068065531,False,0.8502016448995978,1.3389927594529365,0.0,-0.07812812958815404,-0.1857183716274192
2024-11-23,Ujjain,Madhya Pradesh,Soybean,4869.19,5928.2,0.0,29.03,16.07,31.0,-0.624,0.27522428777208713,False,1.04821506922208,1.1231536604987933,0.0,-0.08612299083586805,-0.19182000190675946
2024-11-24,Ujjain,Madhya Pradesh,Soybean,4869.19,0.0,0.0,28.17,15.17,27.6,-0.613,0.27245774724474325,True,1.04821506922208,-0.4030120675784392,0.0,-0.09387905213958407,-0.1834302602726666
2024-11-25,Ujjain,Madhya Pradesh,Soybean,4905.59,5985.6,0.0,26.16,14.96,35.4,-0.692,0.26978499282270324,False,1.0652055190955854,1.1379308125502816,0.0,-0.10137218189576483,-0.24368385928115163
2024-11-26,Ujjain,Madhya Pradesh,Soybean,4142.36,4703.4,0.0,26.88,16.39,35.2,-0.651,0.2672146321041483,False,0.7089521933550536,0.8078390989541432,0.0,-0.10857824850087465,-0.21241300409953284
2024-11-27,Ujjain,Madhya Pradesh,Soybean,4270.39,4367.9,0.0,24.43,15.11,42.6,-0.615,0.2647552726872599,False,0.7687128333909019,0.721467417538214,0.0,-0.11547312035137719,-0.18495566784250164
2024-11-28,Ujjain,Madhya Pradesh,Soybean,5807.44,3969.3,0.0,24.27,15.65,38.9,-0.681,0.26241552217021946,False,1.4861625855357123,0.6188511665325825,0.0,-0.12203266584373615,-0.23529411764705885
2024-11-29,Ujjain,Madhya Pradesh,Soybean,4523.03,5603.4,0.0,25.09,13.51,31.0,-0.668,0.2602039881512084,False,0.8866377580074496,1.0395366049879324,0.0,-0.12823275337441536,-0.2253789684431309
2024-11-30,Ujjain,Madhya Pradesh,Soybean,4591.89,5163.3,0.0,26.94,15.24,39.4,-0.79,0.2581292782284081,False,0.9187795815868335,0.9262365245374096,0.0,-0.1340492513398785,-0.3184288302030699
2024-12-01,Ujjain,Madhya Pradesh,Soybean,4591.89,0.0,0.0,27.55,13.27,28.8,-0.754,0.2562,True,0.9187795815868335,-0.4030120675784392,0.0,-0.1394580281365894,-0.2909714939460387
2024-12-02,Ujjain,Madhya Pradesh,Soybean,5569.31,2056.4,0.0,26.11,14.59,31.4,-0.796,0.25434427365714496,False,1.3750105023385208,0.1263909895414321,0.0,-0.14466060049576715,-0.3230050529125751
2024-12-03,Ujjain,Madhya Pradesh,Soybean,4140.86,3391.8,16.21,25.86,13.43,40.5,-0.522,0.2524924805548563,False,0.7082520374536729,0.47017860016090113,16.21,-0.14985214592269744,-0.11402421584517114
2024-12-04,Ujjain,Madhya Pradesh,Soybean,4395.24,2492.9,0.0,25.16,14.07,29.3,-0.536,0.25065662003709427,False,0.8269891429158225,0.23876427996781985,0.0,-0.154999023974943,-0.1247020688340166
2024-12-05,Ujjain,Madhya Pradesh,Soybean,3774.24,2598.2,0.0,23.96,13.56,40.3,-0.674,0.24884869144781904,False,0.5371245997442097,0.26587288817377314,0.0,-0.160067594210067,-0.2299551911526361
2024-12-06,Ujjain,Madhya Pradesh,Soybean,4544.51,2808.6,0.0,23.65,14.24,46.4,-0.673,0.2470806941309908,False,0.8966639905152215,0.32003861625100566,0.0,-0.16502421618563257,-0.22919248736771858
2024-12-07,Ujjain,Madhya Pradesh,Soybean,5141.87,1936.9,0.0,26.43,12.82,33.5,-0.758,0.24536462743056978,False,1.1754940766810742,0.0956267095736123,0.0,-0.16983524945920248,-0.2940223090857088
2024-12-08,Ujjain,Madhya Pradesh,Soybean,5141.87,0.0,0.0,27.07,13.91,31.7,-0.845,0.24371249069051618,True,1.1754940766810742,-0.4030120675784392,0.0,-0.17446705358833986,-0.36037753837353415
2024-12-09,Ujjain,Madhya Pradesh,Soybean,6104.75,2847.1,0.0,24.86,13.69,34.4,-0.84,0.2421362832547902,False,1.624938152895378,0.32995012067578444,0.0,-0.1788859881306077,-0.35656401944894645
2024-12-10,Ujjain,Madhya Pradesh,Soybean,4860.63,2483.7,0.0,25.66,13.38,32.2,-0.849,0.24064800446735196,False,1.044219512878201,0.23639581657280773,0.0,-0.1830584126435692,-0.3634283535132043
2024-12-11,Ujjain,Madhya Pradesh,Soybean,4724.12,2346.4,0.0,26.7,12.17,36.3,-0.8474999999999999,0.2392596536721618,False,0.9805006581465473,0.2010490748189864,0.0,-0.18695068668478712,-0.36228429783582794
2024-12-12,Ujjain,Madhya Pradesh,Soybean,4570.83,2698.0,0.0,22.89,12.68,28.4,-0.846,0.2379832302131798,False,0.9089493927314481,0.2915655671761867,0.0,-0.19052916981182463,-0.36114024215845164
2024-12-13,Ujjain,Madhya Pradesh,Soybean,3976.92,1716.3,0.0,25.85,13.66,36.6,-0.766,0.23683073343436625,False,0.6317296651387709,0.038835076427996815,0.0,-0.19376022158224462,-0.3001239393650491
2024-12-14,Ujjain,Madhya Pradesh,Soybean,4759.0,2328.4,0.0,25.06,12.44,44.6,-0.839,0.23581416267968125,False,0.9967816167066533,0.1964151246983106,0.0,-0.19661020155361042,-0.35580131566402895
2024-12-15,Ujjain,Madhya Pradesh,Soybean,4759.0,0.0,0.0,24.89,12.45,25.0,-0.6635,0.23494551729308508,True,0.9967816167066533,-0.4030120675784392,0.0,-0.1990454692834847,-0.22194680141100198
2024-12-16,Ujjain,Madhya Pradesh,Soybean,4756.31,1745.4,11.1,23.42,11.34,32.5,-0.488,0.23423679661853797,False,0.9955260037901775,0.04632662912308937,11.1,-0.20103238432943052,-0.08809228715797501
2024-12-17,Ujjain,Madhya Pradesh,Soybean,5002.23,3563.1,0.0,25.09,11.57,32.8,-0.511,0.2337,False,1.1103142299685396,0.5142783588093323,0.0,-0.20253730624901117,-0.10563447421107827
2024-12-18,Ujjain,Madhya Pradesh,Soybean,4415.29,1792.9,0.0,25.5,12.16,37.7,-0.596,0.23327333822177507,False,0.8363478934642781,0.05855510860820602,0.0,-0.2037334625587263,-0.1704642959290685
2024-12-19,Ujjain,Madhya Pradesh,Soybean,4079.89,1257.8,0.0,22.35,13.14,39.5,-0.712,0.23288517565746353,False,0.6797930339155518,-0.07920193081255025,0.0,-0.20482168541859466,-0.2589379349795023
2024-12-20,Ujjain,Madhya Pradesh,Soybean,4791.03,2197.5,0.0,24.16,11.53,39.0,-0.839,0.2325327420349704,False,1.0117322790541359,0.1627160096540628,0.0,-0.20580974135145744,-0.35580131566402895
2024-12-21,Ujjain,Madhya Pradesh,Soybean,5021.4,1512.5,0.0,22.13,12.16,26.5,-0.732,0.23221326708220075,False,1.119262222388185,-0.013631536604987886,0.0,-0.20670539688015566,-0.274192010677853
2024-12-22,Ujjain,Madhya Pradesh,Soybean,5021.4,0.0,0.0,25.53,10.65,31.6,-0.761,0.23192398052705954,True,1.119262222388185,-0.4030120675784392,0.0,-0.2075164185275306,-0.2963104204404614
2024-12-23,Ujjain,Madhya Pradesh,Soybean,5020.5,1694.5,0.0,23.81,13.16,30.5,-0.834,0.2316621120974518,False,1.1188421288473567,0.03322284794851171,0.0,-0.20825057281642348,-0.35198779673944125
2024-12-24,Ujjain,Madhya Pradesh,Soybean,5020.5,0.0,0.0,25.09,13.67,34.7,-0.9,0.23142489152128268,False,1.1188421288473567,-0.4030120675784392,0.0,-0.20891562626967508,-0.4023262465439985
2024-12-25,Ujjain,Madhya Pradesh,Soybean,5447.68,2337.9,0.0,23.04,13.64,35.1,-0.882,0.2312095485264571,False,1.3182371941485638,0.19886082059533394,0.0,-0.20951934541012687,-0.3885975784154829
2024-12-26,Ujjain,Madhya Pradesh,Soybean,5517.45,1117.4,0.0,21.88,11.57,28.2,-0.899,0.23101331284088011,False,1.3508037789747849,-0.11534674175382133,0.0,-0.21006949676061984,-0.4015635427590809
2024-12-27,Ujjain,Madhya Pradesh,Soybean,5637.64,605.3,0.0,21.44,10.46,32.8,-1.002,0.23083341419245676,False,1.4069049374994167,-0.24718262268704744,0.0,-0.2105738468439952,-0.4801220326055867
2024-12-28,Ujjain,Madhya Pradesh,Soybean,5254.56,1708.3,0.0,22.45,13.68,37.9,-0.932,0.23066708230909205,False,1.2280944556988025,0.0367755430410298,0.0,-0.2110401621830941,-0.4267327676613596
2024-12-29,Ujjain,Madhya Pradesh,Soybean,5254.56,0.0,0.0,22.23,11.09,31.9,-0.901,0.23051154691869108,True,1.2280944556988025,-0.4030120675784392,0.0,-0.21147620930075753,-0.40308895032891595
2024-12-30,Ujjain,Madhya Pradesh,Soybean,6442.68,1864.9,0.0,23.59,11.27,34.0,-0.787,0.2303640377491588,False,1.782673942064433,0.07709090909090915,0.0,-0.21188975471982677,-0.3161407188483173
2024-12-31,Ujjain,Madhya Pradesh,Soybean,5480.97,852.6,0.0,21.11,10.95,43.5,-0.727,0.23022178452840028,False,1.3337759874532065,-0.18351729686242954,0.0,-0.212288564963143,-0.2703784917532653
2025-01-01,Ujjain,Madhya Pradesh,Soybean,4364.42,1058.3,0.0,23.35,12.26,45.0,-0.918,0.23008201698432057,False,0.8126032729954537,-0.1305615446500402,0.0,-0.2126804065535472,-0.4160549146725141
2025-01-02,Ujjain,Madhya Pradesh,Soybean,3787.02,994.0,0.0,22.71,10.58,24.2,-0.827,0.22994196484482465,False,0.5430899280239734,-0.14711504424778757,0.0,-0.21307304601388063,-0.34664887024501856
2025-01-03,Ujjain,Madhya Pradesh,Soybean,4755.03,1529.6,0.0,23.5,13.25,35.6,-0.758,0.22979885783781762,False,0.994928537420999,-0.009229283990345914,0.0,-0.21347424986698435,-0.2940223090857088
2025-01-04,Ujjain,Madhya Pradesh,Soybean,5370.66,1357.1,0.0,24.02,10.71,49.6,-0.81,0.2296499256912044,False,1.282286522465669,-0.05363797264682218,0.0,-0.21389178463569966,-0.3336829059014206
2025-01-05,Ujjain,Madhya Pradesh,Soybean,5370.66,0.0,0.0,23.67,12.38,37.4,-0.838,0.22949239813289013,True,1.282286522465669,-0.4030120675784392,0.0,-0.21433341684286752,-0.3550386118791114
2025-01-06,Ujjain,Madhya Pradesh,Soybean,4134.51,1124.7,0.0,25.21,11.61,35.1,-0.814,0.2293235048907798,False,0.7052880441378282,-0.11346741753821395,0.0,-0.21480691301132915,-0.3367337210410906
2025-01-07,Ujjain,Madhya Pradesh,Soybean,5457.47,684.0,0.0,21.36,10.36,41.6,-0.874,0.22914047569277846,False,1.3228068783315752,-0.2269219629927594,0.0,-0.21532003966392557,-0.3824959481361426
2025-01-08,Ujjain,Madhya Pradesh,Soybean,5778.4,1318.1,0.0,22.64,12.25,36.1,-0.847,0.2289405402667911,False,1.4726075672849819,-0.06367819790828638,0.0,-0.21588056332349814,-0.3619029459433692
2025-01-09,Ujjain,Madhya Pradesh,Soybean,5370.24,1308.1,0.0,22.58,12.52,38.5,-0.82,0.22872092834072275,False,1.2820904788132823,-0.06625261464199515,0.0,-0.2164962505128879,-0.3413099437505958
2025-01-10,Ujjain,Madhya Pradesh,Soybean,5228.93,2182.8,0.0,22.52,10.76,33.9,-0.792,0.2284788696424785,False,1.2161311251972107,0.15893161705551095,0.0,-0.2171748677549359,-0.31995423777290494
2025-01-11,Ujjain,Madhya Pradesh,Soybean,4844.02,1139.7,0.0,23.6,11.25,36.0,-0.836,0.22821159389996334,False,1.036466453196912,-0.10960579243765078,0.0,-0.21792418157248333,-0.35351320430927635
2025-01-12,Ujjain,Madhya Pradesh,Soybean,4844.02,0.0,0.0,22.79,11.29,37.1,-0.777,0.22791633084108226,True,1.036466453196912,-0.4030120675784392,0.0,-0.21875195848837153,-0.30851368099914195
2025-01-13,Ujjain,Madhya Pradesh,Soybean,5511.99,1116.9,0.0,22.9,12.17,39.3,-0.766,0.22759031019374043,False,1.3482552114937592,-0.11547546259050677,0.0,-0.21966596502544117,-0.3001239393650491
2025-01-14,Ujjain,Madhya Pradesh,Soybean,5359.64,733.1,0.0,22.5,12.93,32.8,-0.759,0.22723076168584272,False,1.2771427104435256,-0.21428157683024934,0.0,-0.22067396770653389,-0.29478501287062636
2025-01-15,Ujjain,Madhya Pradesh,Soybean,4719.46,1435.5,0.0,25.0,11.6,32.7,-0.798,0.2268349150452942,False,0.9783255071462579,-0.03345454545454541,0.0,-0.22178373305449064,-0.32453046048241013
2025-01-16,Ujjain,Madhya Pradesh,Soybean,5003.924999999999,901.5,0.0,24.7,12.65,25.4,-0.802,0.2264,False,1.1111054061370995,-0.17092839903459367,0.0,-0.22300302759215246,-0.3275812756220803
2025-01-17,Ujjain,Madhya Pradesh,Soybean,4001.24,852.6,0.0,21.9,9.84,33.1,-0.851,0.22571676230026474,False,0.6430815261531567,-0.18351729686242954,0.0,-0.22491850052008538,-0.36495376108303934
2025-01-18,Ujjain,Madhya Pradesh,Soybean,4786.04,864.0,0.0,21.01,12.86,39.8,-0.961,0.22461989809646127,False,1.009403093755543,-0.18058246178600157,0.0,-0.2279935850606756,-0.44885117742396796
2025-01-19,Ujjain,Madhya Pradesh,Soybean,4786.04,0.0,0.0,24.28,11.49,37.3,-0.962,0.22317256271659658,True,1.009403093755543,-0.4030120675784392,0.0,-0.2320512237694948,-0.4496138812088854
2025-01-20,Ujjain,Madhya Pradesh,Soybean,5219.49,754.7,0.0,24.99,12.82,30.0,-0.953,0.22143791148867778,False,1.2117248107245213,-0.2087208366854384,0.0,-0.23691435920211454,-0.44274954714462766
2025-01-21,Ujjain,Madhya Pradesh,Soybean,3765.77,959.6,0.0,21.82,12.67,25.5,-0.931,0.2194790997407119,False,0.5331710527544133,-0.15597103781174573,0.0,-0.2424059339141065,-0.42597006387644193
2025-01-22,Ujjain,Madhya Pradesh,Soybean,5910.26,856.3,0.0,22.12,10.7,34.3,-0.85,0.21735928280070602,False,1.5341559387223556,-0.18256476267095734,0.0,-0.24834889046104222,-0.3641910572981218
2025-01-23,Ujjain,Madhya Pradesh,Soybean,5696.95,827.5,0.0,24.75,10.75,39.6,-0.886,0.21514161599666717,False,1.4345891018400097,-0.18997908286403856,0.0,-0.2545661713984934,-0.391648393555153
2025-01-24,Ujjain,Madhya Pradesh,Soybean,5138.53,1042.7,0.0,23.72,12.91,32.6,-0.901,0.21288925465660247,False,1.1739350628739997,-0.13457763475462584,0.0,-0.26088071928203155,-0.40308895032891595
2025-01-25,Ujjain,Madhya Pradesh,Soybean,4740.09,898.8,0.0,21.87,13.03,27.8,-0.849,0.21066535410851892,False,0.9879549846432473,-0.17162349155269505,0.0,-0.26711547666722846,-0.3634283535132043
2025-01-26,Ujjain,Madhya Pradesh,Soybean,4740.09,0.0,5.4,23.17,12.77,33.7,-0.774,0.20853306968042362,True,0.9879549846432473,-0.4030120675784392,5.4,-0.2730933861096555,-0.30622556964438935
2025-01-27,Ujjain,Madhya Pradesh,Soybean,5185.3,665.9,0.0,24.82,10.4,36.6,-0.772,0.20655555670032355,False,1.1957659238790506,-0.2315816572807723,0.0,-0.2786373901648847,-0.3047001620745543
2025-01-28,Ujjain,Madhya Pradesh,Soybean,5658.95,898.1,43.91,24.24,11.04,54.4,0.145,0.2047959704962259,False,1.4168518190050317,-0.17180370072405465,43.91,-0.2835704313884872,0.3946992086948231
2025-01-29,Ujjain,Madhya Pradesh,Soybean,4869.32,666.6,0.0,23.95,12.98,33.7,0.013,0.20331746639613762,False,1.0482757494001997,-0.23140144810941266,0.0,-0.28771545233603496,0.2940223090857088
2025-01-30,Ujjain,Madhya Pradesh,Soybean,4829.92,648.7,0.0,23.96,11.43,40.3,-0.045,0.20218319972806587,False,1.0298849877239333,-0.23600965406275135,0.0,-0.2908953955630993,0.24978548956049193
2025-01-31,Ujjain,Madhya Pradesh,Soybean,5761.82,650.7,0.0,21.47,10.68,39.7,-0.161,0.20145632582001763,False,1.4648685107217205,-0.2354947707160096,0.0,-0.2929332036252521,0.16131185051005814
2025-02-01,Ujjain,Madhya Pradesh,Soybean,5415.23,941.2,0.0,24.41,10.16,29.1,-0.196,0.2012,False,1.3030904881486942,-0.16070796460176986,0.0,-0.29365181907806487,0.1346172180379445
2025-02-02,Ujjain,Madhya Pradesh,Soybean,5415.23,0.0,0.0,21.98,9.97,41.3,-0.385,0.20125929807898116,True,1.3030904881486942,-0.4030120675784392,0.0,-0.29348557552181664,-0.009533797311469167
2025-02-03,Ujjain,Madhya Pradesh,Soybean,5218.73,969.5,0.0,24.96,12.13,36.5,-0.522,0.20143044199486299,False,1.2113700650678216,-0.15342236524537406,0.0,-0.29300576953660956,-0.11402421584517114
2025-02-04,Ujjain,Madhya Pradesh,Soybean,5087.34,1169.5,0.0,22.46,12.84,29.0,-0.693,0.20170330626605307,False,1.1500410758128812,-0.10193403057119867,0.0,-0.2922407881477499,-0.24444656306606916
2025-02-05,Ujjain,Madhya Pradesh,Soybean,5293.13,835.9,0.0,24.72,12.53,43.8,-0.777,0.2020677654109589,False,1.2460977977763048,-0.1878165728077232,0.0,-0.29121901838054415,-0.30851368099914195
2025-02-06,Ujjain,Madhya Pradesh,Soybean,5923.01,899.4,0.0,22.1,10.69,34.4,-0.677,0.202513693947988,False,1.5401072638840916,-0.17146902654867252,0.0,-0.28996884726029865,-0.2322433025073887
2025-02-07,Ujjain,Madhya Pradesh,Soybean,4722.12,1524.9,0.0,23.27,10.05,25.3,-0.697,0.20303096639554796,False,0.9795671169447063,-0.010439259855188988,0.0,-0.28851866181231955,-0.2474973782057393
2025-02-08,Ujjain,Madhya Pradesh,Soybean,4531.8,1141.9,0.0,21.48,11.87,31.5,-0.755,0.20360945727204624,False,0.8907313361775223,-0.10903942075623485,0.0,-0.28689684906191365,-0.2917341977309562
2025-02-09,Ujjain,Madhya Pradesh,Soybean,4531.8,0.0,0.0,24.03,12.49,30.2,-0.719,0.20423904109589042,True,0.8907313361775223,-0.4030120675784392,0.0,-0.28513179603438704,-0.26427686147392504
2025-02-10,Ujjain,Madhya Pradesh,Soybean,4601.89,778.0,0.0,24.88,12.11,31.6,-0.68,0.204909592385488,False,0.9234472875960382,-0.20272244569589698,0.0,-0.28325188975504617,-0.23453141386214132
2025-02-11,Ujjain,Madhya Pradesh,Soybean,4367.4,851.4,0.0,24.41,12.61,32.8,-0.769,0.20561098565924657,False,0.8139942493861965,-0.18382622687047462,0.0,-0.2812855172491973,-0.3024120507198017
2025-02-12,Ujjain,Madhya Pradesh,Soybean,5702.51,982.6,0.0,23.59,12.84,33.7,-0.633,0.20633309543557363,False,1.4371843463811276,-0.15004987932421557,0.0,-0.27926106554214697,-0.19868433597101726
2025-02-13,Ujjain,Madhya Pradesh,Soybean,4766.97,689.3,9.15,21.5,11.72,36.3,-0.444,0.20706579623287671,False,1.0005017783959895,-0.22555752212389377,9.15,-0.27720692165920147,-0.054533320621603584
2025-02-14,Ujjain,Madhya Pradesh,Soybean,3820.96,372.6,0.0,25.57,13.81,34.5,-0.467,0.20779896256956334,False,0.5589321222192142,-0.3070893000804505,0.0,-0.27515147262566714,-0.07207550767470686
2025-02-15,Ujjain,Madhya Pradesh,Soybean,5588.88,978.5,0.0,24.61,13.03,37.9,-0.483,0.2085224689640411,False,1.3841452029985344,-0.15110539018503616,0.0,-0.2731231054668503,-0.08427876823338734
2025-02-16,Ujjain,Madhya Pradesh,Soybean,5588.88,0.0,0.0,24.86,11.69,31.3,-0.497,0.20922618993471745,True,1.3841452029985344,-0.4030120675784392,0.0,-0.2711502072080576,-0.0949566212222328
2025-02-17,Ujjain,Madhya Pradesh,Soybean,5383.04,867.9,0.0,25.16,13.97,40.9,-0.573,0.2099,False,1.2880651425050644,-0.17957843925985514,0.0,-0.26926116487459506,-0.15292210887596525
2025-02-18,Ujjain,Madhya Pradesh,Soybean,5778.52,690.9,0.0,25.02,13.87,28.9,-0.483,0.21057407373715753,False,1.4726635797570928,-0.22514561544650036,0.0,-0.2673713833308422,-0.08427876823338734
2025-02-19,Ujjain,Madhya Pradesh,Soybean,5099.4,758.0,0.0,23.72,13.21,38.1,-0.541,0.2112832029109589,False,1.1556703292599817,-0.20787127916331452,0.0,-0.26538332304764894,-0.12851558775860428
2025-02-20,Ujjain,Madhya Pradesh,Soybean,3734.87,418.3,0.0,25.12,11.25,43.2,-0.521,0.21202418782106164,False,0.5187478411859707,-0.2953242156074014,0.0,-0.2633059544600277,-0.1132615120602536
2025-02-21,Ujjain,Madhya Pradesh,Soybean,3773.01,757.1,0.0,24.72,11.73,34.1,-0.586,0.2127938287671233,False,0.5365504719050777,-0.2081029766693483,0.0,-0.26114824800299075,-0.1628372580798932
2025-02-22,Ujjain,Madhya Pradesh,Soybean,4521.1,575.8,0.0,25.83,14.41,36.0,-0.654,0.21358892604880136,False,0.8857368907476734,-0.2547771520514883,0.0,-0.2589191741115507,-0.21470111545428544
2025-02-23,Ujjain,Madhya Pradesh,Soybean,4521.1,0.0,0.0,25.69,12.82,30.2,-0.566,0.21440627996575345,True,0.8857368907476734,-0.4030120675784392,0.0,-0.25662770322071965,-0.14758318238154253
2025-02-24,Ujjain,Madhya Pradesh,Soybean,5877.46,565.5,0.0,22.36,13.71,32.4,-0.604,0.21524269081763697,False,1.518845863012164,-0.2574288012872083,0.0,-0.25428280576551043,-0.17656592620840877
2025-02-25,Ujjain,Madhya Pradesh,Soybean,5175.82,543.1,0.0,23.97,12.49,42.8,-0.634,0.21609495890410957,False,1.1913409385823241,-0.26319549477071597,0.0,-0.251893452180935,-0.19944703975593478
2025-02-26,Ujjain,Madhya Pradesh,Soybean,6587.596800000006,598.4,0.0,22.52,12.33,38.7,-0.642,0.21695988452482876,False,1.8503168438839075,-0.2489589702333065,0.0,-0.24946861290200592,-0.20554867003527505
2025-02-27,Ujjain,Madhya Pradesh,Soybean,4033.45,1061.1,0.0,22.92,11.94,37.1,-0.515,0.21783426797945205,False,0.6581162072088051,-0.12984070796460176,0.0,-0.2470172583637356,-0.1086852893507484
2025-02-28,Ujjain,Madhya Pradesh,Soybean,5055.66,711.3,0.0,25.27,13.4,25.3,-0.429,0.21871490956763698,False,1.1352537831757203,-0.21989380530973449,0.0,-0.2445483590011364,-0.04309276384784059
2025-03-01,Ujjain,Madhya Pradesh,Soybean,4670.51,576.9,0.0,26.59,11.68,31.4,-0.403,0.21959860958904107,False,0.955477086231201,-0.25449396621078035,0.0,-0.24207088524922074,-0.023262465439984763
2025-03-02,Ujjain,Madhya Pradesh,Soybean,4670.51,0.0,0.0,23.31,11.84,43.7,-0.291,0.2204821683433219,True,0.955477086231201,-0.4030120675784392,0.0,-0.23959380754300094,0.06216035847077892
2025-03-03,Ujjain,Madhya Pradesh,Soybean,6353.96,889.4,0.0,24.9,12.29,37.1,-0.41,0.22136238613013698,False,1.7412620543507689,-0.1740434432823813,0.0,-0.23712609631748946,-0.028601391934407455
2025-03-04,Ujjain,Madhya Pradesh,Soybean,6411.14,371.7,0.0,27.08,13.47,37.7,-0.424,0.22223606324914383,False,1.7679519973114015,-0.30732099758648423,0.0,-0.23467672200769868,-0.03927924492325292
2025-03-05,Ujjain,Madhya Pradesh,Soybean,5011.21,1204.5,0.0,26.76,14.2,35.9,-0.469,0.2231,False,1.1145058299648054,-0.09292357200321798,0.0,-0.23225465504864098,-0.07360091524454188
2025-03-06,Ujjain,Madhya Pradesh,Soybean,5611.23,871.8,0.0,25.55,14.43,31.9,-0.614,0.224014697265625,False,1.3945775259291067,-0.17857441673370875,0.0,-0.22969027979499512,-0.18419296405758412
2025-03-07,Ujjain,Madhya Pradesh,Soybean,5126.59,1113.2,0.0,26.79,15.78,36.7,-0.614,0.225028265625,False,1.1683618218990095,-0.11642799678197903,0.0,-0.22684871710935217,-0.18419296405758412
2025-03-08,Ujjain,Madhya Pradesh,Soybean,4279.46,785.6,0.0,25.79,15.07,27.3,-0.669,0.226118919921875,False,0.7729464427412505,-0.2007658889782783,0.0,-0.2237910421885928,-0.22614167222804846
2025-03-09,Ujjain,Madhya Pradesh,Soybean,4279.46,0.0,0.0,24.27,13.54,27.0,-0.6,0.22726487499999998,True,0.7729464427412505,-0.4030120675784392,0.0,-0.2205783302295978,-0.17351511106873865
2025-03-10,Ujjain,Madhya Pradesh,Soybean,4636.05,743.7,19.37,24.24,14.07,37.1,-0.233,0.22844434570312497,False,0.9393921713234814,-0.21155269509251803,19.37,-0.21727165642924778,0.10639717799599578
2025-03-11,Ujjain,Madhya Pradesh,Soybean,4932.74,337.9,0.0,24.65,13.1,36.0,-0.331,0.229635546875,False,1.0778783409105759,-0.3160225261464199,0.0,-0.2139320959844234,0.031652207074077586
2025-03-12,Ujjain,Madhya Pradesh,Soybean,4417.15,622.7,10.3,25.51,16.25,30.2,-0.081,0.23081669335937502,False,0.83721608678199,-0.24270313757039416,10.3,-0.2106207240920056,0.22232815330346073
2025-03-13,Ujjain,Madhya Pradesh,Soybean,5086.61,1013.4,0.0,28.24,16.01,35.6,-0.175,0.231966,False,1.1497003332742088,-0.14212067578439255,0.0,-0.2073986159488751,0.1506339975212127
2025-03-14,Ujjain,Madhya Pradesh,Soybean,5195.47,898.7,0.0,27.78,13.92,30.0,-0.187,0.23306168164062502,False,1.2005129808904118,-0.17164923572003213,0.0,-0.20432684675191243,0.14148155210220228
2025-03-15,Ujjain,Madhya Pradesh,Soybean,5494.22,814.3,0.0,26.26,15.56,30.7,-0.241,0.234081953125,False,1.3399606979154026,-0.19337731295253416,0.0,-0.20146649169799855,0.10029554771665554
2025-03-16,Ujjain,Madhya Pradesh,Soybean,5494.22,0.0,0.0,26.66,16.53,41.5,-0.287,0.235005029296875,True,1.3399606979154026,-0.4030120675784392,0.0,-0.19887862598401396,0.06521117361044905
2025-03-17,Ujjain,Madhya Pradesh,Soybean,6259.84,855.5,0.0,25.77,13.59,35.2,-0.366,0.23580912499999998,False,1.697329605392134,-0.18277071600965403,0.0,-0.19662432480683956,0.004957574601963967
2025-03-18,Ujjain,Madhya Pradesh,Soybean,6587.596800000006,845.7,0.0,27.88,14.46,30.5,-0.394,0.23647245507812498,False,1.8503168438839075,-0.1852936444086886,0.0,-0.19476466336335596,-0.016398131375726967
2025-03-19,Ujjain,Madhya Pradesh,Soybean,4706.22,842.7,0.0,28.46,15.92,35.9,-0.454,0.236973234375,False,0.972145464390071,-0.18606596942880124,0.0,-0.19336071685044381,-0.06216035847077892
2025-03-20,Ujjain,Madhya Pradesh,Soybean,5705.51,1026.0,0.0,26.06,14.61,27.7,-0.546,0.23728967773437498,False,1.438584658183889,-0.1388769106999195,0.0,-0.19247356046498412,-0.13232910668319195
2025-03-21,Ujjain,Madhya Pradesh,Soybean,6587.596800000006,905.8,0.0,25.31,15.24,36.9,-0.587,0.2374,False,1.8503168438839075,-0.1698213998390989,0.0,-0.19216426940385734,-0.1635999618648107
2025-03-22,Ujjain,Madhya Pradesh,Soybean,5727.56,778.2,0.0,28.08,15.0,40.5,-0.542,0.2373984085648148,False,1.4488769499341856,-0.2026709573612228,0.0,-0.19216873102975263,-0.1292782915435218
2025-03-23,Ujjain,Madhya Pradesh,Soybean,5727.56,0.0,0.0,27.94,15.06,38.3,-0.547,0.23739364197530863,True,1.4488769499341856,-0.4030120675784392,0.0,-0.19218209427531302,-0.13309181046810947
2025-03-24,Ujjain,Madhya Pradesh,Soybean,3861.21,1368.2,0.0,27.36,17.76,45.8,-0.537,0.23738571180555557,False,0.5777196389062632,-0.05078037007240541,0.0,-0.19220432669235,-0.12546477261893413
2025-03-25,Ujjain,Madhya Pradesh,Soybean,4609.02,1700.7,0.0,28.6,16.02,25.3,-0.572,0.23737462962962963,False,0.9267753619806012,0.03481898632341116,0.0,-0.19223539583267546,-0.15215940509104772
2025-03-26,Ujjain,Madhya Pradesh,Soybean,4704.67,1565.1,0.0,28.32,18.32,35.6,-0.6859999999999999,0.23736040702160494,False,0.9714219699586442,-9.010458567978351e-05,0.0,-0.19227526924810096,-0.23910763657164644
2025-03-27,Ujjain,Madhya Pradesh,Soybean,6053.04,1085.6,0.0,27.12,18.34,28.3,-0.8,0.23734305555555554,False,1.6008014451217805,-0.12353338696701527,0.0,-0.19232391449043817,-0.32605586805224523
2025-03-28,Ujjain,Madhya Pradesh,Soybean,4500.43,472.9,0.0,27.93,15.48,34.1,-0.821,0.23732258680555557,False,0.8760887424266471,-0.2812679002413515,0.0,-0.19238129911149873,-0.3420726475355133
2025-03-29,Ujjain,Madhya Pradesh,Soybean,4926.41,453.1,0.0,28.22,16.95,35.0,-0.888,0.23729901234567902,False,1.0749236830067495,-0.2863652453740949,0.0,-0.1924473906630944,-0.3931738011249881
2025-03-30,Ujjain,Madhya Pradesh,Soybean,4926.41,0.0,0.0,30.4,16.37,46.4,-0.912,0.23727234375,True,1.0749236830067495,-0.4030120675784392,0.0,-0.19252215669703682,-0.4114786919630089
2025-03-31,Ujjain,Madhya Pradesh,Soybean,4473.51,833.9,0.0,30.92,16.16,34.7,-0.935,0.2372425925925926,False,0.863523277849868,-0.18833145615446498,0.0,-0.19260556476513765,-0.4290208790161121
2025-04-01,Ujjain,Madhya Pradesh,Soybean,5185.93,822.0,0.0,30.77,15.92,34.6,-0.953,0.23720977044753086,False,1.1960599893576305,-0.1913950120675784,0.0,-0.19269758241920856,-0.44274954714462766
2025-04-02,Ujjain,Madhya Pradesh,Soybean,5092.7,909.6,0.0,30.14,16.36,40.0,-0.856,0.23717388888888888,False,1.1525429662338147,-0.16884312148028957,0.0,-0.1927981772110612,-0.368767280007627
2025-04-03,Ujjain,Madhya Pradesh,Soybean,5639.98,522.1,0.0,29.69,17.86,34.7,-0.857,0.23713495949074073,False,1.4079971807055702,-0.2686017699115044,0.0,-0.19290731669250724,-0.36952998379254454
2025-04-04,Ujjain,Madhya Pradesh,Soybean,5470.82,1491.9,0.0,30.31,18.54,44.2,-0.8,0.23709299382716048,False,1.3290382658538633,-0.018934835076427927,0.0,-0.1930249684153584,-0.32605586805224523
2025-04-05,Ujjain,Madhya Pradesh,Soybean,5447.27,1439.5,0.0,31.6,19.33,38.3,-0.795,0.2370480034722222,False,1.3180458182021866,-0.0324247787610619,0.0,-0.1931510999314263,-0.32224234912765753
2025-04-06,Ujjain,Madhya Pradesh,Soybean,5447.27,0.0,0.0,28.65,18.63,39.1,-0.718,0.237,True,1.3180458182021866,-0.4030120675784392,0.0,-0.19328567879252265,-0.2635141576890075
2025-04-07,Ujjain,Madhya Pradesh,Soybean,3946.65,443.1,0.0,30.09,18.9,25.7,-0.673,0.2365061469184028,False,0.6176005190489083,-0.2889396621078037,0.0,-0.19467020749833355,-0.22919248736771858
2025-04-08,Ujjain,Madhya Pradesh,Soybean,5089.39,823.7,0.0,30.95,18.38,44.9,-0.727,0.2352011467978395,False,1.150997955544768,-0.1909573612228479,0.0,-0.1983288059668561,-0.2703784917532653
2025-04-09,Ujjain,Madhya Pradesh,Soybean,5030.17,1322.1,0.0,31.06,18.17,31.7,-0.627,0.23320131980613423,False,1.1233558005582576,-0.06264843121480287,0.0,-0.20393536787736738,-0.19410811326151206
2025-04-10,Ujjain,Madhya Pradesh,Soybean,5557.4,840.5,0.0,29.3,17.24,35.0,-0.678,0.2306229861111111,False,1.3694512644815577,-0.18663234111021718,0.0,-0.2111637869091448,-0.23300600629230625
2025-04-11,Ujjain,Madhya Pradesh,Soybean,4705.39,931.0,0.0,30.96,18.27,31.7,-0.685,0.22758246588059414,False,0.971758044791307,-0.16333386967015281,0.0,-0.21968795674146588,-0.23834493278672897
2025-04-12,Ujjain,Madhya Pradesh,Soybean,5022.23,728.8,0.0,32.07,18.73,29.9,-0.681,0.2241960792824074,False,1.1196496419869488,-0.21538857602574413,0.0,-0.22918177105360807,-0.23529411764705885
2025-04-13,Ujjain,Madhya Pradesh,Soybean,5022.23,0.0,0.0,30.78,19.97,29.0,-0.663,0.220580146484375,True,1.1196496419869488,-0.4030120675784392,0.0,-0.2393191235248487,-0.22156544951854323
2025-04-14,Ujjain,Madhya Pradesh,Soybean,4519.83,1183.0,0.0,32.38,21.19,35.5,-0.645,0.21685098765432098,False,0.8851440920845042,-0.09845856798069183,0.0,-0.24977390783446513,-0.20783678139002765
2025-04-15,Ujjain,Madhya Pradesh,Soybean,4519.83,0.0,0.0,30.59,20.46,25.2,-0.712,0.21312492296006946,False,0.8851440920845042,-0.4030120675784392,0.0,-0.2602200176617348,-0.2589379349795023
2025-04-16,Ujjain,Madhya Pradesh,Soybean,5269.81,1039.7,0.0,33.36,18.94,33.8,-0.685,0.20951827256944444,False,1.2352127073628396,-0.1353499597747385,0.0,-0.2703313466859353,-0.23834493278672897
2025-04-17,Ujjain,Madhya Pradesh,Soybean,5752.48,474.9,0.0,31.7,21.08,40.3,-0.67,0.20614735665027004,False,1.4605088733091234,-0.28075301689460974,0.0,-0.2797817885863438,-0.22690437601296598
2025-04-18,Ujjain,Madhya Pradesh,Soybean,4577.53,1796.6,27.59,32.14,19.47,46.4,-0.094,0.20312849537037037,False,0.9120767557576153,0.05950764279967822,27.59,-0.2882452370422377,0.21241300409953282
2025-04-19,Ujjain,Madhya Pradesh,Soybean,4846.54,476.9,0.0,29.76,20.09,37.2,-0.194,0.2005780088975694,False,1.0376427151112315,-0.280238133547868,0.0,-0.29539558573289465,0.13614262560777957
2025-04-20,Ujjain,Madhya Pradesh,Soybean,4846.54,0.0,0.0,30.55,21.68,30.5,-0.317,0.19861221739969134,True,1.0376427151112315,-0.4030120675784392,0.0,-0.30090672833759174,0.04233006006292305
2025-04-21,Ujjain,Madhya Pradesh,Soybean,5689.94,806.4,31.67,32.8,21.53,36.6,0.332,0.1973474410445602,False,1.431317039927557,-0.1954111021721641,31.67,-0.30445255853560654,0.5373248164744018
2025-04-22,Ujjain,Madhya Pradesh,Soybean,5162.72,818.8,0.0,32.0,20.88,40.2,0.154,0.1969,False,1.1852262437102663,-0.1922188254223652,0.0,-0.30570697000621655,0.4015635427590809
2025-04-23,Ujjain,Madhya Pradesh,Soybean,5297.08,1152.5,2.2,32.56,21.31,33.4,0.097,0.1975513671875,False,1.2479415416499406,-0.10631053901850357,2.2,-0.3038808468073891,0.3580894270187816
2025-04-24,Ujjain,Madhya Pradesh,Soybean,5385.76,663.5,0.0,30.72,20.21,34.6,-0.021,0.19939218749999998,False,1.2893347585395682,-0.2321995172968624,0.0,-0.298720063854181,0.2680903803985127
2025-04-25,Ujjain,Madhya Pradesh,Soybean,5523.0,730.5,0.0,34.36,20.53,34.0,-0.195,0.20225253906250001,False,1.3533943558098938,-0.21495092518101364,0.0,-0.29070100111150365,0.13537992182286204
2025-04-26,Ujjain,Madhya Pradesh,Soybean,4303.73,569.0,0.0,34.3,21.25,38.4,-0.326,0.2059625,False,0.78427496522559,-0.25652775543041023,0.0,-0.2803000385442689,0.03546572599866526
2025-04-27,Ujjain,Madhya Pradesh,Soybean,4303.73,0.0,0.0,31.76,20.55,44.2,-0.363,0.2103521484375,True,0.78427496522559,-0.4030120675784392,0.0,-0.267993556117388,0.007245685956716566
2025-04-28,Ujjain,Madhya Pradesh,Soybean,5196.83,933.0,0.0,33.94,21.62,42.3,-0.45,0.2152515625,False,1.2011477889076634,-0.16281898632341105,0.0,-0.25425793379577255,-0.05910954333110879
2025-04-29,Ujjain,Madhya Pradesh,Soybean,5539.86,1062.4,21.05,34.94,20.38,29.7,-0.074,0.2204908203125,False,1.3612641081414127,-0.12950603378921957,21.05,-0.23956955154433404,0.22766707979788348
2025-04-30,Ujjain,Madhya Pradesh,Soybean,4496.25,1129.4,0.0,34.3,23.15,33.5,-0.209,0.2259,False,0.8741376413147994,-0.1122574416733708,0.0,-0.22440478932798405,0.12470206883401659
2025-05-01,Ujjain,Madhya Pradesh,Soybean,4496.25,0.0,0.0,32.97,21.58,28.3,-0.326,0.23130917968749998,False,0.8741376413147994,-0.4030120675784392,0.0,-0.20924002711163409,0.03546572599866526
2025-05-02,Ujjain,Madhya Pradesh,Soybean,5274.49,1605.5,0.0,34.69,22.94,39.7,-0.293,0.2365484375,False,1.2373971937751471,0.010310539018503668,0.0,-0.19455164486019555,0.060634950900943854
2025-05-03,Ujjain,Madhya Pradesh,Soybean,3886.82,951.8,0.0,32.84,23.42,35.0,-0.422,0.2414478515625,False,0.5896736339958365,-0.15797908286403858,0.0,-0.18081602253858003,-0.037753837353417856
2025-05-04,Ujjain,Madhya Pradesh,Soybean,3886.82,0.0,0.0,33.49,23.93,38.0,-0.387,0.2458375,True,0.5896736339958365,-0.4030120675784392,0.0,-0.1685095401116992,-0.011059204881304232
2025-05-05,Ujjain,Madhya Pradesh,Soybean,4521.65,705.6,28.87,33.3,22.78,41.7,0.164,0.24954746093750002,False,0.8859936145781793,-0.22136122284794846,28.87,-0.15810857754446428,0.4091905806082562
2025-05-06,Ujjain,Madhya Pradesh,Soybean,4185.02,1102.9,0.0,34.88,24.12,29.8,0.006,0.2524078125,False,0.7288646271903213,-0.11907964601769905,0.0,-0.15008951480178712,0.28868338259128606
2025-05-07,Ujjain,Madhya Pradesh,Soybean,5080.83,1088.7,0.0,33.02,24.33,30.7,-0.073,0.2542486328125,False,1.1470023992008886,-0.1227353177795655,0.0,-0.14492873184857902,0.228429783582801
2025-05-08,Ujjain,Madhya Pradesh,Soybean,4954.8,658.5,0.0,36.89,21.72,27.3,-0.161,0.2549,False,1.0881753003668817,-0.23348672566371675,0.0,-0.14310260864975147,0.16131185051005814
2025-05-09,Ujjain,Madhya Pradesh,Soybean,6111.37,1093.5,0.0,34.35,22.54,28.7,-0.253,0.25475512695312497,False,1.6280281742734715,-0.12149959774738531,0.0,-0.143508763637077,0.09114310229764515
2025-05-10,Ujjain,Madhya Pradesh,Soybean,4280.38,1209.8,0.0,33.99,22.88,27.6,-0.312,0.25434570312500004,False,0.7733758716940973,-0.09155913113435234,0.0,-0.14465659294908342,0.046143578987510724
2025-05-11,Ujjain,Madhya Pradesh,Soybean,4280.38,0.0,0.0,35.39,22.88,29.8,-0.371,0.25370952148437503,True,0.7733758716940973,-0.4030120675784392,0.0,-0.14644014311081685,0.0011440556773763
2025-05-12,Ujjain,Madhya Pradesh,Soybean,4427.92,908.4,0.0,34.56,22.42,29.5,-0.439,0.252884375,False,0.8422432061539037,-0.16915205148833462,0.0,-0.14875346064732264,-0.05071980169701592
2025-05-13,Ujjain,Madhya Pradesh,Soybean,3938.69,830.7,0.0,35.87,23.96,37.0,-0.433,0.251908056640625,False,0.6138850250655813,-0.18915526950925174,0.0,-0.15149059208364615,-0.046143578987510724
2025-05-14,Ujjain,Madhya Pradesh,Soybean,5439.26,848.4,0.0,35.18,25.34,36.8,-0.564,0.250818359375,False,1.3143069856888134,-0.18459855189058724,0.0,-0.15454558394483295,-0.14605777481170745
2025-05-15,Ujjain,Madhya Pradesh,Soybean,5503.25,609.0,0.0,34.36,23.25,37.0,-0.649,0.24965307617187502,False,1.3441756364417143,-0.24623008849557518,0.0,-0.15781248275592877,-0.21088759652969777
2025-05-16,Ujjain,Madhya Pradesh,Soybean,5413.28,448.5,0.0,35.11,23.81,40.9,-0.717,0.24845,False,1.3021802854768993,-0.28754947707160095,0.0,-0.16118533504197907,-0.26275145390408994
2025-05-17,Ujjain,Madhya Pradesh,Soybean,4167.65,652.6,0.0,36.04,25.11,34.6,-0.792,0.24724692382812502,False,0.7207568218523323,-0.23500563153660495,0.0,-0.1645581873280293,-0.31995423777290494
2025-05-18,Ujjain,Madhya Pradesh,Soybean,4167.65,0.0,0.0,34.35,25.05,31.1,-0.792,0.24608164062500001,True,0.7207568218523323,-0.4030120675784392,0.0,-0.1678250861391251,-0.31995423777290494
2025-05-19,Ujjain,Madhya Pradesh,Soybean,5449.37,962.0,0.0,37.82,25.42,46.1,-0.768,0.244991943359375,False,1.3190260364641193,-0.15535317779565563,0.0,-0.17088007800031205,-0.30164934693488415
2025-05-20,Ujjain,Madhya Pradesh,Soybean,5727.47,967.5,0.0,37.3,23.75,39.5,-0.889,0.244015625,False,1.4488349405801026,-0.1539372485921158,0.0,-0.1736172094366355,-0.39393650490990556
2025-05-21,Ujjain,Madhya Pradesh,Soybean,5474.15,948.4,0.0,37.35,25.94,35.8,-0.91,0.243190478515625,False,1.3305926119549285,-0.15885438455349957,0.0,-0.1759305269731412,-0.40995328439317386
2025-05-22,Ujjain,Madhya Pradesh,Soybean,5739.07,521.4,0.0,37.24,23.91,35.4,-0.919,0.242554296875,False,1.4542494795507799,-0.26878197908286394,0.0,-0.1777140771348746,-0.41681761845743154
2025-05-23,Ujjain,Madhya Pradesh,Soybean,5822.42,574.5,30.43,37.58,24.24,45.6,-0.269,0.242144873046875,False,1.4931548091375013,-0.25511182622687045,30.43,-0.17886190644688127,0.07893984173896461
2025-05-24,Ujjain,Madhya Pradesh,Soybean,5088.93,685.1,0.0,39.27,25.36,34.0,-0.411,0.242,False,1.1507832410683447,-0.22663877715205144,0.0,-0.17926806143420668,-0.029364095719324988
2025-05-25,Ujjain,Madhya Pradesh,Soybean,5088.93,0.0,0.0,35.24,25.67,35.6,-0.48,0.24205666628429287,True,1.1507832410683447,-0.4030120675784392,0.0,-0.17910919617613966,-0.08199065687863474
2025-05-26,Ujjain,Madhya Pradesh,Soybean,5769.28,756.2,0.0,35.55,26.54,37.5,-0.575,0.2422230124613601,False,1.4683506194045872,-0.2083346741753821,0.0,-0.17864284076431022,-0.15444751644580032
2025-05-27,Ujjain,Madhya Pradesh,Soybean,5297.91,948.0,0.0,36.33,27.91,31.4,-0.625,0.24249355951748452,False,1.2483289612487047,-0.1589573612228479,0.0,-0.17788435574227604,-0.192582705691677
2025-05-28,Ujjain,Madhya Pradesh,Soybean,5933.75,1196.4,0.0,36.36,27.66,26.8,-0.7015,0.242862828438949,False,1.5451203801379774,-0.09500884955752205,0.0,-0.17684910165359466,-0.25092954523786826
2025-05-29,Ujjain,Madhya Pradesh,Soybean,5670.8,599.4,0.0,36.55,25.6,24.6,-0.778,0.2433253402120363,False,1.4223830506259394,-0.2487015285599356,0.0,-0.1755524390418238,-0.3092763847840595
2025-05-30,Ujjain,Madhya Pradesh,Soybean,4592.66,607.5,0.0,38.89,26.72,39.4,-0.826,0.24387561582302936,False,0.919138994949542,-0.24661625100563148,0.0,-0.17400972845052098,-0.345886166460101
2025-05-31,Ujjain,Madhya Pradesh,Soybean,4179.81,891.8,0.0,38.06,27.97,27.1,-0.843,0.24450817625821097,False,0.7264327523595256,-0.1734255832662912,0.0,-0.17223633042324382,-0.35885213080369904
2025-06-01,Ujjain,Madhya Pradesh,Soybean,4179.81,0.0,0.0,40.58,27.7,37.3,-0.824,0.245217542503864,True,0.7264327523595256,-0.4030120675784392,0.0,-0.17024760550355,-0.34436075889026596
2025-06-02,Ujjain,Madhya Pradesh,Soybean,4254.38,1103.6,0.0,37.26,25.43,29.2,-0.828,0.24599823554627123,False,0.761239836070165,-0.11889943684633948,0.0,-0.16805891423499716,-0.34741157402993605
2025-06-03,Ujjain,Madhya Pradesh,Soybean,5078.66,853.1,0.0,37.76,27.58,29.3,-0.783,0.24684477637171562,False,1.1459895069968913,-0.18338857602574413,0.0,-0.1656856171611427,-0.31308990370864714
2025-06-04,Ujjain,Madhya Pradesh,Soybean,5015.21,1564.9,74.14,40.92,25.81,53.7,0.79,0.2477516859664799,False,1.1163729123684873,-0.00014159292035391207,74.14,-0.1631430748255445,0.8866431499666317
2025-06-05,Ujjain,Madhya Pradesh,Soybean,6023.93,488.3,0.0,40.35,28.04,36.0,0.631,0.24871348531684698,False,1.5872137529289856,-0.27730329847144003,0.0,-0.16044664777175996,0.7653732481647441
2025-06-06,Ujjain,Madhya Pradesh,Soybean,5389.33,1142.4,0.0,38.84,27.32,28.6,0.502,0.24972469540909967,False,1.2910011295848542,-0.10891069991954941,0.0,-0.15761169654334684,0.6669844599103822
2025-06-07,Ujjain,Madhya Pradesh,Soybean,5758.76,913.1,0.0,39.33,29.26,31.9,0.373,0.25077983722952085,False,1.4634401926829042,-0.1679420756234915,0.0,-0.15465358168386262,0.5685956716560205
2025-06-08,Ujjain,Madhya Pradesh,Soybean,5758.76,0.0,0.0,40.74,27.62,34.9,0.227,0.25187343176439336,True,1.4634401926829042,-0.4030120675784392,0.0,-0.15158766373686494,0.4572409190580608
2025-06-09,Ujjain,Madhya Pradesh,Soybean,6222.45,413.2,0.0,39.22,27.33,28.9,0.124,0.253,False,1.6798770526237174,-0.29663716814159286,0.0,-0.14842930324591155,0.3786824292115549
2025-06-10,Ujjain,Madhya Pradesh,Soybean,5692.89,574.9,0.0,38.09,28.85,42.1,0.026,0.2543455502842887,False,1.4326940132002728,-0.25500884955752207,0.0,-0.14465702144160517,0.30393745828963675
2025-06-11,Ujjain,Madhya Pradesh,Soybean,5333.71,1301.9,0.0,41.0,27.75,26.4,-0.019,0.25608217491889207,False,1.2650393487616576,-0.06784875301689454,0.0,-0.13978835351702606,0.26961578796834773
2025-06-12,Ujjain,Madhya Pradesh,Soybean,3901.59,1251.6,0.0,39.8,27.61,33.9,-0.071,0.2581835208206202,False,0.5965678357714319,-0.0807980691874497,0.0,-0.13389718095944803,0.22995519115263607
2025-06-13,Ujjain,Madhya Pradesh,Soybean,5926.42,815.9,0.0,38.17,27.57,41.4,-0.117,0.2606232349062831,False,1.5416989516332305,-0.19296540627514075,0.0,-0.1270573852561448,0.19487081704642958
2025-06-14,Ujjain,Madhya Pradesh,Soybean,6441.48,752.3,14.01,39.85,27.36,67.6,0.102,0.2633749640926908,False,1.7821138173433282,-0.20933869670152852,14.01,-0.11934284789439013,0.3619029459433692
2025-06-15,Ujjain,Madhya Pradesh,Soybean,6441.48,0.0,17.76,39.54,29.09,74.8,0.271,0.2664123552966533,True,1.7821138173433282,-0.4030120675784392,17.76,-0.11082745036145791,0.4907998855944322
2025-06-16,Ujjain,Madhya Pradesh,Soybean,5048.65,800.9,8.13,41.72,28.28,73.1,0.44,0.2697090554349807,False,1.1319817212632677,-0.1968270313757039,8.13,-0.10158507414462178,0.6196968252454952
2025-06-17,Ujjain,Madhya Pradesh,Soybean,4675.94,725.0,17.24,38.43,26.93,71.1,0.59,0.2732387114244829,False,0.9580116505941988,-0.21636685438455344,17.24,-0.09168960073115573,0.7341023929831251
2025-06-18,Ujjain,Madhya Pradesh,Soybean,4000.47,1558.7,0.0,41.89,27.31,69.6,0.48,0.2769749701819701,False,0.6427221127904479,-0.0017377312952533606,0.0,-0.08121491160833329,0.6502049766421966
2025-06-19,Ujjain,Madhya Pradesh,Soybean,4647.12,556.4,32.39,40.35,27.21,82.5,0.925,0.28089147862425223,False,0.9445593218756709,-0.2597715205148833,32.39,-0.07023488826342826,0.9896081609304986
2025-06-20,Ujjain,Madhya Pradesh,Soybean,6342.95,985.1,0.0,39.95,29.28,67.7,0.9005000000000001,0.28496188366813924,False,1.7361229100346343,-0.14940627514078836,0.0,-0.05882341218371481,0.970921918200019
2025-06-21,Ujjain,Madhya Pradesh,Soybean,5848.4,1590.4,13.72,38.94,27.96,77.9,0.876,0.28915983223044134,False,1.505281509349415,0.0064231697506034495,13.72,-0.04705436485646613,0.9522356754695394
2025-06-22,Ujjain,Madhya Pradesh,Soybean,5848.4,0.0,0.0,41.45,28.62,72.0,0.654,0.2934589712279684,True,1.505281509349415,-0.4030120675784392,0.0,-0.0350016277689565,0.7829154352178472
2025-06-23,Ujjain,Madhya Pradesh,Soybean,4638.02,582.0,77.89,42.54,30.58,90.5,2.18,0.2978329475775305,False,0.9403117094072949,-0.25318101367658885,77.89,-0.02273908240845947,1.9468014110020022
2025-06-24,Ujjain,Madhya Pradesh,Soybean,6587.596800000006,503.8,0.0,40.14,28.06,75.6,1.842,0.30225540819593766,False,1.8503168438839075,-0.2733129525341914,0.0,-0.010340610262248843,1.689007531699876
2025-06-25,Ujjain,Madhya Pradesh,Soybean,4360.48,953.5,0.0,39.61,28.65,66.3,1.446,0.3067,False,0.8107641968278269,-0.1575414320193081,0.0,0.0021199071824017004,1.386976832872533
2025-06-26,Ujjain,Madhya Pradesh,Soybean,4550.83,915.2,0.0,41.09,30.4,74.3,1.254,0.3113367021567465,False,0.8996139807130388,-0.16740144810941265,0.0,0.015119010509952,1.240537706168367
2025-06-27,Ujjain,Madhya Pradesh,Soybean,4736.92,1340.1,32.66,42.24,30.88,76.2,1.712,0.31633811857249067,False,0.9864753218383294,-0.05801448109412709,32.66,0.02914059882305229,1.5898560396605965
2025-06-28,Ujjain,Madhya Pradesh,Soybean,4159.79,1057.9,0.0,38.74,28.3,68.4,1.54,0.32168183327296873,False,0.7170880049290975,-0.1306645213193885,0.0,0.04412182841171418,1.458670988654781
2025-06-29,Ujjain,Madhya Pradesh,Soybean,4159.79,0.0,0.0,41.63,31.01,69.2,1.3,0.32734543028391705,True,0.7170880049290975,-0.4030120675784392,0.0,0.05999985556594927,1.2756220802745732
2025-06-30,Ujjain,Madhya Pradesh,Soybean,4676.53,724.6,15.62,41.53,31.03,76.4,1.384,0.33330649363107195,False,0.958287045248742,-0.2164698310539018,15.62,0.07671183657576919,1.339689198207646
2025-07-01,Ujjain,Madhya Pradesh,Soybean,4434.44,558.9,0.0,40.34,29.91,57.9,1.078,0.3395426073401698,False,0.8452865504719049,-0.2591279163314561,0.0,0.09419492773118554,1.1063018400228812
2025-07-02,Ujjain,Madhya Pradesh,Soybean,6059.71,927.8,24.86,41.0,30.99,79.7,1.379,0.34603135543694685,False,1.60391480502992,-0.16415768302493963,24.86,0.11238628532220993,1.3358756792830584
2025-07-03,Ujjain,Madhya Pradesh,Soybean,4273.41,545.1,10.95,40.13,28.32,72.8,1.358,0.35275032194713946,False,0.7701224806056814,-0.2626806114239742,10.95,0.1312230656388538,1.3198588997997902
2025-07-04,Ujjain,Madhya Pradesh,Soybean,4932.83,1232.1,33.61,42.62,29.92,81.5,1.905,0.3596770908964839,False,1.0779203502646588,-0.0858181818181818,33.61,0.15064242497112879,1.7370578701496804
2025-07-05,Ujjain,Madhya Pradesh,Soybean,4450.45,1107.8,0.0,41.97,29.62,84.4,2.499,0.3667892463107167,False,0.8527595477926417,-0.11781818181818178,0.0,0.1705815196090468,2.190103918390695
2025-07-06,Ujjain,Madhya Pradesh,Soybean,4450.45,0.0,0.0,41.56,28.41,72.0,2.125,0.37406437221557387,True,0.8527595477926417,-0.4030120675784392,0.0,0.19097750584261883,1.9048527028315376
2025-07-07,Ujjain,Madhya Pradesh,Soybean,4421.49,575.4,0.0,40.97,29.85,60.0,1.872,0.3814800526367921,False,0.8392418711899848,-0.25488012872083665,0.0,0.21176753996185724,1.7118886452474018
2025-07-08,Ujjain,Madhya Pradesh,Soybean,5085.31,874.0,0.0,40.55,30.5,64.7,1.431,0.38901387160010736,False,1.1490935314930126,-0.17800804505229278,0.0,0.23288877825677287,1.3755362760987702
2025-07-09,Ujjain,Madhya Pradesh,Soybean,5262.95,810.7,25.82,42.98,28.99,79.4,1.743,0.39664341313125634,False,1.232010661040525,-0.19430410297666928,25.82,0.25427837701737815,1.61349985699304
2025-07-10,Ujjain,Madhya Pradesh,Soybean,6122.27,972.2,0.0,41.34,30.26,71.0,1.506,0.40434626125597506,False,1.6331159738235048,-0.15272727272727266,0.0,0.2758734925336839,1.432739059967585
2025-07-11,Ujjain,Madhya Pradesh,Soybean,4632.74,1140.0,0.0,41.6,30.73,66.1,1.257,0.4121,False,0.9378471606344345,-0.10952855993563954,0.0,0.2976112810957021,1.2428258175231193
2025-07-12,Ujjain,Madhya Pradesh,Soybean,6308.87,800.4,0.0,41.71,29.34,73.7,0.929,0.4200924360953271,False,1.7202153679552645,-0.19695575221238934,0.0,0.32001826328471966,0.9926589760701687
2025-07-13,Ujjain,Madhya Pradesh,Soybean,6308.87,0.0,12.68,41.41,29.09,72.5,1.071,0.42849584864693824,True,1.7202153679552645,-0.4030120675784392,12.68,0.3435774276152306,1.1009629135284582
2025-07-14,Ujjain,Madhya Pradesh,Soybean,4864.17,1246.1,0.0,40.57,29.15,74.4,0.886,0.43726453024004897,False,1.0458718808054595,-0.08221399839098952,0.0,0.3681606322770575,0.9598627133187148
2025-07-15,Ujjain,Madhya Pradesh,Soybean,6437.43,670.8,45.44,39.98,28.52,89.7,1.68,0.4463527734598748,False,1.7802233964096006,-0.23032019308125498,45.44,0.393639735460023,1.5654495185432356
2025-07-16,Ujjain,Madhya Pradesh,Soybean,4937.375,778.6,0.0,39.9,29.2,71.4,1.384,0.4557148708916312,False,1.0800418226458426,-0.20256798069187446,0.0,0.41988659535394984,1.339689198207646
2025-07-17,Ujjain,Madhya Pradesh,Soybean,6364.39,1029.7,0.0,42.88,29.28,72.8,1.232,0.46530511512053374,False,1.7461304717183694,-0.13792437650844724,0.0,0.4467730701486605,1.223758222900181
2025-07-18,Ujjain,Madhya Pradesh,Soybean,4870.3,1432.4,0.0,40.49,28.98,67.0,1.01,0.4750777987317978,False,1.048733184589102,-0.034252614641995104,0.0,0.4741710180339775,1.0544379826484889
2025-07-19,Ujjain,Madhya Pradesh,Soybean,5399.37,758.7,21.65,39.74,31.99,81.0,1.242,0.4849872143106388,False,1.2956875064180957,-0.20769106999195489,21.65,0.5019522971997231,1.2313852607493565
2025-07-20,Ujjain,Madhya Pradesh,Soybean,5399.37,0.0,48.53,43.09,30.73,85.6,1.994,0.4949876544422725,True,1.2956875064180957,-0.4030120675784392,48.53,0.5299887658357207,1.8049385070073407
2025-07-21,Ujjain,Madhya Pradesh,Soybean,5269.55,691.3,0.0,40.19,29.42,68.5,1.698,0.5050334117119142,False,1.2350913470066003,-0.22504263877715203,0.0,0.5581522821317924,1.5791781866717511
2025-07-22,Ujjain,Madhya Pradesh,Soybean,4358.5,1950.9,0.0,42.31,29.9,63.9,1.451,0.5150787787047794,False,0.8098399910380045,0.09923089300080458,0.0,0.5863147042777606,1.3907903517971207
2025-07-23,Ujjain,Madhya Pradesh,Soybean,5184.49,1766.5,11.97,41.02,31.38,71.2,1.438,0.5250780480060836,False,1.1953878396923048,0.05175864843121485,11.97,0.6143478904634482,1.3808752025931927
2025-07-24,Ujjain,Madhya Pradesh,Soybean,4671.94,721.3,0.0,40.06,30.93,64.5,1.133,0.5349855122010422,False,0.956144568190517,-0.2173193885760257,0.0,0.6421236988786772,1.1482505481933454
2025-07-25,Ujjain,Madhya Pradesh,Soybean,4376.87,689.8,0.0,41.35,30.81,73.8,0.974,0.5447554638748707,False,0.8184145669769135,-0.22542880128720832,0.0,0.6695139877132706,1.0269806463914577
2025-07-26,Ujjain,Madhya Pradesh,Soybean,4796.05,1614.8,0.0,39.54,29.99,76.1,0.706,0.5543421956127849,False,1.0140754674707568,0.012704746580852811,0.0,0.6963906151570514,0.8225760320335589
2025-07-27,Ujjain,Madhya Pradesh,Soybean,4796.05,0.0,0.0,43.24,29.05,74.6,0.634,0.5637,True,1.0140754674707568,-0.4030120675784392,0.0,0.7226254393998417,0.7676613595194965
2025-07-28,Ujjain,Madhya Pradesh,Soybean,5756.76,935.5,0.0,41.75,28.68,82.4,0.416,0.573095647098464,False,1.4625066514810632,-0.16217538213998386,0.0,0.7489663565718496,0.6013919344074744
2025-07-29,Ujjain,Madhya Pradesh,Soybean,4825.67,2588.3,0.0,40.05,29.3,67.7,0.192,0.5827777947471248,False,1.0279012126700213,0.26332421560740155,0.0,0.7761104847609788,0.4305462865859472
2025-07-30,Ujjain,Madhya Pradesh,Soybean,4941.92,933.7,0.0,40.47,28.95,73.0,0.003,0.592673567196699,False,1.0821632950270261,-0.16263877715205144,0.0,0.8038535150935979,0.28639527123653347
2025-07-31,Ujjain,Madhya Pradesh,Soybean,5587.37,1136.9,46.32,41.39,30.23,78.0,0.3135,0.6027100886979019,False,1.3834403793911443,-0.11032662912308923,46.32,0.8319911386960727,0.5232147964534273
2025-08-01,Ujjain,Madhya Pradesh,Soybean,5038.04,1226.9,0.0,40.2,30.48,69.0,0.624,0.6128144835014496,False,1.1270292851875017,-0.08715687851971031,0.0,0.8603190466947703,0.7600343216703211
2025-08-02,Ujjain,Madhya Pradesh,Soybean,5257.1,590.6,2.01,40.53,30.44,63.2,0.465,0.6229138758580582,False,1.2292800530251404,-0.2509670152855993,2.01,0.8886329302160584,0.6387644198684336
2025-08-03,Ujjain,Madhya Pradesh,Soybean,5257.1,0.0,0.0,41.69,29.63,72.8,0.368,0.6329353900184437,True,1.2292800530251404,-0.4030120675784392,0.0,0.916728480386304,0.5647821527314328
2025-08-04,Ujjain,Madhya Pradesh,Soybean,5116.49,1232.0,16.0,43.0,31.31,73.0,0.62,0.6428061502333218,False,1.1636474388297127,-0.08584392598551886,16.0,0.9444013883318739,0.756983506530651
2025-08-05,Ujjain,Madhya Pradesh,Soybean,4271.09,2339.7,0.0,41.02,29.68,59.7,0.433,0.6524532807534088,False,0.7690395728115461,0.19932421560740146,0.0,0.9714473451791362,0.6143578987510725
2025-08-06,Ujjain,Madhya Pradesh,Soybean,5047.16,2547.9,3.23,42.4,29.34,67.5,0.529,0.6618039058294203,False,1.1312862330678963,0.2529235720032181,3.23,0.9976620420544569,0.6875774621031556
2025-08-07,Ujjain,Madhya Pradesh,Soybean,6051.36,2069.4,0.0,43.07,30.09,79.0,0.352,0.6707851497120724,False,1.600017270512234,0.12973773129525348,0.0,1.0228411700842035,0.5525788921727524
2025-08-08,Ujjain,Madhya Pradesh,Soybean,5066.43,2164.6,11.58,40.05,28.24,75.5,0.453,0.6793241366520809,False,1.1402809025476341,0.15424617860016093,11.58,1.0467804203947428,0.6296119744494232
2025-08-09,Ujjain,Madhya Pradesh,Soybean,4396.27,2194.7,0.0,42.66,29.4,73.8,0.225,0.6873479909001623,False,0.8274699166347709,0.16199517296862428,0.0,1.0692754841124434,0.45571551148822576
2025-08-10,Ujjain,Madhya Pradesh,Soybean,4396.27,0.0,0.0,42.39,30.71,70.6,0.093,0.6947838367070317,True,0.8274699166347709,-0.4030120675784392,0.0,1.09012205236367,0.35503861187911145
2025-08-11,Ujjain,Madhya Pradesh,Soybean,5447.73,1819.5,14.39,40.53,29.75,73.4,0.31,0.7015587983234057,False,1.3182605326786097,0.06540305711987132,14.39,1.1091158162747918,0.520545333206216
2025-08-12,Ujjain,Madhya Pradesh,Soybean,5473.34,3743.4,9.48,43.32,29.0,72.9,0.309,0.7076,False,1.3302145277681832,0.5606950925181015,9.48,1.126052466972175,0.5197826294212985
2025-08-13,Ujjain,Madhya Pradesh,Soybean,5442.31,3182.6,0.0,39.99,30.17,71.2,0.143,0.7133059343859851,False,1.315730636021621,0.4163218020917136,0.0,1.1420491879510541,0.393173801124988
2025-08-14,Ujjain,Madhya Pradesh,Soybean,4182.22,2762.8,24.17,39.89,30.96,71.8,0.566,0.7190832487413609,False,0.7275576695077439,0.30824778761061955,24.17,1.158246024349527,0.7157975021451043
2025-08-15,Ujjain,Madhya Pradesh,Soybean,4182.22,0.0,0.0,42.15,29.13,73.8,0.368,0.7248712992330866,False,0.7275576695077439,-0.4030120675784392,0.0,1.1744729597582515,0.5647821527314328
2025-08-16,Ujjain,Madhya Pradesh,Soybean,5918.35,2747.9,0.0,40.57,27.79,75.6,0.181,0.730609442028122,False,1.5379321128838024,0.3044119066773935,0.0,1.1905599777678884,0.4221565449518543
2025-08-17,Ujjain,Madhya Pradesh,Soybean,5918.35,0.0,32.72,40.03,29.34,78.8,0.811,0.7362370332934267,True,1.5379321128838024,-0.4030120675784392,32.72,1.206337061969097,0.9026599294498998
2025-08-18,Ujjain,Madhya Pradesh,Soybean,5212.5,3776.0,0.0,39.27,27.79,67.4,0.54,0.7416934291959605,False,1.2084620842240872,0.569087691069992,0.0,1.2216341959525372,0.6959672037372485
2025-08-19,Ujjain,Madhya Pradesh,Soybean,5093.88,1550.7,47.85,41.83,27.97,80.6,1.345,0.7469179859026825,False,1.1530937555429008,-0.003797264682220376,47.85,1.2362813633088678,1.3099437505958622
2025-08-20,Ujjain,Madhya Pradesh,Soybean,4848.92,4599.2,0.0,41.85,30.3,78.8,1.094,0.751850059580553,False,1.038753629141422,0.7810136765888979,0.0,1.2501085476287497,1.1185051005815616
2025-08-21,Ujjain,Madhya Pradesh,Soybean,3875.57,4686.1,34.24,40.78,28.25,78.0,1.65,0.7564290063965309,False,0.5844224647354812,0.8033853580048271,34.24,1.2629457325028413,1.5425684049957096
2025-08-22,Ujjain,Madhya Pradesh,Soybean,5223.55,2781.4,10.35,42.46,29.13,76.4,1.593,0.7605941825175763,False,1.2136198993642586,0.31303620273531785,10.35,1.2746229015218031,1.4990942892554104
2025-08-23,Ujjain,Madhya Pradesh,Soybean,5153.14,5900.1,19.01,39.5,29.69,74.8,1.699,0.7642849441106485,False,1.1807545813534481,1.1159195494770717,19.01,1.284970038276294,1.5799408904566687
2025-08-24,Ujjain,Madhya Pradesh,Soybean,5153.14,0.0,39.86,38.97,28.07,80.7,2.238,0.7674406473427074,True,1.1807545813534481,-0.4030120675784392,39.86,1.2938171263569747,1.991038230527219
2025-08-25,Ujjain,Madhya Pradesh,Soybean,6192.72,4705.5,0.0,40.94,27.79,66.2,1.928,0.7700006483807122,False,1.665999962658352,0.8083797264682221,0.0,1.3009941493545034,1.7546000572027838
2025-08-26,Ujjain,Madhya Pradesh,Soybean,5262.43,4399.0,0.0,41.21,29.66,73.8,2.27,0.7719043033916229,False,1.2317679403280466,0.7294738535800483,0.0,1.3063310908595405,2.01544475164458
2025-08-27,Ujjain,Madhya Pradesh,Soybean,5262.43,0.0,0.0,38.71,27.0,73.7,1.901,0.773090968542399,False,1.2317679403280466,-0.4030120675784392,0.0,1.3096579344627461,1.7340070550100102
2025-08-28,Ujjain,Madhya Pradesh,Soybean,5274.25,4745.4,34.95,37.95,27.47,75.5,2.311,0.7735,False,1.2372851688309263,0.81865164923572,34.95,1.310804663754779,2.046715606826199
2025-08-29,Ujjain,Madhya Pradesh,Soybean,5232.91,6019.9,8.98,41.15,26.74,75.0,2.129,0.7734180291193181,False,1.217988872188874,1.1467610619469026,8.98,1.3105748564667945,1.9079035179712078
2025-08-30,Ujjain,Madhya Pradesh,Soybean,5689.2,2716.4,0.0,41.8,28.79,70.5,1.732,0.7731768920454545,False,1.430971629682876,0.29630249396621083,0.0,1.3098988230203297,1.6051101153589473
2025-08-31,Ujjain,Madhya Pradesh,Soybean,5689.2,0.0,5.15,40.2,26.51,75.3,1.526,0.7727837521306818,True,1.430971629682876,-0.4030120675784392,5.15,1.308796646041617,1.4479931356659357
2025-09-01,Ujjain,Madhya Pradesh,Soybean,5201.45,4787.7,0.0,38.44,28.4,67.0,1.2445,0.7722457727272727,False,1.203304269083916,0.8295414320193081,0.0,1.307288408156888,1.2332920202116502
2025-09-02,Ujjain,Madhya Pradesh,Soybean,4458.8,8192.8,0.0,41.57,29.4,75.4,0.963,0.7715701171874999,False,0.8566570823103279,1.706156074014481,0.0,1.3053941919923757,1.0185909047573647
2025-09-03,Ujjain,Madhya Pradesh,Soybean,4244.97,7467.7,0.0,41.0,26.81,69.3,0.721,0.7707639488636363,False,0.7568475247155034,1.5194851166532581,0.0,1.3031340801743128,0.8340165888073219
2025-09-04,Ujjain,Madhya Pradesh,Soybean,4047.39,5319.0,25.56,39.17,26.9,90.6,1.117,0.7698344311079545,False,0.6646229893856365,0.966320193081255,25.56,1.300528155328931,1.1360472876346648
2025-09-05,Ujjain,Madhya Pradesh,Soybean,3483.96,6236.6,0.0,40.46,27.16,61.9,0.93,0.7687887272727272,False,0.40163042970901525,1.2025486725663719,0.0,1.2975965000824632,0.9934216798550862
2025-09-06,Ujjain,Madhya Pradesh,Soybean,4882.3,6594.7,6.76,40.31,27.42,84.2,0.842,0.7676340007102272,False,1.0543344318001475,1.2947385358004826,6.76,1.2943591970611417,0.9263037467823433
2025-09-07,Ujjain,Madhya Pradesh,Soybean,4882.3,0.0,0.0,40.72,28.9,69.4,0.594,0.7663774147727273,True,1.0543344318001475,-0.4030120675784392,0.0,1.2908363288911986,0.7371532081227952
2025-09-08,Ujjain,Madhya Pradesh,Soybean,3122.0757000000003,4770.6,9.66,40.18,26.71,74.0,0.672,0.7650261328125,False,0.23271347753433116,0.8251391794046663,9.66,1.2870479781988664,0.7966441033463628
2025-09-09,Ujjain,Madhya Pradesh,Soybean,4509.07,6303.7,0.0,39.17,27.32,67.0,0.502,0.7635873181818182,False,0.8801216404185997,1.2198230088495576,0.0,1.2830142276103778,0.6669844599103822
2025-09-10,Ujjain,Madhya Pradesh,Soybean,5221.11,4361.0,22.7,38.89,26.69,69.0,0.81,0.7620681342329545,False,1.2124809790980124,0.719691069991955,22.7,1.2787551597519642,0.9018972256649824
2025-09-11,Ujjain,Madhya Pradesh,Soybean,3679.05,8174.1,0.0,38.13,27.02,67.4,0.692,0.7604757443181819,False,0.49269270624259015,1.7013419147224458,0.0,1.2742908572498595,0.8118981790447134
2025-09-12,Ujjain,Madhya Pradesh,Soybean,3978.3,6486.0,0.0,38.72,25.02,68.2,0.477,0.7588173117897727,False,0.6323738085680413,1.2667546259050684,0.0,1.2696414027302947,0.6479168652874439
2025-09-13,Ujjain,Madhya Pradesh,Soybean,4652.04,6969.1,0.0,39.35,26.15,70.9,0.204,0.7571,False,0.9468558332321997,1.3911246983105392,0.0,1.2648268788195027,0.43969873200495757
2025-09-14,Ujjain,Madhya Pradesh,Soybean,4652.04,0.0,18.17,40.0,25.52,81.1,0.431,0.7549513706722599,True,0.9468558332321997,-0.4030120675784392,18.17,1.2588031460672797,0.6128324911812374
2025-09-15,Ujjain,Madhya Pradesh,Soybean,4017.84,6587.0,0.0,37.61,24.73,71.0,0.372,0.7520335868734069,False,0.6508299181284367,1.292756234915527,0.0,1.2506230707019568,0.5678329678711029
2025-09-16,Ujjain,Madhya Pradesh,Soybean,4521.91,8534.2,14.3,37.95,25.8,75.3,0.518,0.7484057139709007,False,0.8861149749344187,1.7940466613032986,14.3,1.2404522438675696,0.6791877204690628
2025-09-17,Ujjain,Madhya Pradesh,Soybean,3962.31,7886.1,0.0,37.24,27.69,71.9,0.326,0.7441268173322005,False,0.6249101466593228,1.6271987127916332,0.0,1.228456256708153,0.5327485937648965
2025-09-18,Ujjain,Madhya Pradesh,Soybean,3556.13,8263.3,40.07,38.11,27.48,73.2,1.053,0.7392559623247664,False,0.43531726397744575,1.7243057119871277,40.07,1.2148007003677432,1.0872342453999426
2025-09-19,Ujjain,Madhya Pradesh,Soybean,3562.42,25643.5,0.0,37.8,25.0,61.7,0.885,0.7338522143160577,False,0.4382532510572355,6.198693483507642,0.0,1.1996511659903752,0.9591000095337973
2025-09-20,Ujjain,Madhya Pradesh,Soybean,3562.42,0.0,0.0,34.9,26.34,62.5,0.674,0.7279746386735344,False,0.4382532510572355,-0.4030120675784392,0.0,1.1831732447200851,0.7981695109161978
2025-09-21,Ujjain,Madhya Pradesh,Soybean,3562.42,0.0,0.0,37.11,25.15,68.1,0.527,0.7216823007646559,True,0.4382532510572355,-0.4030120675784392,0.0,1.165532527700908,0.6860520545333205
2025-09-22,Ujjain,Madhya Pradesh,Soybean,4850.17,24272.5,0.0,34.93,26.33,60.6,0.353,0.7150342659568819,False,1.0393370923925729,5.845740949316171,0.0,1.1468946060768799,0.55334159595767
2025-09-23,Ujjain,Madhya Pradesh,Soybean,5795.92,15446.0,0.0,34.51,25.95,66.6,0.245,0.708089599617672,False,1.4807853882131088,3.5734320193081253,0.0,1.1274250709920357,0.47096958718657633
2025-09-24,Ujjain,Madhya Pradesh,Soybean,4166.54,10968.5,0.0,37.81,24.98,68.6,0.519,0.7009073671144859,False,0.7202387064853107,2.420736926790024,0.0,1.107289513590411,0.6799504242539803
2025-09-25,Ujjain,Madhya Pradesh,Soybean,4596.28,7286.7,24.33,35.26,23.19,79.7,0.859,0.6935466338147832,False,0.9208287045248741,1.4728881737731294,24.33,1.0866535250160418,0.9392697111259414
2025-09-26,Ujjain,Madhya Pradesh,Soybean,4596.28,0.0,0.65,35.48,24.29,72.4,0.684,0.6860664650860238,False,0.9208287045248741,-0.4030120675784392,0.65,1.0656826964129638,0.8057965487653732
2025-09-27,Ujjain,Madhya Pradesh,Soybean,3122.0757000000003,15759.4,0.0,34.09,23.03,68.5,0.471,0.678525926295667,False,0.23271347753433116,3.6541142397425586,0.0,1.0445426189252118,0.6433406425779387
2025-09-28,Ujjain,Madhya Pradesh,Soybean,3122.0757000000003,0.0,0.0,34.46,22.79,25.5,0.235,0.6709840828111725,True,0.23271347753433116,-0.4030120675784392,0.0,1.0233988836968213,0.463342549337401
2025-09-29,Ujjain,Madhya Pradesh,Soybean,3738.81,10444.6,0.0,36.95,25.27,33.8,0.105,0.6635,False,0.5205869173535974,2.285863234111022,0.0,1.002417081871828,0.3641910572981218
2025-09-30,Ujjain,Madhya Pradesh,Soybean,4478.52,7759.6,0.0,35.57,24.76,36.6,-0.082,0.6557154762419529,False,0.8658617985604797,1.5946323411102175,0.0,0.9805929868004235,0.2215654495185432
2025-10-01,Ujjain,Madhya Pradesh,Soybean,4127.53,4402.2,16.88,37.16,23.0,44.1,0.227,0.6472799275026676,False,0.702029985343403,0.7302976669348351,16.88,0.9569437279134783,0.4572409190580608
2025-10-02,Ujjain,Madhya Pradesh,Soybean,4127.53,0.0,0.0,34.83,22.51,43.8,0.097,0.6382638455283539,False,0.702029985343403,-0.4030120675784392,0.0,0.9316669304760504,0.3580894270187816
2025-10-03,Ujjain,Madhya Pradesh,Soybean,4587.96,12686.0,51.02,34.09,23.57,55.9,1.169,0.6287377220652213,False,0.916945173125216,2.862893000804505,51.02,0.9049602197531966,1.1757078844503766
2025-10-04,Ujjain,Madhya Pradesh,Soybean,4163.33,15112.1,0.0,34.29,21.75,35.8,0.91,0.6187720488594789,False,0.7187403728563561,3.4874722445695903,0.0,0.8770212210099729,0.9781676041567355
2025-10-05,Ujjain,Madhya Pradesh,Soybean,4163.33,0.0,0.0,35.78,25.03,33.6,0.699,0.6084373176573366,True,0.7187403728563561,-0.4030120675784392,0.0,0.8480475595114368,0.8172371055391361
2025-10-06,Ujjain,Madhya Pradesh,Soybean,4726.41,20243.2,0.0,34.91,23.87,31.3,0.43,0.5978040202050035,False,0.9815695628226552,4.808431214802896,0.0,0.8182368605226447,0.6120697873963199
2025-10-07,Ujjain,Madhya Pradesh,Soybean,3760.16,18045.2,0.0,36.32,22.57,41.8,0.215,0.5869426482486895,False,0.5305524696832494,4.242574416733709,0.0,0.787786749308654,0.4480884736390504
2025-10-08,Ujjain,Madhya Pradesh,Soybean,4944.71,12102.2,0.0,34.81,22.95,35.8,-0.008,0.5759236935346039,False,1.0834655850035941,2.7125985518905873,0.0,0.7568948511345215,0.2780055296024406
2025-10-09,Ujjain,Madhya Pradesh,Soybean,3598.25,11616.8,0.0,34.16,24.03,38.2,-0.045,0.5648176478089564,False,0.454977641688216,2.587636363636363,0.0,0.725758791265304,0.24978548956049193
2025-10-10,Ujjain,Madhya Pradesh,Soybean,4013.21,14547.5,0.0,35.31,22.99,32.0,-0.166,0.5536950028179564,False,0.6486687702461749,3.3421206757843924,0.0,0.6945761949660584,0.15749833158547047
2025-10-11,Ujjain,Madhya Pradesh,Soybean,4334.42,12664.0,0.0,35.88,24.03,28.8,-0.17,0.5426262503078132,False,0.7986001549678395,2.8572292839903457,0.0,0.6635446875018411,0.15444751644580035
2025-10-12,Ujjain,Madhya Pradesh,Soybean,4334.42,0.0,0.0,33.06,21.71,33.0,-0.268,0.5316818820247364,True,0.7986001549678395,-0.4030120675784392,0.0,0.6328618941377092,0.07970254552388215
2025-10-13,Ujjain,Madhya Pradesh,Soybean,4817.07,11491.7,0.0,32.42,20.67,33.5,-0.366,0.5209323897149356,False,1.023886985502105,2.555430410297667,0.0,0.6027254401387196,0.004957574601963967
2025-10-14,Ujjain,Madhya Pradesh,Soybean,4245.69,16061.2,0.0,33.9,20.53,36.0,-0.427,0.5104482651246204,False,0.7571835995481659,3.731810136765889,0.0,0.5733329507699297,-0.04156735627800552
2025-10-15,Ujjain,Madhya Pradesh,Soybean,4204.96,20106.1,0.0,33.21,21.02,31.3,-0.456,0.5003,False,0.7381720329726753,4.7731359613837485,0.0,0.5448820512963954,-0.06368576604061399
2025-10-16,Ujjain,Madhya Pradesh,Soybean,5326.25,17695.2,0.0,35.26,21.68,35.1,-0.563,0.49013538418370695,False,1.2615572400787909,4.152469831053902,0.0,0.516385312274979,-0.14529507102678993
2025-10-17,Ujjain,Madhya Pradesh,Soybean,3980.13,14148.1,0.0,32.72,21.35,40.9,-0.565,0.47961448436948645,False,0.6332279987677257,3.2392984714400646,0.0,0.48688972270279496,-0.14682047859662498
2025-10-18,Ujjain,Madhya Pradesh,Soybean,5127.47,20841.7,0.0,30.81,22.5,26.6,-0.619,0.46882620758021687,False,1.1687725800278197,4.962510056315366,0.0,0.45664453550527845,-0.1880064829821718
2025-10-19,Ujjain,Madhya Pradesh,Soybean,5127.47,0.0,0.0,34.71,21.62,24.4,-0.713,0.4578594608387769,True,1.1687725800278197,-0.4030120675784392,0.0,0.42589900360786564,-0.25970063876441984
2025-10-20,Ujjain,Madhya Pradesh,Soybean,4143.02,11957.9,0.0,33.95,22.0,41.2,-0.797,0.44680315116804514,False,0.7092602619516615,2.67544971842317,0.0,0.3949023799359925,-0.32376775669749264
2025-10-21,Ujjain,Madhya Pradesh,Soybean,4143.02,0.0,0.0,30.79,19.62,27.7,-0.872,0.4357461855909,False,0.7092602619516615,-0.4030120675784392,0.0,0.36390391741509415,-0.3809705405663075
2025-10-22,Ujjain,Madhya Pradesh,Soybean,4143.02,0.0,0.0,33.9,19.12,33.1,-0.846,0.4247774711302201,False,0.7092602619516615,-0.4030120675784392,0.0,0.33315286897060653,-0.36114024215845164
2025-10-23,Ujjain,Madhya Pradesh,Soybean,4048.53,18890.0,0.0,31.2,20.28,38.0,-0.881,0.413985914808884,False,0.665155107870686,4.460061142397425,0.0,0.3028984875279656,-0.38783487463056526
2025-10-24,Ujjain,Madhya Pradesh,Soybean,3787.77,7810.0,0.0,31.2,19.45,34.7,-0.97,0.40346042364977036,False,0.5434400059746637,1.6076074014481094,0.0,0.2733900260126071,-0.45571551148822564
2025-10-25,Ujjain,Madhya Pradesh,Soybean,4204.96,8645.9,0.0,33.42,21.41,34.6,-0.933,0.39328990467575764,False,0.7381720329726753,1.8228028962188254,0.0,0.24487673734996657,-0.42749547144627703
2025-10-26,Ujjain,Madhya Pradesh,Soybean,4204.96,0.0,0.0,31.56,19.54,35.4,-1.046,0.38356326490972437,True,0.7381720329726753,-0.4030120675784392,0.0,0.21760787446547972,-0.5136809991419582
2025-10-27,Ujjain,Madhya Pradesh,Soybean,4635.2,12097.4,0.0,29.63,19.05,47.6,-0.944,0.3743694113745491,False,0.9389954163126989,2.7113628318584073,0.0,0.19183269028458227,-0.4358852130803698
2025-10-28,Ujjain,Madhya Pradesh,Soybean,3740.85,21157.0,0.0,30.51,19.76,43.9,-0.816,0.36579725109311056,False,0.5215391293794751,5.043681415929203,0.0,0.1678004377327104,-0.33825912861092566
2025-10-29,Ujjain,Madhya Pradesh,Soybean,4714.6,7373.5,0.0,31.94,20.34,31.5,-0.894,0.35793569108828716,False,0.9760570020257846,1.4952341110217218,0.0,0.14576036973529938,-0.3977500238344933
2025-10-30,Ujjain,Madhya Pradesh,Soybean,3661.0,14812.5,0.0,29.31,17.95,40.3,-0.826,0.35087363838295743,False,0.48426749689597554,3.4103427192276747,0.0,0.12596173921778497,-0.345886166460101
2025-10-31,Ujjain,Madhya Pradesh,Soybean,3562.49,6950.2,0.0,31.02,18.26,37.5,-0.807,0.3447,False,0.4382859249992998,1.3862590506838295,0.0,0.10865379910560304,-0.331394794546668
2025-11-01,Ujjain,Madhya Pradesh,Soybean,3562.49,0.0,0.0,31.33,17.55,34.9,-0.839,0.33920040953010927,False,0.4382859249992998,-0.4030120675784392,0.0,0.09323556813872916,-0.35580131566402895
2025-11-02,Ujjain,Madhya Pradesh,Soybean,3562.49,0.0,0.0,29.59,17.68,30.5,-0.865,0.33407565028716196,True,0.4382859249992998,-0.4030120675784392,0.0,0.0788681853145035,-0.3756316140718848
2025-11-03,Ujjain,Madhya Pradesh,Soybean,3877.61,12885.5,0.0,31.01,16.92,37.3,-0.846,0.3292873538788098,False,0.5853746767613589,2.914252614641995,0.0,0.06544408394440768,-0.36114024215845164
2025-11-04,Ujjain,Madhya Pradesh,Soybean,4900.38,13227.4,0.0,31.7,19.55,33.5,-0.827,0.32479715191270486,False,1.0627736442647897,3.0022719227674983,0.0,0.05285569733992426,-0.34664887024501856
2025-11-05,Ujjain,Madhya Pradesh,Soybean,4699.09,11791.3,21.09,29.69,19.76,39.4,-0.522,0.3205666759964988,False,0.9688173900055079,2.6325599356395815,21.09,0.04099545881253471,-0.11402421584517114
2025-11-06,Ujjain,Madhya Pradesh,Soybean,4089.58,6811.2,0.0,29.13,18.73,31.2,-0.44,0.31655755773784355,False,0.6843160410384712,1.3504746580852776,0.0,0.029755801673721285,-0.051482505481933456
2025-11-07,Ujjain,Madhya Pradesh,Soybean,3449.44,6235.1,0.0,28.38,19.3,40.0,-0.463,0.312731428744391,False,0.3855175085652406,1.2021625100563156,0.0,0.019029159234966068,-0.06902469253503672
2025-11-08,Ujjain,Madhya Pradesh,Soybean,3927.72,13716.7,0.0,29.81,17.76,31.2,-0.51,0.3090499206237932,False,0.6087645515734836,3.128238133547868,0.0,0.008707964807751468,-0.10487177042616073
2025-11-09,Ujjain,Madhya Pradesh,Soybean,3927.72,0.0,0.0,30.9,17.22,31.2,-0.591,0.30547466498370174,True,0.6087645515734836,-0.4030120675784392,0.0,-0.0013153482964411984,-0.16665077700448086
2025-11-10,Ujjain,Madhya Pradesh,Soybean,5037.05,11934.2,0.0,28.25,17.26,38.9,-0.631,0.30196729343176865,False,1.1265671822925907,2.66934835076428,0.0,-0.011148346766129372,-0.19715892840118218
2025-11-11,Ujjain,Madhya Pradesh,Soybean,5398.14,12091.0,0.0,28.42,18.23,34.3,-0.582,0.2984894375756458,False,1.2951133785789637,2.709715205148833,0.0,-0.020898597289831115,-0.15978644294022304
2025-11-12,Ujjain,Madhya Pradesh,Soybean,4608.1,4572.1,0.0,28.31,15.8,34.4,-0.597,0.2950027290229849,False,0.9263459330277544,0.7740370072405472,0.0,-0.030673666556064648,-0.17122699971398606
2025-11-13,Ujjain,Madhya Pradesh,Soybean,4254.63,4385.8,0.0,28.85,18.76,40.2,-0.604,0.2914687993814381,False,0.7613565287203952,0.7260756234915527,0.0,-0.0405811212533474,-0.17656592620840877
2025-11-14,Ujjain,Madhya Pradesh,Soybean,5098.86,5809.6,0.0,27.21,17.46,41.6,-0.704,0.2878492802586571,False,1.1554182731354847,1.0926210780370074,0.0,-0.050728528070197766,-0.25283630470016205
2025-11-15,Ujjain,Madhya Pradesh,Soybean,5402.3,6011.9,0.0,29.73,16.01,24.4,-0.74,0.2841058032622938,False,1.2970551442787928,1.1447015285599356,0.0,-0.061223453695133476,-0.2802936409571932
2025-11-16,Ujjain,Madhya Pradesh,Soybean,5402.3,0.0,0.0,27.21,15.7,34.4,-0.748,0.2802,True,1.2970551442787928,-0.4030120675784392,0.0,-0.07217346481667276,-0.28639527123653347
2025-11-17,Ujjain,Madhya Pradesh,Soybean,4126.67,7319.9,5.25,28.91,16.78,29.5,-0.605,0.2759714548110962,False,0.7016285626266116,1.4814352373290427,5.25,-0.08402829050475305,-0.17732862999332633
2025-11-18,Ujjain,Madhya Pradesh,Soybean,3703.21,9473.8,0.0,27.9,18.03,33.1,-0.656,0.271346858215332,False,0.5039698839608286,2.035938857602574,0.0,-0.09699345560795167,-0.21622652302412051
2025-11-19,Ujjain,Madhya Pradesh,Soybean,4151.89,5580.4,0.0,28.08,15.78,35.0,-0.624,0.26641850109100346,False,0.713400517181826,1.0336154465004022,0.0,-0.11081022048274523,-0.19182000190675946
2025-11-20,Ujjain,Madhya Pradesh,Soybean,5079.77,4481.7,0.0,26.11,17.58,33.2,-0.716,0.2612786743164063,False,1.1465076223639132,0.7507642799678198,0.0,-0.12521984548561133,-0.26198875011917244
2025-11-21,Ujjain,Madhya Pradesh,Soybean,4274.7,7632.2,0.0,28.47,17.28,29.9,-0.726,0.25601966876983645,False,0.7707246146808688,1.5618342719227676,0.0,-0.13996359097302677,-0.26961578796834773
2025-11-22,Ujjain,Madhya Pradesh,Soybean,5318.02,5007.6,0.0,25.87,15.25,29.6,-0.744,0.25073377532958985,False,1.2577157180332157,0.8861528559935641,0.0,-0.1547827173014686,-0.2833444560968634
2025-11-23,Ujjain,Madhya Pradesh,Soybean,5318.02,0.0,0.0,25.39,16.29,38.6,-0.843,0.2455132848739624,True,1.2577157180332157,-0.4030120675784392,0.0,-0.1694184848274138,-0.35885213080369904
2025-11-24,Ujjain,Madhya Pradesh,Soybean,4724.38,4548.8,0.0,27.21,16.03,42.7,-0.844,0.24045048828125,False,0.9806220185027866,0.7680386162510058,0.0,-0.18361215390733943,-0.3596148345886166
2025-11-25,Ujjain,Madhya Pradesh,Soybean,4716.71,5529.5,0.0,27.8,15.41,24.7,-0.877,0.23563767642974853,False,0.9770418879937266,1.0205116653258246,0.0,-0.1971049848977226,-0.38478405949089517
2025-11-26,Ujjain,Madhya Pradesh,Soybean,5125.37,3305.3,0.0,24.7,13.55,33.4,-0.79,0.23116714019775392,False,1.1677923617658865,0.4479098954143203,0.0,-0.2096382381550402,-0.3184288302030699
2025-11-27,Ujjain,Madhya Pradesh,Soybean,4396.76,5831.9,0.0,24.66,13.47,38.7,-0.819,0.22713117046356202,False,0.8276986342292219,1.0983620273531778,0.0,-0.22095317403576947,-0.34054723996567826
2025-11-28,Ujjain,Madhya Pradesh,Soybean,4368.51,4288.5,0.0,27.83,15.26,34.8,-0.801,0.22362205810546876,False,0.8145123647532185,0.7010265486725664,0.0,-0.23079105289638727,-0.32681857183716273
2025-11-29,Ujjain,Madhya Pradesh,Soybean,4402.77,3182.5,0.0,27.73,15.66,29.4,-0.829,0.22073209400177002,False,0.8305039255407539,0.4162960579243766,0.0,-0.23889313509337076,-0.3481742778148536
2025-11-30,Ujjain,Madhya Pradesh,Soybean,4402.77,0.0,0.0,25.06,15.4,32.6,-0.857,0.21855356903076173,True,0.8305039255407539,-0.4030120675784392,0.0,-0.24500068098319688,-0.36952998379254454
2025-12-01,Ujjain,Madhya Pradesh,Soybean,5482.49,2920.3,0.0,26.6,15.39,36.5,-0.878,0.21717877407073974,False,1.3344854787666052,0.3487948511665327,0.0,-0.24885495092234278,-0.3855467632758128
2025-12-02,Ujjain,Madhya Pradesh,Soybean,4523.7,2840.1,30.29,25.7,14.35,42.6,-0.264,0.2167,False,0.8869504943100663,0.32814802896218825,30.29,-0.2501972052672854,0.08275336066355228
2025-12-03,Ujjain,Madhya Pradesh,Soybean,5683.61,2298.2,0.0,26.44,13.96,34.8,-0.169,0.2167045166015625,False,1.4283623820237306,0.18864038616251005,0.0,-0.2501845428687927,0.15521022023071787
2025-12-04,Ujjain,Madhya Pradesh,Soybean,5254.62,1845.0,0.0,27.35,14.26,34.9,-0.269,0.2167361328125,False,1.2281224619348574,0.07196781979082868,0.0,-0.2500959060793444,0.07893984173896461
2025-12-05,Ujjain,Madhya Pradesh,Soybean,4877.88,3864.0,49.38,23.71,14.42,47.2,0.717,0.2168219482421875,False,1.0522713057440791,0.5917425583266291,49.38,-0.24985532050798465,0.8309657736676517
2025-12-06,Ujjain,Madhya Pradesh,Soybean,5496.01,4611.4,0.0,26.74,15.0,39.1,0.582,0.2169890625,False,1.3407962172910501,0.7841544650040225,0.0,-0.24938681176375774,0.7280007627037848
2025-12-07,Ujjain,Madhya Pradesh,Soybean,5496.01,0.0,0.0,25.34,13.93,32.6,0.368,0.2172645751953125,True,1.3407962172910501,-0.4030120675784392,0.0,-0.24861440545570795,0.5647821527314328
2025-12-08,Ujjain,Madhya Pradesh,Soybean,4422.07,2122.8,0.0,25.55,14.32,30.0,0.247,0.2176755859375,False,0.8395125981385188,0.14348511665325833,0.0,-0.2474621271928796,0.4724949947564114
2025-12-09,Ujjain,Madhya Pradesh,Soybean,5464.05,1424.5,0.0,25.84,13.51,46.1,0.147,0.2182491943359375,False,1.325878228885632,-0.03628640386162505,0.0,-0.24585400258431692,0.39622461626465816
2025-12-10,Ujjain,Madhya Pradesh,Soybean,3644.44,1201.4,0.0,26.94,12.93,34.6,0.043,0.2190125,False,0.47653777574473255,-0.09372164119066767,0.0,-0.24371405723906425,0.3169034226332348
2025-12-11,Ujjain,Madhya Pradesh,Soybean,4977.08,3173.1,0.0,22.94,12.97,22.0,0.07,0.2199926025390625,False,1.0985749493553898,0.4138761061946903,0.0,-0.24096631676616584,0.33749642482600817
2025-12-12,Ujjain,Madhya Pradesh,Soybean,5406.29,1180.5,0.0,22.72,13.47,41.3,-0.085,0.2212166015625,False,1.2989175589764654,-0.09910217216411903,0.0,-0.23753480677466599,0.2192773381637906
2025-12-13,Ujjain,Madhya Pradesh,Soybean,5991.9,1511.9,0.0,23.29,13.04,41.3,-0.086,0.2227115966796875,False,1.5722630905815027,-0.013786001609010388,0.0,-0.23334355287360894,0.21851463437887308
2025-12-14,Ujjain,Madhya Pradesh,Soybean,5991.9,0.0,0.0,26.82,13.89,37.3,-0.149,0.2245046875,True,1.5722630905815027,-0.4030120675784392,0.0,-0.22831658067203908,0.17046429592906853
2025-12-15,Ujjain,Madhya Pradesh,Soybean,4915.18,2138.7,0.0,25.51,14.7,38.2,-0.179,0.2266229736328125,False,1.0696818491584128,0.1475784392598552,0.0,-0.22237791577900057,0.14758318238154255
2025-12-16,Ujjain,Madhya Pradesh,Soybean,5585.12,2227.3,0.0,24.96,12.51,45.8,-0.238,0.2290935546875,False,1.3823901455390732,0.17038777152051499,0.0,-0.21545158380353774,0.10258365907140814
2025-12-17,Ujjain,Madhya Pradesh,Soybean,4487.38,1912.8,0.0,22.31,13.72,30.2,-0.201,0.2319435302734375,False,0.869997386084635,0.08942236524537413,0.0,-0.20746161035469493,0.13080369911335682
2025-12-18,Ujjain,Madhya Pradesh,Soybean,4727.1,1617.6,0.0,25.97,12.17,35.7,-0.296,0.2352,False,0.9818916345372904,0.013425583266291254,0.0,-0.19833202104151637,0.058346839546191256
2025-12-19,Ujjain,Madhya Pradesh,Soybean,6100.13,1183.0,0.0,25.58,11.81,44.8,-0.332,0.2388900634765625,False,1.6227816727191255,-0.09845856798069183,0.0,-0.1879868414730463,0.030889503289160056
2025-12-20,Ujjain,Madhya Pradesh,Soybean,5015.87,1357.6,0.0,24.83,11.13,45.9,-0.317,0.2430408203125,False,1.1166809809650948,-0.05350925181013674,0.0,-0.17635009725832912,0.04233006006292305
2025-12-21,Ujjain,Madhya Pradesh,Soybean,5015.87,0.0,45.29,23.28,10.9,46.8,0.566,0.2476793701171875,True,1.1166809809650948,-0.4030120675784392,45.29,-0.163345814006409,0.7157975021451043
2025-12-22,Ujjain,Madhya Pradesh,Soybean,4375.59,811.8,0.0,21.99,14.14,45.1,0.456,0.2528328125,False,0.8178171006077354,-0.19402091713596134,0.0,-0.14889801732633023,0.6319000858041758
2025-12-23,Ujjain,Madhya Pradesh,Soybean,5370.8,1152.8,0.0,24.21,10.63,39.0,0.3,0.25852824707031247,False,1.282351870349798,-0.10623330651649232,0.0,-0.1329307328271373,0.5129182953570407
2025-12-24,Ujjain,Madhya Pradesh,Soybean,5631.94,1287.2,0.0,24.76,11.63,42.5,0.099,0.26479277343749996,False,1.4042443450741697,-0.07163314561544644,0.0,-0.1153679861178742,0.35961483458861665
2025-12-25,Ujjain,Madhya Pradesh,Soybean,5631.94,0.0,0.0,21.88,11.7,38.8,-0.102,0.27165349121093746,False,1.4042443450741697,-0.4030120675784392,0.0,-0.09613380280758536,0.20631137382019257
2025-12-26,Ujjain,Madhya Pradesh,Soybean,4285.53,1217.7,0.0,24.23,13.83,36.5,-0.195,0.2791375,False,0.7757797402888376,-0.08952534191472239,0.0,-0.07515220850531497,0.13537992182286204
2025-12-27,Ujjain,Madhya Pradesh,Soybean,5845.74,1681.7,0.0,22.6,10.8,46.0,-0.215,0.28727189941406245,False,1.5040398995509665,0.0299275945293645,0.0,-0.05234722882010753,0.12012584612451138
2025-12-28,Ujjain,Madhya Pradesh,Soybean,5845.74,0.0,0.0,24.69,13.24,32.4,-0.409,0.29608378906249994,True,1.5040398995509665,-0.4030120675784392,0.0,-0.027642889361007138,-0.02783868814948992
2025-12-29,Ujjain,Madhya Pradesh,Soybean,5071.49,2130.3,0.0,23.62,10.76,44.5,-0.448,0.30560026855468747,False,1.1426427617882915,0.1454159292035399,0.0,-0.0009632157370579827,-0.05758413576127372
2025-12-30,Ujjain,Madhya Pradesh,Soybean,4061.4,720.5,0.0,21.71,13.57,45.3,-0.443,0.3158484374999999,False,0.6711624455045324,-0.2175253419147224,0.0,0.02776776644269525,-0.053770616836686054
